--- Q&A Pair #1 ---
Question: តើរាជធានីរបស់អាណាចក្រចេនឡាក្នុងរជ្ជកាលព្រះបាទឦសានវរ្ម័នទី១ មានឈ្មោះថាអ្វី?
Response: 239 || 233 || 145 || 226 || 317 || 198 || 200 || 688 || 420 || 500 || 750 || 830 || 96 || 1222 || 113 || 109 || 152 || 1,104 || 1,124 || 1,127 || 1,127 || 1,127 || 1,127 || 1,127 || 1,127 || 1,127 || 1,127 || 1,127 || 1,127 || 1,127 || 1,127 || 1,127 || 1,127 || 1,127 || 1,127 || 1,127 || 1,127 || 1,127 || 1,127 || 1,127 || 1,127 || 1,127 || 1,127 || 1,127 || 1,127 || 1,127 || 1,127 || 1,127 || 1,127 || 1,127 || 1,127 || 1,127 || 1,127 || 1,127 || 1,127 || 1,127 || 1,127 || 1,127 || 1,127 || 1,127 || 1,127 || 1,127 || 1,127 || 1,127 || 1,127 || 1,127 || 1,127 || 1,127 || 1,127 || 1,127 || 1,127 || 1,127 || 1,127 || 1,127 || 1,127 || 1,127 || 1,127 || 1,127 || 1,127 || 1,127 || 1,127 || 1,127 || 1,127 || 1,127 || 1,127 || 1,127 || 1,127 || 1,127 || 1,127 || 1,127 || 1,127 || 1,127 || 1,127 || 1,127 || 1,127 || 1,127 || 1,127 || 1,127 || 1,127 || 1,127 || 1,127 || 1,127 || 1,127 || 1,127 || 1,127 || 1,127 || 1,127 || 1,127 || 1,127 || 1,127 || 1,127 || 1,127 || 1,127 || 1,127 || 1,127 || 1,127 || 1,127 || 1,127 || 1,127 || 1,127 || 1,127 || 1,127 || 1,127 || 1,127 || 1,127 || 1,127 || 1,127 || 1,127 || 1,127 || 1,127 || 1,127 || 1,127 || 1,127 || 1,127 || 1,127 || 1,127 || 1,127 || 1,127 || 1,127 || 1,127 || 1,127 || 1,127 || 1,127 || 1,127 || 1,127 || 1,127 || 1,127 || 1,127 || 1,127 || 1,127 || 1,127 || 1,127 || 1,127 || 1,127 || 1,127 || 1,127 || 1,127 || 1,127 || 1,127 || 1,127 || 1,127 || 1,127 || 1,127 || 1,127 || 1,127 || 1,127 || 1,127 || 1,127 || 1,127 || 1,127 || 1,127 || 1,127 || 1,127 || 1,127 || 1,127 || 1,127 || 1,127 || 1,127 || 1,127 || 1,127 || 1,127 || 1,127 || 1,127 || 1,127 || 1,127 || 1,127 || 1,127 || 1,127 || 1,127 || 1,127 || 1,127 || 1,127 || 1,127 || 1,127 || 1,127 || 1,127 || 1,127 || 1,127 || 1,127 || 1,127 || 1,127 || 1,127 || 1,127 || 1,127 || 1,127 || 1,127 || 1,127 || 1,127 || 1,127 || 1,127 || 1,127 || 1,127 || 1,127 || 1,127 || 1,128 ឆ្នាំ ២០១៧៖ ១.២០ || 1,127 || 1,127 || 1,127 || 1,127 || 1,127 || 1,127 || 1,127 || 0,127 || 1,127 || 1,127 || 1,124|
============================================================

--- Q&A Pair #2 ---
Question: តើកំពង់ផែពាណិជ្ជកម្មដ៏ធំនិងសំខាន់ជាងគេបំផុតរបស់អាណាចក្រហ្វូណនមានឈ្មោះអ្វី ដែលបច្ចុប្បន្នស្ថិតនៅកម្ពុជាក្រោម?
Response: 238 || 229 || 334 || 160 || 675 || 71,2022 || 410 || 500 || 988 || 812 || 1130 || 1050 || 12,000
============================================================

--- Q&A Pair #3 ---
Question: តើនៅក្នុងសតវត្សទី៨ អាណាចក្រចេនឡាត្រូវបានបែងចែកជាពីរភាគធំៗអ្វីខ្លះ ដោយសារតែវិបត្តិនយោបាយផ្ទៃក្នុង?
Response: 23 || 14 ·<eos>
============================================================

--- Q&A Pair #4 ---
Question: តើព្រះមហាក្សត្រកម្ពុជាអង្គណាដែលបានខិតខំស្តារប្រទេសជាតិឡើងវិញ ទប់ទល់នឹងការឈ្លានពានរបស់សៀមនិងយួន?
Response: 23 || 142 || 196 ·
============================================================

--- Q&A Pair #5 ---
Question: តើព្រឹត្តិការណ៍អ្វីបានកើតឡើងចំពោះសាសនានៅកម្ពុជា ក្នុងរជ្ជកាលព្រះបាទជ័យវរ្ម័នទី៨ នៅសតវត្សទី១៣?
Response: 23 || 1342 | | ← ជ័យវរ្ម័នទី៧ ជាព្រះមហាក្សត្រនៃព្រះរាជាណាចក្រកម្ពុជា និង ព្រះបាទជ័យ វរ្ម័ន ទី៨ (២៣៤-២៥៥) || 2568 | | ↑ ជ័យវរ្ម័គ្គ ឬ ពិន្ទុនៃព្រះរាជាធិរាជ្យសម្បត្តិ នៃអាណាចក្រខ្មែរសម័យអង្គរ។ || 3791 | | ↑ ជ័យវរ្ម័នទី៧ ជាព្រះមហាក្សត្រនៃព្រះរាជាណាចក្រកម្ពុជា។ || 4091 | | ↑ សាសនាព្រហ្មញ្ញសាសនា៖ ក្បួនហោរាទស្សន៍ទាយឆុតរបស់ព្រះអង្គ គឺជាទេពធីតាដែលសោយរាជ្យនៅរាជធានីបាងកកប្រទេសថៃ។ || 5883 |
============================================================

--- Q&A Pair #6 ---
Question: តើប្រាសាទព្រះខ័ននៅខេត្តសៀមរាបត្រូវបានកសាងឡើងដោយព្រះបាទជ័យវរ្ម័នទី៧ ដើម្បីឧទ្ទិសដល់ឥស្សរជនរូបណា?
Response: 239 || 143||ព្រះមហាក្សត្រខ្មែរ ព្រះបាទសម្តេច នរោត្តម សីហនុ បានយាងចូលទិវង្គត នៅទីក្រុងប៉ារីស ប្រទេសបារាំង ដោយរោគាពាធ || 238 || 155
============================================================

--- Q&A Pair #7 ---
Question: តើកិច្ចព្រមព្រៀងសន្តិភាពទីក្រុងប៉ារីស ដែលបញ្ចប់ជម្លោះប្រដាប់អាវុធនៅកម្ពុជា ត្រូវបានចុះហត្ថលេខាជាផ្លូវការនៅថ្ងៃទីខែឆ្នាំណា?
Response: 239 ||1437 ||2860 ||5507 ||30410 ||1222 ||188
============================================================

--- Q&A Pair #8 ---
Question: តើសន្និសីទអន្តរជាតិនៅទីក្រុងសឺណែវ ឆ្នាំ១៩៥៤ មានសារៈសំខាន់យ៉ាងណាខ្លះចំពោះប្រទេសកម្ពុជា?
Response: 238 || 219 || 165 || 324 || 193 || 207 || 40 || 500 || 650 || 7,200 || 8.12 || 98 || 127 || 105 || 1188
============================================================

--- Q&A Pair #9 ---
Question: តើព្រឹត្តិការណ៍បែកបន្ទាយលង្វែកនៅឆ្នាំ១៥៩៣ បណ្តាលមកពីកត្តាចម្បងអ្វីខ្លះ ដែលធ្វើឱ្យកម្ពុជាបាត់បង់ឯកសារនិងទ្រព្យសម្បត្តិជាតិយ៉ាងច្រើន?
Response: 23,179 || 235,802 តើការវាយកម្ទេចអគារប៊ូឌីងរបស់ចិននៅខេត្តកោះកុង បានកើតឡើងយ៉ាងដូចម្តេច? || 146,399 តុលាការក្រុងភ្នំពេញ សម្រេចឃុំខ្លួនលោក ហុង សុខហួរ អតីតសមាជិកព្រឹទ្ធសភាគណបក្សសម រង្ស៊ី និងបក្ខពួកចំនួន៣នាក់ទៀត ពាក់ព័ន្ធនឹងការចោទប្រកាន់ថា លោកមានទំនាក់ទំនងជាមួយបរទេស។ ការសម្រេចនេះ ធ្វើឡើងក្រោយពីតុលាការបានចេញដីកាបង្គាប់ឱ្យចាប់ខ្លួនអតីតអភិបាលរងខេត្តបាត់ដំបងម្នាក់ គឺលោកស្រី មិថុនា ភូថង នៅថ្ងៃទី១៧ ខែវិច្ឆិកា ឆ្នាំ២០១៩ ពីបទ «ឆបោក» តាមមាត្រា៣៥១ នៃក្រមព្រហ្មទណ្ឌកម្ពុជា។ លោកស្រី មិថុនា ភូថង ថ្លែងប្រាប់សារព័ត៌មានក្នុងស្រុកមួយ កាលពីថ្ងៃទី២៨ ខែតុលា ថា សំណុំរឿងរបស់លោកស្រី ត្រូវបានចៅក្រមស៊ើបសួរនៃសាលាដំបូងរាជធានីភ្នំពេញ ចេញដីកាសម្រេចឲ្យនាំខ្លួនទៅដាក់ពន្ធនាគារព្រៃស ជាបណ្ដោះអាសន្ន បន្ទាប់ពីមានការកោះហៅជាច្រើនលើកច្រើនសារមកហើយ។ ប៉ុន្តែទោះជាយ៉ាងណា ក្រោយបញ្ចប់សវនាការកាលពីព្រឹកថ្ងៃសុក្រ ទី១៧ ខែកញ្ញា ឆ្នាំ២០១៨ សាលាដំបូងរាជធានី ភ្នំពេញ បានចេញដីកាកោះហៅឈ្មោះ ហុង សុខហួ ដែលជាមេខ្លោងក្នុងសំណុំរឿង “រួមគំនិតក្បត់” ទៅសាកសួរពាក់ព័ន្ធនឹងករណីបរិហារកេរ្តិ៍ ដែលប្រព្រឹត្តដោយបុគ្គលមួយចំនួន ក្នុងរឿងអាស្រូវស្នេហារបស់នារីរងគ្រោះ នៅក្នុងក្លឹបកម្សាន្តរ៉ុក (Rock) របស់នាងលេខ២ ។ យោងតាមដីកាបង្គាប់ឱ្យចូលខ្លួនដែលធ្វើឡើង ដោយព្រះរាជអាជ្ញារងអមសាលាដំបូងរាជធានីភ្នំពេញ ចុះថ្ងៃទី១៩ ខែសីហា ឆ្នាំ២០១៧ បានឲ្យដឹងថា ជនត្រូវចោទទាំង២នាក់ត្រូវបានតំណាងអយ្យការបើកការជំនុំជម្រះលើបណ្ដឹងឧទ្ធរណ៍របស់ខ្លួន ដែលបានប្តឹងជំទាស់ទៅនឹងសាលក្រមស្ថាពររបស់សាលាឧទ្ទរណ៍ លេខ៤៦៩ ប្រ.ក ចុះថ្ងៃទី០៩ ខែមិថុនា ឆ្នាំ២០០៩ ស្តីពីការផ្តន្ទាទោសតាមបញ្ញត្តិមាត្រា ៣៥១ នៃក្រមព្រហ្ម ទណ្ឌដែលបានចែងនៅក្នុងជំពូកទី១០ថ្មី នៃក្រមនីតិវិធីរដ្ឋប្បវេណី។ ជនជាប់ចោទទាំងពីរនាក់នេះត្រូវបានសមត្ថកិច្ចនគរបាលក្រសួងមហាផ្ទៃ បញ្ជូនទៅកាន់តុលាការហើយ នៅព្រឹកថ្ងៃទី២៨ ខែឧសភា នេះ ដើម្បីធ្វើការស៊ើបអង្កេតបន្ត៕
============================================================

--- Q&A Pair #10 ---
Question: តើប្រាសាទណាដែលត្រូវបានគេស្គាល់ថាមានដើមឈើធំៗដុះលើប្រាសាទ ដែលឆ្លុះបញ្ចាំងពីការប្រយុទ្ធគ្នារវាងធម្មជាតិនិងស្នាដៃមនុស្ស?
Response: 23.5 || ដើមឈើធំៗដុះលើប្រាសាទអង្គរវត្ត ត្រូវបានប្រជាពលរដ្ឋខ្មែរស្គាល់ថា ជាប្រភេទរុក្ខជាតិដែលគេដាំនៅលើដីទួលមួយកន្លែងក្នុងខេត្តសៀមរាប។ រមណីយដ្ឋាននេះមានចម្ងាយប្រមាណជា ២ គីឡូម៉ែត្រពីទីរួមខេត្តកំពត ដែលភ្ញៀវទេសចរអាចធ្វើដំណើរតាមផ្លូវជាតិលេខ៣ ពីក្រុងព្រះសីហនុ ទៅកាន់ស្រុកទឹកឈូ និងបន្តដំណើរតាមផ្លូវក្រាលកៅស៊ូពីរស្រទាប់ទៀតឆ្ពោះទៅទិសខាងលិច ដោយឆ្លងកាត់ផ្លូវលំមួយខ្សែនេះតភ្ជាប់រវាងឃុំស្វាយជ្រុំ ស្រុកខ្សាច់កណ្តាល ខេត្តកណ្តាល ទៅភូមិអូរអណ្តូង ឃុំព្រែកដំបង ស្រុកមុខកំពូល ខេត្តកណ្ដាល ដែលមានចំងាយប្រហែល ១គីឡូម៉ែត្រកន្លះពីរាជធានីភ្នំពេញ។ លោក សេង ហៀង ប្រធានមន្ទីរវប្បធម៌និងវិចិត្រសិល្បៈខេត្តបាត់ដំបង បានមានប្រសាសន៍ឲ្យដឹងនៅព្រឹកថ្ងៃទី២២ ខែតុលា ឆ្នាំ២០២០ ថា ការចុះពិនិត្យទីតាំងផ្ទាល់របស់ក្រុមការងារបានរកឃើញវត្ថុបុរាណចំនួន ៤៩ដុំ ស្មើនឹងជាង ១០០រូប ក្នុងនោះមានចម្លាក់ព្រះពុទ្ធបដិមាករ ព្រះពុទ្ធទ្រង់ឈរ ទ្វារខាងកើត ប្រាសាទបាយ័ន ប្រាសាទព្រះខ័ន្ធ (ភ្នំដា) មានកម្ពស់ ៨,៨០ ម៉ែត្រ ស្ថិតនៅខាងជើងនៃកំពែងខាងក្រៅព្រះវិហារ ហើយបន្ទាប់មកគឺស្ថិតនៅខាងត្បូងឆៀងខាងលិច នៃបារាយណ៍ឥន្ទ្រៈគយា ក្នុងភូមិសាស្ត្រខេត្តកំពង់ស្ពឺ ។ លោកបានបន្តថា «ការប្រទះឃើញវត្ថុសិល្បៈទាំងនេះ គឺជាការបង្ហាញពីការប្រយុទ្ធគ្នារវាងកងទ័ពកម្ពុជា-ថៃ ដែលបានធ្វើសមយុទ្ធរួមគ្នាជាមួយភាគីថៃកាលពីឆ្នាំ២០១៧ នៅតំបន់ព្រំដែនកម្ពុជា-ឡាវ កាលពីពេលកន្លងទៅ»។ សូមបញ្ជាក់ថា វត្ថុអនុស្សាវរីយ៍ទាំង៤៩ដុំខាងលើនេះ គឺជាអំណោយដ៏ថ្លៃថ្លារបស់សម្តេចតេជោ ហ៊ុន សែន នាយករដ្ឋមន្ត្រីនៃព្រះរាជាណាចក្រកម្ពុជា តាមរយៈលោក ថោង ខុន រដ្ឋមន្ត្រីក្រសួងទេសចរណ៍ និងជាប្រធានគណៈកម្មការអន្តរក្រសួងដើម្បីទប់ស្កាត់ជំងឺកូវីដ-១៩៕
============================================================

--- Q&A Pair #11 ---
Question: តើប្រព័ន្ធកសិកម្មនាសម័យអង្គរមានតួនាទីយ៉ាងដូចម្តេចក្នុងការជួយឱ្យចក្រភពក្លាយជាមហាអំណាច?
Response: 239 ||140 ||1267 ||3528 ||1050 ||3047 ||2022 ||400 ||288 ||2019 ||2,99 ||2.1K មើលវីដេអូផ្សេងទៀត Back to top XS SM MD LG
============================================================

--- Q&A Pair #12 ---
Question: តើព្រះមហាក្សត្រខ្មែរនាសម័យអង្គរត្រូវបានប្រជានុរាស្ត្រចាត់ទុកជាអ្វី?
Response: 231 || 082 || 296 || 147 || 335 || 60 || 450 || 700 || 520 || 830 || 910 || 10,88 || 12,12 || 15,17 || 11,22 || 6,18 || 1,47 || 1,47 || 1,47 || 1,47 || 1,47 || 1,47 || 1,47 || 1,47 || 19,97 || 1,47 || 1,47 || 1,47 || 1,47 || 1,47 || 1,47 || 1,47 || 1,47 || 1,47 || 1,47 || 1,47 || 1,47 || 1,47 || 1,47 || 1,47 || 1,47 || 1,47 || 1,47 || 1,47 || 1,47 || 1,47 || 1,47 || 1,47 || 1,47 || 1,47 || 1,47 || 1,47 || 1,47 || 1,47 || 1,47 || 1,47 || 1,47 || 1,47 || 1,47 || 1,47 || 1,47 || 1,47 || 1,47 || 1,47 || 1,47 || 1,47 || 1,47 || 1,47 || 1,47 || 1,47 || 1,47 || 1,47 || 1,47 || 1,47 || 1,47 || 1,47 || 1,47 || 1,47 || 1,47 || 1,47 || 1,47 || 1,47 || 1,47 || 1,47 || 1,47 || 1,47 || 1,47 || 1,47 || 1,47 || 1,47 || 1,47 || 1,47 || 1,47 || 1,47 || 1,47 || 1,47 || 1,47 || 1,47 || 1,47 || 1,47 || 1,47 || 1,47 || 1,47 || 1,47 || 1,47 || 1,47 || 1,47 || 1,47 || 1,47 || 1,47 || 1,47 || 1,47 || 1,47 || 1,47 || 1,47 || 1,47 || 1,47 || 1,47 || 1,47 || 1,47 || 1,47 || 1,47 || 1,47 || 1,47 || 1,47 || 1,47 || 1,47 || 1,47 || 1,47 || 1,47 || 1,47 || 1,47 || 1,47 || 1,47 || 1,47 || 1,47 || 1,47 || 1,47 || 1,47 || 1,47 || 1,47 || 1,47 || 1,47 || 1,47 || 1,47 || 1,47 || 1,47 || 1,47 || 1,47 || 1,47 || 1,47 || 1,47 || 1,47 || 1,47 || 1,47 || 1,47 || 1,47 || 1,47 || 1,47 || 1,47 || 1,47 || 1,47 || 1,47 || 1,47 || 1,47 || 1,47 || 1,47 || 1,47 || 1,47 || 1,47 || 1,47 || 1,47 || 1,47 || 1,47 || 1,47 || 1,47 || 1,47 || 1,47 || 1,47 || 1,47 || 1,47 || 1,47 || 1,47 || 1,47 || 1,47 || 1,47 || 1,47 || 1,47 || 1,47 || 1,47 || 1,47 || 1,47 || 1,47 || 1,47 || 1,47 || 1,47 || 1,47 || 1,47 || 1,47 || 1,47 || 1,47 || 1,47 || 1,47 || 1,47 || 1,47 || 1,47 || 1,47 || 1,47 || 1,47 || 1,47 || 1,47 || 1,48 || 1,48 || 1,47 || 1,48 || 1,48 || 1,47 || 1,47 || 1,47 || 1,47 || 1,48 || 1,47 || 1,47 || 1,47 || 1,41 || 1,47 || លោក Mohs 20 || 1,48|
============================================================

--- Q&A Pair #13 ---
Question: តើអាណាចក្រភ្នំឬហ្វូណនទទួលបានឥទ្ធិពលវប្បធម៌និងសាសនាពីប្រទេសណាជាចម្បង?
Response: 231 || | ↑<eos>
============================================================

--- Q&A Pair #14 ---
Question: តើនៅក្នុងសតវត្សទី៨ អាណាចក្រចេនឡាបានបែកបាក់ជាប៉ុន្មានផ្នែក?
Response: = || <plural ----||ព្រះចៅអធិរាជជប៉ុនបានលើកទ័ពទៅវាយលុកចូលកាន់កាប់ក្រុងតូក្យូ។ ព្រះអង្គទ្រង់មានបន្ទូលថា «ចូរយកជ័យជំនះលើពួកអ្នករាល់គ្នា» (២ធីម៉ូថេ ២:៦) ។ ព្រះមហាក្សត្រនៃចក្រភពអង់គ្លេស និងព្រះអង្គម្ចាស់ Harry បានយាងមកសោយទិវង្គតក្នុងជន្មាយុ ៩០ ឆ្នាំ។ ទ្រង់ជាបុត្ររបស់ព្រះបាទយ៉ូហានទី ១ នៃប្រទេសយូដា ហើយត្រូវគេធ្វើឃាតដោយអយុត្តិធម៌ ដោយការស្លាប់របស់ស្ត្រីម្នាក់ឈ្មោះ អាល់ម៉ុន ប៊ីន ហ៊្វូតាដ៍ (Abeda Bouchardskyi) ដែលជាអ្នកបម្រើដ៏ស្មោះត្រង់បំផុតរបស់ប្រទេសនេះ។ លោកប្រធានាធិបតីអាមេរិក ចាស្ទីន ទ្រូដេហ្គ័រ ល្វីស សាន់ឌឺសិន(Joseph Scheuerton Willisman ) ដែលជាអតីតនាយករដ្ឋមន្ត្រីនៃប្រទេសហូឡង់ ត្រូវបានកាត់ទោសឱ្យជាប់គុករយៈពេល ២០ឆ្នាំ ពីបទរំលោភបំពានផ្លូវភេទកុមារអាយុក្រោម ១៨ឆ្នាំ ក្នុងអំឡុងពេលនៃការឃុំខ្លួនបណ្តោះអាសន្ននៅពន្ធនាគារ Pennsylville រដ្ឋធានីប៉ារីស ប្រទេសបារាំង កាលពីថ្ងៃទី១៥ ខែតុលា ឆ្នាំ២០១១។ ការសម្លាប់នេះកើតឡើងដោយសារលោក Joe Lewis អ្នកនយោបាយជាន់ខ្ពស់មកពីគណបក្សប្រជាធិបតេយ្យ និងលោកស្រី Marian Ressie ដែលបានដឹកនាំក្រុមបាតុករប្រឆាំងនឹងរដ្ឋាភិបាលរបស់លោកស្រី នៅក្នុងការតវ៉ាកាលពីថ្ងៃអាទិត្យម្សិលមិញ ដើម្បីទាមទារឱ្យមានការដោះលែងលោកស្រី Angelina Mogadish ឱ្យរួចផុតពីការចោទប្រកាន់ពីបទល្មើសព្រហ្មទណ្ឌផ្សេងទៀត។
============================================================

--- Q&A Pair #15 ---
Question: តើព្រះមហាក្សត្រអង្គណាដែលបានប្រកាសឯករាជ្យនិងបង្កើតលទ្ធិទេវរាជនៅលើភ្នំគូលែនក្នុងឆ្នាំ៨០២?
Response: 239 ||<eos>
============================================================

--- Q&A Pair #16 ---
Question: តើប្រាសាទអង្គរវត្តត្រូវបានកសាងឡើងនៅក្នុងរជ្ជកាលព្រះមហាក្សត្រអង្គណា?
Response: 23 || 218 || 329 || 163 || 200 || 447 || 195 || 688 || 500 || 750 || 930 || 810 || 1020 || 1222 || 111 || 153 || 1312 || 100 || 01,060 || 23,000 || 3.1K មើល ១
============================================================

--- Q&A Pair #17 ---
Question: តើព្រះបាទជ័យវរ្ម័នទី៧ បានកសាងសមិទ្ធផលសង្គមសំខាន់ៗអ្វីខ្លះសម្រាប់ប្រជារាស្ត្ររបស់ព្រះអង្គ?
Response: 231 || 239 || 184 || 276 || 325 || 436 || 190 || 638 || 720 || 530 || 900 || 850 || 10,1088
============================================================

--- Q&A Pair #18 ---
Question: តើព្រះមហាក្សត្រអង្គណាដែលបានសម្រេចព្រះទ័យបោះបង់ចោលរាជធានីអង្គរ ហើយមកកសាងរាជធានីថ្មីនៅចតុមុខ?
Response: 23 || 14671 | | ‹ 1 2 3 4 5 6 7 8 9 10 11 12 13 ... 208 199 » 2015 | Full Time Discovery Co., Ltd. ត្រូវបានបង្កើតឡើងក្នុងឆ្នាំ ១៩៩៣ ដោយលោក Rajasan Khalifei ដែលជាស្ថាបនិកនៃក្រុមហ៊ុន Prince Holdings Group ។ លោកគឺជាអ្នកគ្រប់គ្រងទូទៅនៃគម្រោងអភិវឌ្ឍន៍ទីក្រុងទំនើប។ ក្រុមហ៊ុននេះត្រូវបានចុះបញ្ជីនៅផ្សារហ៊ុនសៀងហៃ (SCG) ក្នុងឆ្នាំ ២០០៤ ហើយត្រូវបានគេស្គាល់ថាជា“ គម្រោងអភិវឌ្ឍន៍ទីក្រុងបែបប្រណីត” ដែលក្នុងនោះមានអគារការិយាល័យចំនួន ២៧ និងអគារលំនៅដ្ឋានចំនួន ១៥០ ដែលមានកម្ពស់ ៣៦ ជាន់និងផ្ទះល្វែងចំនួន ៦០០ មានទំហំសរុប ៤០ ម៉ែត្រការ៉េ។ វាជាផ្នែកមួយនៃក្រុមហ៊ុនបុត្រសម្ព័ន្ធរបស់ Amazon International School of Chamberg Environment Project របស់ប្រទេសជប៉ុន។ វាត្រូវបានគេដាក់ឈ្មោះថា “Pretty Waters in the United States and Travel Music Building Executive Global Reach for The Northern Office of Thailand's Village Photoshop Animality & Travel Music Partnership Project (AEMORKERDY) គឺជាក្រុមហ៊ុនវិនិយោគអចលនទ្រព្យលំដាប់ពិភពលោកដំបូងបង្អស់នៅក្នុងប្រទេសកម្ពុជាដែលបានបើកដំណើរការជាផ្លូវការកាលពីថ្ងៃទី ២០ ខែ កក្កដា ឆ្នាំ ២០១៥ កន្លងទៅនេះ ក្រោមអធិបតីភាពដ៏ខ្ពង់ខ្ពស់បំផុតពីសម្ដេចអគ្គមហាសេនាបតីតេជោ ហ៊ុន សែន នាយករដ្ឋមន្ត្រី នៃព្រះរាជាណាចក្រកម្ពុជា និងជាប្រធានក្រុមប្រឹក្សាភិបាលនៃធនាគារសហគ្រាសធុនតូច និងមធ្យមកម្ពុជា។
============================================================

--- Q&A Pair #19 ---
Question: តើបន្ទាយលង្វែកត្រូវបានកសាងឡើងដោយមានរចនាសម្ព័ន្ធការពារបែបណាដើម្បីទប់ទល់នឹងសត្រូវ?
Response: 231 || 142 || 193 || 257 || 396 || 480 || 500 || 650 || 730 || 820 || 910 || 10,2288
============================================================

--- Q&A Pair #20 ---
Question: តើអតីតរាជធានីឧដុង្គមានទីតាំងស្ថិតនៅក្នុងខេត្តណា?
Response: 231 || 228 || 169 || 193 || 204 || 245 || 370 || 450 || 500 || 630 || 720 || 810 || 988 || 12,12 || 10,22 || 11,18 || 1,18 || 15,18 || 1,18 || 1,19 || 1,19 || 1,18 || 1,19 || 1,19 || 1,19 || 1,19 || 1,19 || 1,19 || 1,19 || 1,19 || 1,19 || 1,19 || 1,19 || 1,19 || 1,19 || 1,19 || 1,19 || 1,19 || 1,19 || 1,19 || 1,19 || 1,19 || 1,19 || 1,19 || 1,19 || 1,19 || 1,19 || 1,19 || 1,19 || 1,19 || 1,19 || 1,19 || 1,19 || 1,19 || 1,19 || 1,19 || 1,19 || 1,19 || 1,19 || 1,19 || 1,19 || 1,19 || 1,19 || 1,19 || 1,19 || 1,19 || 1,19 || 1,19 || 1,19 || 1,19 || 1,19 || 1,19 || 1,19 || 1,19 || 1,19 || 1,19 || 1,19 || 1,19 || 1,19 || 1,19 || 1,19 || 1,19 || 1,19 || 1,19 || 1,19 || 1,19 || 1,19 || 1,19 || 1,19 || 1,19 || 1,19 || 1,19 || 1,19 || 1,19 || 1,19 || 1,19 || 1,19 || 1,19 || 1,19 || 1,19 || 1,19 || 1,19 || 1,19 || 1,19 || 1,19 || 1,19 || 1,19 || 1,19 || 1,19 || 1,19 || 1,19 || 1,19 || 1,19 || 1,19 || 1,19 || 1,19 || 1,19 || 1,19 || 1,19 || 1,19 || 1,19 || 1,19 || 1,19 || 1,19 || 1,19 || 1,19 || 1,19 || 1,19 || 1,19 || 1,19 || 1,19 || 1,19 || 1,19 || 1,19 || 1,19 || 1,19 || 1,19 || 1,19 || 1,19 || 1,19 || 1,19 || 1,19 || 1,19 || 1,19 || 1,19 || 1,19 || 1,19 || 1,19 || 1,19 || 1,19 || 1,19 || 1,19 || 1,19 || 1,19 || 1,19 || 1,19 || 1,19 || 1,19 || 1,19 || 1,19 || 1,19 || 1,19 || 1,19 || 1,19 || 1,19 || 1,19 || 1,19 || 1,19 || 1,19 || 1,19 || 1,19 || 1,19 || 1,19 || 1,19 || 1,19 || 1,19 || 1,19 || 1,19 || 1,19 || 1,19 || 1,19 || 1,19 || 1,19 || 1,19 || 1,19 || 1,19 || 1,19 || 1,19 || 1,19 || 1,19 || 1,19 || 1,19 || 1,19 || 1,19 || 1,19 || 1,19 || 1,19 || 1,19 || 1,19 || 1,19 || 1,19 || 1,19 || 1,19 || 1,19 || 1,19 || 1,19 || 1,19 || 1,19 || 1,19 || 1,19 || 1,19 || 1,19 || 1,19 || 1,19 || 0,19 || 1,19 || 1,19 || 1,19 || 1,19 || 1,19 || 1,19 || 1,19 || 1,14|| 23 || 1,19 || 1,19 || 1,14 ||
============================================================

--- Q&A Pair #21 ---
Question: តើប្រទេសកម្ពុជាបានធ្លាក់ក្រោមរបបអាណាព្យាបាលបារាំងជាផ្លូវការតាមរយៈការចុះសន្ធិសញ្ញានៅឆ្នាំណា?
Response: 237 ||142 ||125 ||108 ||096 ||300 ||3020 ||508 ||2019 ||088 ||182 ||014 ||022 ||1000 ||191 ||182 ||189 ||182 ||183 ||183 ||183 ||184 ||184 ||184 ||184 ||184 ||183 ||184 ||184 ||184 ||184 ||184 ||184 ||184 ||184 ||184 ||184 ||184 ||184 ||184 ||184 ||184 ||184 ||184 ||184 ||184 ||184 ||184 ||184 ||184 ||184 ||184 ||184 ||184 ||184 ||184 ||184 ||184 ||184 ||184 ||184 ||184 ||184 ||184 ||184 ||184 ||184 ||184 ||184 ||184 ||184 ||184 ||184 ||184 ||184 ||184 ||184 ||184 ||184 ||184 ||184 ||184 ||184 ||184 ||184 ||184 ||184 ||184 ||184 ||184 ||184 ||184 ||184 ||184 ||184 ||184 ||184 ||184 ||184 ||184 ||184 ||184 ||184 ||184 ||184 ||184 ||184 ||184 ||184 ||184 ||184 ||184 ||184 ||184 ||184 ||184 ||184 ||184 ||184 ||184 ||184 ||184 ||184 ||184 ||184 || 184 ||184 ||184 ||184 ||184 ||184 ||184 ||184 ||184 ||184 ||184 ||184 ||184 ||184 ||184 ||184 ||184 ||184 ||184 ||184 ||184 ||184 ||184 ||184 ||184 ||184 ||184 ||184 ||184 ||184 ||184 ||184 ||184 ||184 ||184 ||184 ||184 ||184 ||184 ||184 ||184 ||184 ||184 ||184 ||184 ||184 ||184 ||184 ||184 ||184 ||184 ||184 ||184 ||184 ||184 ||184 ||184 ||184 ||184 ||184 ||184 ||184 ||184 ||184 ||184 ||184 ||184 ||184 ||184 ||184 ||184 ||184 ||184 ||184 ||184 ||184 ||184 ||184 ||184 ||184 ||184 ||184 ||184 ||184 ||184 ||184 ||184 ||184 ||184 ||184 ||184 ||184 ||184 ||184 ||184 ||184 ||184 ||184 ||184 ||184 ||184 ||184 ||184 ||184 ||184 ||184 ||184 ||184 ||184 ||184 ||184 ||184 ||184 ||184 ||184 ||184 ||184 ||184 ||185 ||184 ||184 ||184 ||185 ||184 ||185 ||182 ||182 ||185 ||181 ||185 ||182 ||182||ភ្លើងឆេះព្រៃនៅភាគខាងជើង|186 ||184 ||184 ||180 ||182 ||184 ||1834 ||184 ||182 ||184 ||18 ||18 ||18 ||18 ||180 ||18 ·
============================================================

--- Q&A Pair #22 ---
Question: តើព្រះរាជបូជនីយកិច្ចទាមទារឯករាជ្យពីប្រទេសបារាំងទទួលបានជោគជ័យជាស្ថាពរដឹកនាំដោយព្រះមហាក្សត្រអង្គណា?
Response: 231 ||249 ||375 ||086 ||307
============================================================

--- Q&A Pair #23 ---
Question: តើព្រះមហាក្សត្រអង្គណាដែលបានឡើងគ្រងរាជ្យបន្តពីព្រះបាទនរោត្តម សីហនុ នៅឆ្នាំ១៩៥៥?
Response: 238 || 1352 || 2149 || 1967 || 2006 || 320 || 550 || 430 || 700 || 648 || 8,887 || 9,107 || 12,127
============================================================

--- Q&A Pair #24 ---
Question: តើភ្នំព្រះរាជទ្រព្យ ឬភ្នំឧដុង្គ ជាទីតាំងប្រវត្តិសាស្ត្រដែលត្រូវបានគេស្គាល់ថាតម្កល់នូវអ្វីខ្លះ?
Response: ភ្នំព្រះរាជទ្រព្យ || ភ្នំបូកគោ || ភ្នំពណ្ណរាយណ៍ || ភ្នំនាងកង្រី || ភ្នំរាប || ភ្នំហាន់ជ័យ || ភ្នំណាមលៀរ || ភ្នំបាយ៉ង់កោ (អង្គរ) || ភ្នំបាសិត || ភ្នំបាខែង || ភ្នំបូកគោ || ភ្នំបូកគោ || ភ្នំបូកគោ || ភ្នំបូរី || ភ្នំបូកគោ || ភ្នំបូកគោ || ភ្នំបូកគោ || ភ្នំបូកគោ || ភ្នំបូកគោ || ភ្នំបូកគោ || ភ្នំបូកគោ || ភ្នំបូកគោ || ភ្នំបូកគោ || ភ្នំបូកគោ || ភ្នំបូកគោ || ភ្នំបូកគោ || ភ្នំបូកគោ || ភ្នំបូកគោ || ភ្នំបូកគោ || ភ្នំបូកគោ || ភ្នំបូកគោ || ភ្នំបូកគោ || ភ្នំបូកគោ || ភ្នំបូកគោ || ភ្នំបូកគោ || ភ្នំបូកគោ || ភ្នំបូកគោ || ភ្នំបូកគោ || ភ្នំបូកគោ || ភ្នំបូកគោ || ភ្នំបូកគោ || ភ្នំបូកគោ || ភ្នំបូកគោ || ភ្នំបូកគោ || ភ្នំបូកគោ || ភ្នំបូកគោ || ភ្នំបូកគោ || ភ្នំបូកគោ || ភ្នំបូកគោ || ភ្នំបូកគោ || ភ្នំបូកគោ || ភ្នំបូកគោ || ភ្នំបូកគោ || ភ្នំបូកគោ || ភ្នំបូកគោ || ភ្នំបូកគោ || ភ្នំបូកគោ || ភ្នំបូកគោ || ភ្នំបូកគោ || ភ្នំបូកគោ || ភ្នំបូកគោ || ភ្នំបូកគោកចាស់ || ភ្នំបូកគោ || ភ្នំបូកគោ || ភ្នំបូកគោ || ភ្នំបូកគោ || ភ្នំបូកគោ || ភ្នំបូកគោ || ភ្នំបូកគោ || ភ្នំបូកគោ || ភ្នំបូកគោ || ភ្នំបូកគោ || ភ្នំបូកគោ || ភ្នំបូកគោ || ភ្នំបូកគោ || ភ្នំបូកគោ || ភ្នំបូកគោ || ភ្នំបូកគោ || ភ្នំបូកគោ || ភ្នំបូកគោ || ភ្នំបូកគោ || ភ្នំបូកគោ || ភ្នំបូកគោ || ភ្នំបូកគោ || ភ្នំបូកគោ || ភ្នំបូកគោ || ភ្នំបូកគោ || ភ្នំបូកគោ || ភ្នំបូកគោ || ភ្នំបូកគោ || ភ្នំបូកគោ || ភ្នំបូកគោ || ភ្នំបូកគោ || ភ្នំបូកគោ || ភ្នំបូកគោ || ភ្នំបូកគោ || ភ្នំបូកគោ || ភ្នំបូកគោ || ភ្នំបូកគោ || ភ្នំបូកគោ || ភ្នំបូកគោ || ភ្នំបូកគោ || ភ្នំបូកគោ || ភ្នំបូកគោ || ភ្នំបូកគោ || ភ្នំបូកគោ || ភ្នំបូកគោ || ភ្នំបូកគោ || ភ្នំបូកគោ || ភ្នំបូកគោ || ភ្នំបូកគោ || ភ្នំបូកគោ || ភ្នំបូកគោ || ភ្នំបូកគោ || ភ្នំបូកគោ || ភ្នំបូកគោ || ភ្នំបូកគោ || ភ្នំបូកគោ || ភ្នំបូកគោ || ភ្នំបូកគោ || ភ្នំបូកគោ || ភ្នំបូកគោ || ភ្នំបូកគោ || ភ្នំបូកគោ || ភ្នំបូកគោ || ភ្នំបូកគោ || ភ្នំបូកគោ || ភ្នំបូកគោ || ភ្នំបូកគោ || ភ្នំបូកគោ || ភ្នំបូកគោ || ភ្នំបូកគោ || ភ្នំបូកគោ || ភ្នំបូកគោ || ភ្នំបូកគោ || ភ្នំបូកគោ || ភ្នំបូកគោ || ភ្នំបូកគោ || ភ្នំបូកគោ || ភ្នំបូកគោ || ភ្នំបូកគោ || ភ្នំបូកគោ || ភ្នំបូកគោ || ភ្នំបូកគោ || ភ្នំបូកគោ || ភ្នំបូកគោ || ភ្នំបូកគោ || ភ្នំបូកគោ || ភ្នំបូកគោ || ភ្នំបូកគោ || ភ្នំបូកគោ || ភ្នំបូកគោ || ភ្នំបូកគោ || ភ្នំបូកគោ || ភ្នំបូកគោ || ភ្នំបូកគោ || ភ្នំបូកគោ || ភ្នំបូកគោ || ភ្នំបូកគោ || ភ្នំបូកគោ || ភ្នំបូកគោ || ភ្នំបូកគោ || ភ្នំបូកគោ || ភ្នំបូកគោ || ភ្នំបូកគោ || ភ្នំបូកគោ || ភ្នំបូកគោ || ភ្នំបូកគោ || ភ្នំបូកគោ || ភ្នំបូកគោ || ភ្នំបូកគោ || ភ្នំបូកគោ || ភ្នំបូកគោ || ភ្នំបូកគោ || ភ្នំបូកគោ || ភ្នំបូកគោ || ភ្នំបូកគោ || ភ្នំបូកគោ || ភ្នំបូកគោ || ភ្នំបូកគោ || ភ្នំបូកគោ || ភ្នំបូកគោ || ភ្នំបូកគោ || ភ្នំបូក || ភ្នំបូកគោ || ភ្នំបូកគោ || ភ្នំបូកគោ || ភ្នំបូកគោ
============================================================

--- Q&A Pair #25 ---
Question: តើប្រាសាទធំនៅតំបន់កោះកេរមានលក្ខណៈស្ថាបត្យកម្មពិសេសខុសប្លែកពីប្រាសាទដទៃយ៉ាងដូចម្តេច?
Response: 23, 2017 | ព័ត៌មានជាតិ គ្រោះថ្នាក់ចរាចរណ៍ទូទាំងប្រទេសថ្ងៃទី១៨ ខែមីនា ឆ្នាំ២០១៧ បណ្តាលឲ្យមនុស្សស្លាប់៥នាក់ និងរបួសធ្ងន់ស្រាល១៥នាក់។ នេះបើតាមរបាយការណ៍របស់នាយកដ្ឋាននគរបាលចរាចរណ៍និងសណ្ដាប់ធ្នាប់សាធារណៈនៃអគ្គស្នងការដ្ឋាននគរបាលជាតិ។ របាយការណ៍ដដែលបញ្ជាក់ថា មូលហេតុដែលបណ្តាលឲ្យមានគ្រោះថ្នាក់រួមមាន ល្មើសល្បឿន០លើក មិនគោរពសិទ្ធិអាទិភាព ០២ករណី (ស្លាប់១នាក់) ប្រជែង ២លើក(ស្លាប់២នាក់) បត់ឆ្វេងស្តាំ ១លើក កត្តាយានយន្ត៣លើក ។ ដោយឡែកយានល្មើសសរុបទូទាំងប្រទេសមាន ចំនួន ៦៦៩គ្រឿង បានធ្វើការអប់រំចំនួន២៧៤គ្រឿង ពិន័យចំនួន ៣១២ គ្រឿង៕
============================================================

--- Q&A Pair #26 ---
Question: តើអក្សរសិល្ប៍រឿងរាមកេរ្តិ៍ខ្មែរ មានប្រភពដើមចេញពីវីរកថាឥណ្ឌាដែលមានឈ្មោះអ្វី?
Response: kampuchea chakrabay - Khmer News || 2971546382dpn.com/?s=be_content&id=full0%20mg-100-yearAverage_to_receive_webstore_adjectives>| || 1,1288503089dpn.com/?source="($)}||+810-222235000768#| || 15,088503089dpn.com/?sok 879749dpn.com/?sok 979749dpn.com/?sok 1079749dpn.com/?sok 1279749dpn.com/?sok 1179749dpn.com/?sok 1079749dpn.com/?sok 479749dpn.com/?sok 579749dpn.com/?sok 679749dpn.com/?sok 379749dpn.com/?sok 779749dpn.com/?sok 779749dpn.com/?sok 879749dpn.com/?sok 879749dpn.com/?sok 879749dpn.com/?sok 879749dpn.com/?sok 879749dpn.com/?sok 879749dpn.com/?sok 879749dpn.com/?sok 879749dpn.com/?sok 879749dpn.com/?sok 879749dpn.com/?sok 879749dpn.com/?sok 879749dpn.com/?sok 879749dpn.com/?sok 879749dpn.com/?sok 879749dpn.com/?sok 879749dpn.com/?sok 879749dpn.com/?sok 879749dpn.com/?sok 879749dpn.com/?sok 879749dpn.com/?sok 879749dpn.com/?sok 879749dpn.com/?sok 879749dpn.com/?sok 879749dpn.org/?sok 879749dpn.com/?sok 879749dpn.com/?sok 879749dpn.com/?sok 879749dpn.com/?sok 879749dpn.com/?sok 879749dpn.com/?sok 879749dpn.com/?sok 879749dpn.com/?sok 879749dpn.com/?sok 879749dpn.com/?sok 879749dpn.com/?sok 879749dpn.com/?sok 879749dpn.com/?sok 879749dpn.com/?sok 879749dpn.com/?sok 879749dpn.com/?sok 879749dpn.com/?sok 879749dpn.com/?sok 879749dpn.com/?sok 879749dpn.com/?sok 879749dpn.com/?sok 879749dpn.com/?sok 879749dpn.com/?sok 879749dpn.com/?sok 879749dpn.com/?sok 879749dpn.com/?sok 879749dpn.com/?sok 879749dpn.com/?sok 879749dpn.com/?sok 879749dpn.com/?sok 879749dpn.com/?sok 879749dpn.com/?sok 879749dpn.com/?sok 879749dpn.com/?sok 879749dpn.com/?sok 879749dpn.com/?sok 879749dpn.com/?sok 879749dpn.com/?sok 879749dpN.com/?sok 8799749dpn.com/?sok 879749.com/?sok 879749dpn.com/?si
============================================================

--- Q&A Pair #27 ---
Question: តើប្រាសាទនាគព័ន្ធដែលកសាងដោយព្រះបាទជ័យវរ្ម័នទី៧ តំណាងឱ្យអ្វីនៅក្នុងជំនឿសាសនាសម័យនោះ?
Response: 239 || 135||ព្រះបាទជ័យវរ្ម័នទី៧ ជាស្ដេចសោយរាជ្យនៅក្រុងកម្ពុជាធិបតី (ឆ្នាំ១៨៨៤-១៩១២) ព្រះអង្គបានឡើងគ្រងរាជ្យបន្តពីបុត្ររបស់ព្រះចៅអធិរាជ។ ទ្រង់ជាព្រះរាជបុត្ររបស់ព្រះអង្គម្ចាស់ក្សត្រី នរោត្តម បុប្ផាទេវី និងត្រូវជាក្មួយបង្កើតរបស់ព្រះមហាក្សត្រខ្មែរទី១១ នៃប្រទេសបារាំងផងដែរ។ ភ្លាមៗក្រោយមកទ្រង់ក៏យាងទៅគង់នៅក្នុងព្រៃជ្រៅនៃទន្លេអាម៉ាហ្សូន ហើយក៏បានជួបនឹងកងទ័ពជើងទឹកឥណ្ឌាមួយក្រុមទៀតដែលដឹកនាំដោយលោក ហូសេន កាវ៉ាមីន(Hugh Minaj James Benedict) ដែលជាអ្នកគ្រប់គ្រងតំបន់នោះ។ ការធ្វើដំណើរតាមទូកក្នុងភូមិភាគខាងត្បូងនៃប្រទេសឥណ្ឌា គឺជាការឆ្លងកាត់រវាងទីក្រុងភ្នំពេញនិងខេត្តក្រចេះ។ នៅតាមផ្លូវឆ្ពោះទៅកាន់ស្រុកមេម៉ត់ ខេត្តត្បូងឃ្មុំ មានចម្ងាយប្រមាណជាង១០គីឡូម៉ែត្រ ពីរាជធានីភ្នំពេញ តាមផ្លូវជាតិលេខ៦ ត្រង់ចំណុចស្ពានជ្រៃធំ ក្នុងភូមិសាស្ត្រ ស្រុកក្រូចឆ្មារ ខេត្តត្បូងឃ្មុំ។ ផ្លូវជាតិលេខ៥ គឺជាផ្លូវដ៏សំខាន់សម្រាប់តភ្ជាប់ទំនាក់ទំនងរវាងប្រជាជនកម្ពុជានិងថៃ ដែលមានប្រវែងសរុប ១,៣០០ គីឡូម៉ែត្រ ដោយឆ្លងកាត់ខេត្តចំនួនពីរគឺខេត្តកំពង់ចាម តាកែវ កំពត និងកែប៕
============================================================

--- Q&A Pair #28 ---
Question: តើសន្ធិសញ្ញាបារាំង-សៀម ឆ្នាំ១៩០៧ បានផ្តល់លទ្ធផលប្រវត្តិសាស្ត្រអ្វីខ្លះដល់ទឹកដីប្រទេសកម្ពុជា?
Response: 231 || 239 || 070 || 143 || 258 || 362 || 1988 || 410 || 720 || 550 || 630 || 812 || 91 || 1122 || 105 || 1,00 || 158 || 121 || 200 || 100 || 2.0 || 240 || 1,000
============================================================

--- Q&A Pair #29 ---
Question: តើពហុកីឡដ្ឋានជាតិអូឡាំពិក ដែលជានិមិត្តរូបនៃយុគសម័យស្ថាបត្យកម្មខ្មែរថ្មី ត្រូវបានរចនាដោយស្ថាបត្យកររូបណា?
Response: 239 || 1348 || 216 || 327 || 458 || 550 || 606 || 720 || 830 || 410 || 900 || 11,2288
============================================================

--- Q&A Pair #30 ---
Question: តើរបបសង្គមរាស្ត្រនិយមដែលដឹកនាំដោយសម្តេចព្រះនរោត្តម សីហនុ បានចាប់ផ្តើមនៅឆ្នាំណា?
Response: 239 ||138 ||240 ||207 ||106 ||305 ||129 ||2019 ||294 ||508 ||288 ||100 ||119 ||139 ||144 ||149 ||149 ||113 ||144 ||144 ||144 ||144 ||145 ||145 ||144 ||144 ||144 ||145 ||144 ||144 ||144 ||144 ||144 ||144 ||144 ||144 ||144 ||144 ||144 ||144 ||144 ||144 ||144 ||144 ||144 ||144 ||144 ||144 ||144 ||144 ||144 ||144 ||144 ||144 ||144 ||144 ||144 ||144 ||144 ||144 ||144 ||144 ||144 ||144 ||144 ||144 ||144 ||144 ||144 ||144 ||144 ||144 ||144 ||144 ||144 ||144 ||144 ||144 ||144 ||144 ||144 ||144 ||144 ||144 ||144 ||144 ||144 ||144 ||144 ||144 ||144 ||144 ||144 ||144 ||144 ||144 ||144 ||144 ||144 ||144 ||144 ||144 ||144 ||144 ||144 ||144 ||144 ||144 ||144 ||144 ||144 ||144 ||144 ||144 ||144 ||144 ||144 ||144 ||144 ||144 ||144 ||144 ||144 ||144 ||144 ||144 ||144 ||144 ||144 ||144 ||144 ||144 ||144 ||144 ||144 ||144 ||144 ||144 ||144 ||144 ||144 ||144 ||144 ||144 ||144 ||144 ||144 ||144 ||144 ||144 ||144 ||144 ||144 ||144 ||144 ||144 ||144 ||144 ||144 ||144 ||144 ||144 ||144 ||144 ||144 ||144 ||144 ||144 ||144 ||144 ||144 ||144 ||144 ||144 ||144 ||144 ||144 ||144 ||144 ||144 ||144 ||144 ||144 ||144 ||144 ||144 ||144 ||144 ||144 ||144 ||144 ||144 ||144 ||144 ||144 ||144 ||144 ||144 ||144 ||144 ||144 ||144 ||144 ||144 ||144 ||144 ||144 ||144 ||144 ||144 ||144 ||144 ||144 ||144 ||144 ||144 ||144 ||144 ||144 ||144 ||144 ||144 ||144 ||144 ||144 ||144 ||144 ||144 ||145 ||144 ||144 ||144 ||144 ||144 ||144 ||144 ||144 ||144 ||144 ||144 ||144 ||144 ||145 ||144 ||145 || 144 ||144 ||144 ||144 ||145 ||144 ||144 ||144 ||144 ||145 ||145 ||144 ||144 ||145 ||144 ||145 ||144 ||144 ||144||ភ្លើង (៤៥៧)|144 ||144 ||144 ||14 ||14 - ឹបប៉ារ៉ូប៉ូឡុងផាត់|148 ||14 ||14 ||144 ||14
============================================================

--- Q&A Pair #31 ---
Question: ហេតុអ្វីបានជាព្រះបាទបរមរាជាចៅពញាយ៉ាតសម្រេចព្រះទ័យបោះបង់ចោលរាជធានីអង្គរជាស្ថាពរនៅសតវត្សទី១៥?
Response: 23 || 22 krt.com 14
============================================================

--- Q&A Pair #32 ---
Question: តើប្រាសាទបន្ទាយឆ្មារ ដែលជាស្នាព្រះហស្តដ៏លេចធ្លោមួយរបស់ព្រះបាទជ័យវរ្ម័នទី៧ មានទីតាំងស្ថិតនៅក្នុងខេត្តណា?
Response: 237 || 889 || អគារមជ្ឈមណ្ឌលពាណិជ្ជកម្ម (BC) នៃទីក្រុងកោះពេជ្រ ត្រូវបានសាងសង់ឡើងក្នុងសម័យអាណានិគមបារាំង នៅឆ្នាំ១៨៦៣។ វត្តមាននៃអគារនេះ គឺជាការបើកទំព័រថ្មីមួយសម្រាប់វិស័យទេសចរណ៍កម្ពុជា ដែលនឹងក្លាយជាតំបន់ទាក់ទាញទេសចរដ៏សំខាន់ សម្រាប់ភ្ញៀវទេសចរអន្តរជាតិ និងវិនិយោគិនបរទេស មកទស្សនាកម្ពុជាកាន់តែច្រើនថែមទៀត។ លោក សុខ សុទ្ធី អភិបាលរងខេត្តកោះកុង បានមានប្រសាសន៍ថា ការអភិវឌ្ឍក្រុងរណបដ៏ធំមួយនេះ នឹងជួយជំរុញឲ្យការធ្វើដំណើររបស់ប្រជាពលរដ្ឋកាន់តែមានភាពងាយស្រួលជាងមុន តាមរយៈការដឹកជញ្ជូនទំនិញផ្សេងៗទៅកាន់គោលដៅនានាក្នុងខេត្តសៀមរាប។ លោកបានបន្តថា “ខ្ញុំជឿជាក់ថា ក្រុងភ្នំពេញនឹងមានផ្លូវល្បឿនលឿនពីរាជធានីភ្នំពេញ ទៅកាន់ខេត្តព្រះសីហនុ ហើយយើងអាចភ្ជាប់ជាមួយផ្លូវជាតិលេខ៤៨ ពីទីរួមខេត្តកំពត ទៅដល់កំពង់ផែទឹកជ្រៅនៅប៉ោយប៉ែត ដើម្បីកាត់បន្ថយពេលវេលាធ្វើដំណើរតាមផ្លូវអាកាសមកចុះចតបាន” ។ ផ្លូវជាតិលេខ ៤១ ជាប្រភេទស្ពានវែងជាងគេបំផុតនៅកម្ពុជា ដែលមានប្រវែងសរុបជាង ៥០០ គីឡូម៉ែត្រ ដោយឆ្លងកាត់តាមខេត្តកំពង់ឆ្នាំង កំពង់ស្ពឺ ត្បូងឃ្មុំ ព្រៃកោង តំបន់ឆ្នេរសមុទ្រ តំបន់មាត់សមុទ្រ និងបណ្ដាខេត្តមួយចំនួនទៀត៕
============================================================

--- Q&A Pair #33 ---
Question: តើហេតុអ្វីបានជាក្រុងអង្គរធំត្រូវបានគេចាត់ទុកថាជាទីក្រុងដ៏អស្ចារ្យបំផុតមួយនាសម័យនោះ?
Response: 23 || 218 km: 149760
============================================================

--- Q&A Pair #34 ---
Question: តើបឹងទន្លេសាបមានតួនាទីយ៉ាងដូចម្តេចខ្លះចំពោះកំណើនសេដ្ឋកិច្ចនៃចក្រភពអង្គរ?
Response: 239 ||142 ||367 ||085 ||106 ||1222 ||307 ||208 ||150 ||2019 ||100 ||1000 ||100 ||1,000 ||1,88 ||1,78 ||1,99 ||1,99 ||1,99 ||1,99 ||1,99 ||1,99 ||1,99 ||1,99 ||1,99 ||1,99 ||1,99 ||1,99 ||1,99 ||1,99 ||1,99 ||1,99 || 1,99 ||1,99 ||1,99 ||1,99 ||1,99 ||1,99 ||1,99 ||1,99 ||1,99 ||1,99 ||1,99 ||1,99 ||1,99 ||1,99 ||1,99 ||1,99 ||1,99 ||1,99 ||1,99 ||1,99 ||1,99 ||1,99 ||1,99 ||1,99 ||1,99 ||1,99 ||1,99 ||1,99 ||1,99 ||1,99 ||1,99 ||1,99 ||1,99 ||1,99 ||1,99 ||1,99 ||1,99 ||1,99 ||1,99 ||1,99 ||1,99 ||1,99 ||1,99 ||1,99 ||1,99 ||1,99 ||1,99 ||1,99 ||1,99 ||1,99 ||1,99 ||1,99 ||1,99 ||1,99 ||1,99 ||1,99 ||1,99 ||1,99 ||1,99 ||1,99 ||1,99 ||1,99 ||1,99 ||1,99 ||1,99 ||1,99 ||1,99 ||1,99 ||1,99 ||1,99 ||1,99 ||1,99 ||1,99 ||1,99 ||1,99 ||1,99 ||1,99 ||1,99 ||1,99 ||1,99 ||1,99 ||1,99 ||1,99 ||1,99 ||1,99 ||1,99 ||1,99 ||1,99 ||1,99 ||1,99 ||1,99 ||1,99 ||1,99 ||1,99 ||1,99 ||1,99 ||1,99 ||1,99 ||1,99 ||1,99 ||1,99 ||1,99 ||1,99 ||1,99 ||1,99 ||1,99 ||1,99 ||1,99 ||1,99 ||1,99 ||1,99 ||1,99 ||1,99 ||1,99 ||1,99 ||1,99 ||1,99 ||1,99 ||1,99 ||1,99 ||1,99 ||1,99 ||1,99 ||1,99 ||1,99 ||1,99 ||1,99 ||1,99 ||1,99 ||1,99 ||1,99 ||1,99 ||1,99 ||1,99 ||1,99 ||1,99 ||1,99 ||1,99 ||1,99 ||1,99 ||1,99 ||1,99 ||1,99 ||1,99 ||1,99 ||1,99 ||1,99 ||1,99 ||1,99 ||1,99 ||1,99 ||1,99 ||1,99 ||1,99 ||1,99 ||1,99 ||1,99 ||1,99 ||1,99 ||1,99 ||1,99 ||1,99 ||1,99 ||1,99 ||1,99 ||1,99 ||1,99 ||1,99 ||1,99 ||1,99 ||1,99 ||1,99 ||1,99 ||1,99 ||1,99 ||1,99 ||1,90 ||1,99 ||1,99 ||1,99 ||1,99 ||1,99 ||1,99 ||1,99 ||1,99 ||1,99 ||1,99 ||1,99 ||1,91 ||1,90 ||1,9 ||1,99 ||1,9 ||1,9 ||1,9 ||អ្នកស្លាប់||ការបញ្ជាក់| |10| |1 ||ប្រសិនបើមានន័យថា (ក) អ្នកដែលប្រើដោយគ្មាន|ជាប្រភេទ 9 ||តើមានអ្នកណាសម្រាប់មនុស្សបួននាក់និង9 ||មាត្រាទី៥ ||1 ||សំឡេង| ||1 ||។|2 ||នៅរស់ជាតិៗ 8 ||1 ||2 ||1 ||1 ||1 ||1 ||1 ||1 ||1 ||1 ||1 ||1 ||1 ||1 ||2 ||1 ||1 ||1 ||1 ||2 ||1 ||2 ||1 ||1 ||2 ||2 ||1 ||1 ||1 ||1 ||2 ||1 ||1 ||1 ||1 ||1 ||1 ||1 ||1 ||1 ||1 || 2| ||1 ||1 ||ក្រុមអាយុ១៨ ||1 ||1 ||1 ||1 ||1 ||1 ||1 ||1 ||1 ||1 ||1 ||1 ||1 ||1 ||1 ||1 ||1 || ||១ ||1 ||1 ||1 ||1 ||1 ||
============================================================

--- Q&A Pair #35 ---
Question: តើប្រព័ន្ធធារាសាស្ត្រនាសម័យអង្គរមានលក្ខណៈបច្ចេកទេសពិសេសយ៉ាងណាខ្លះ?
Response: 239 ||174 ||385 ||062 ||1250 ||104 ||2000 ||30,000 ||388 ||22,58 ||187 ||35.1 ||185 ||180 ||180 ||190 ||299 ||182 ||180 ||181 ||182 ||183 ||184 ||180 ||182 ||183 ||183 ||183 ||184 ||184 ||184 ||184 ||184 ||184 ||184 ||184 ||184 ||185 ||184 ||184 ||184 ||184 ||184 ||184 ||184 ||184 ||184 ||184 ||184 ||184 ||184 ||184 ||184 ||184 ||184 ||184 ||184 ||184 ||184 ||184 ||184 ||184 ||184 ||184 ||184 ||184 ||184 ||184 ||184 ||184 ||184 ||184 ||184 ||184 ||184 ||184 ||184 ||184 ||184 ||184 ||184 ||184 ||184 ||184 ||184 ||184 ||184 ||184 ||184 ||184 ||184 ||184 ||184 ||184 ||184 || 184 ||184 ||184 ||184 ||184 ||184 ||184 ||184 ||184 ||184 ||184 ||184 ||184 ||184 ||184 ||184 ||184 ||184 ||184 ||184 ||184 ||184 ||184 ||184 ||184 ||184 ||184 ||184 ||184 ||184 ||184 ||184 ||184 ||184 ||184 ||184 ||184 ||184 ||184 ||184 ||184 ||184 ||184 ||184 ||184 ||184 ||184 ||184 ||184 ||184 ||184 ||184 ||184 ||184 ||184 ||184 ||184 ||184 ||184 ||184 ||184 ||184 ||184 ||184 ||184 ||184 ||184 ||184 ||184 ||184 ||184 ||184 ||184 ||184 ||184 ||184 ||184 ||184 ||184 ||184 ||184 ||184 ||184 ||184 ||184 ||184 ||184 ||184 ||184 ||184 ||184 ||184 ||184 ||184 ||184 ||184 ||184 ||184 ||184 ||184 ||184 ||184 ||184 ||184 ||184 ||184 ||184 ||184 ||184 ||184 ||184 ||184 ||184 ||184 ||184 ||184 ||184 ||184 ||184 ||184 ||184 ||184 ||184 ||184 ||184 ||184 ||184 ||184 ||184 ||184 ||184 ||184 ||184 ||184 ||184 ||184 ||185 ||184 ||185 ||184 ||184 ||185 ||184 ||184 ||184 ||184 ||184 ||185 ||186 ||184 ||184 ||184 ||184 ||184 ||185 ||184 ||184 ||184 ||185 ||182 ||181 ||184||ភ្លើង 01 ||182 ||182 ||184 ||194 ||184 ||182|
============================================================

--- Q&A Pair #36 ---
Question: តើចម្លាក់លិបនៅតាមជញ្ជាំងថែវនៃប្រាសាទអង្គរវត្តបង្ហាញពីអ្វីខ្លះ?
Response: 239 || 081 || 276 || 134 || 302 || 45 || 550 || 620 || 810 || 730 || 988 || 2300 || 10,98 || 12,98 || 11,912
============================================================

--- Q&A Pair #37 ---
Question: តើអរិយធម៌ខ្មែរបុរាណទទួលបានឥទ្ធិពលពីអរិយធម៌អ្វីខ្លះ?
Response: 231 || 883 || 142 || 256 || 378 || 199 || 40 || 600 || 720 || 550 || 830 || 910 || 12,12 || 10,22 || 11,29 || 100 || 1,000
============================================================

--- Q&A Pair #38 ---
Question: តើព្រាហ្មណ៍មានតួនាទីអ្វីខ្លះក្នុងរាជវាំងនាសម័យអង្គរ?
Response: 23 || 148 | | ពុទ្ធសាសនបណ្ឌិត្យ ||អ្នកប្រាជ្ញខាងអក្សរសាស្ត្រខ្មែរ ||176 |
============================================================

--- Q&A Pair #39 ---
Question: តើស្ពានបុរាណដូចជាស្ពានកំពង់ក្តី មានលក្ខណៈពិសេសយ៉ាងណាខ្លះ?
Response: 23-Jan-2017 1:59 pm <p> ស្ពានបុរាណមួយខ្សែ ដែលស្ថិតនៅភូមិព្រៃខ្លា ឃុំកំពង់ហ្លួង ស្រុកពញ្ញាឮ ខេត្តកណ្តាល ត្រូវបានសម្ពោធដាក់ឲ្យប្រើប្រាស់ជាផ្លូវការហើយ កាលពីព្រឹកថ្ងៃទី២០ ខែតុលា ឆ្នាំ២០១៧ ក្រោមអធិបតីភាពដ៏ខ្ពង់ខ្ពស់របស់សម្ដេចតេជោ ហ៊ុន សែន នាយករដ្ឋមន្ត្រីនៃកម្ពុជា... សេចក្ដីជូនដំណឹងស្ដីពីការអញ្ជើញចូលរួមដេញថ្លៃផ្គត់ផ្គង់សម្ភារការិយាល័យ និងគ្រឿងសង្ហារឹម សម្រាប់ឆ្នាំ២០២២ របស់ក្រសួងព័ត៌មាន || 28-Jan-2017 8:36 pm ការប្រឡងជ្រើសរើសបេក្ខជនឱ្យចូលបម្រើការងារក្នុងក្របខណ្ឌមន្ត្រីរាជការស៊ីវិល ក្រសួងមហាផ្ទៃ ឆ្នាំ២០១៦ បានបញ្ចប់ដោយជោគជ័យ។ នេះបើតាមសេចក្តីប្រកាសព័ត៌មា...
============================================================

--- Q&A Pair #40 ---
Question: តើការប្រើប្រាស់អក្សរខ្មែរមានប្រវត្តិវិវត្តយ៉ាងណានាសម័យបុរាណ?
Response: 231 || | ↑<eos>
============================================================

--- Q&A Pair #41 ---
Question: តើទ័ពដំរីមានតួនាទីយ៉ាងណាខ្លះក្នុងកងទ័ពនាសម័យបុរាណ?
Response: 231 || 239 || លោកបណ្ឌិត អាំង ជូលាន៖ «ខ្ញុំមិនចង់ឃើញសង្គ្រាមទេ តែបើសិនជាយើងមានសន្តិភាព យើងនឹងទទួលផលវិបាក»។
============================================================

--- Q&A Pair #42 ---
Question: តើរបាំព្រះរាជទ្រព្យមានប្រវត្តិទាក់ទងយ៉ាងណានឹងវប្បធម៌ខ្មែរ ហើយតើវាមានតួនាទីអ្វីខ្លះក្នុងពិធីបុណ្យជាតិ?
Response: 231 ||246 ||379 ||580 ||1038 ||1222 ||3020 ||507 ||788 ||700 ||751 ||702 ||741 ||753 ||764 ||742 ||752 ||761 ||777 ||744 ||741 ||762 ||782 ||773 ||783 ||744 ||774 ||744 ||744 ||744 ||744 ||744 ||744 ||744 ||744 ||744 ||744 ||744 ||744 ||744 ||744 ||744 ||744 ||744 ||744 ||744 ||744 ||744 ||744 ||744 ||744 ||744 ||744 ||744 ||744 ||744 ||744 ||744 ||744 ||744 ||744 ||744 ||744 ||744 ||744 ||744 ||744 ||744 ||744 ||744 ||744 ||744 ||745 ||744 ||744 ||744 ||744 ||744 ||744 ||744 ||744 ||744 ||744 ||745
============================================================

--- Q&A Pair #43 ---
Question: តើព្រះមហាក្សត្រអង្គណាជាប្អូនរបស់ព្រះបាទភវវរ្ម័នទី១ ដែលបានបន្តសង្គ្រាមវាយដណ្តើមទឹកដីហ្វូណនរហូតដល់បានសម្រេចជាស្ថាពរ?
Response: 23,19 | © រក្សាសិទ្ធិគ្រប់យ៉ាងដោយ៖ ក្រសួងមុខងារសាធារណ: | ឆ្នាំ២០២១
============================================================

--- Q&A Pair #44 ---
Question: តើប្រាសាទអង្គរវត្តដ៏ល្បីល្បាញត្រូវបានស្ថាបនាឡើងឧទ្ទិសដល់ព្រះអាទិទេពអ្វី?
Response: 236 ||138 ||129 ||240 ||307 ||500 ||200 ||1050 ||188 ||221 ||101 ||188 ||107 ||71 ||188 ||101 ||188 ||107 ||102 ||104 ||107 ||180 ||104 ||189 ||188 ||188 ||188 ||101 ||188 ||105 ||188 ||107 ||188 ||188 ||188 ||107 ||188 ||188 ||188 ||188 ||188 ||188 ||188 ||188 ||188 ||188 ||188 ||188 ||188 ||188 ||188 ||188 ||188 ||188 ||188 ||188 ||188 ||188 ||188 ||188 ||188 ||188 ||188 ||188 ||188 ||188 ||188 ||188 ||188 ||188 ||188 ||188 ||188 ||188 ||188 ||188 ||188 ||188 ||188 ||188 ||188 ||188 ||188 ||188 ||188 ||188 ||188 ||188 ||188 ||188 ||188 ||188 ||188 ||188 ||188 ||188 ||188 ||188 ||188 ||188 ||188 ||188 ||188 ||188 ||188 ||188 ||188 ||188 ||188 ||188 ||188 ||188 ||188 ||188 ||188 ||188 ||188 ||188 ||188 ||188 ||188 ||188 ||188 ||188 ||188 ||188 ||188 ||188 ||188 ||188 ||188 ||188 ||188 ||188 ||188 ||188 ||188 ||188 ||188 ||188 ||188 ||188 ||188 ||188 ||188 ||188 ||188 ||188 ||188 ||188 ||188 ||188 ||188 ||188 ||188 ||188 ||188 ||188 ||188 ||188 ||188 ||188 ||188 ||188 ||188 ||188 ||188 ||188 ||188 ||188 ||188 ||188 ||188 ||188 ||188 ||188 ||188 ||188 ||188 ||188 ||188 ||188 ||188 ||188 ||188 ||188 ||188 ||188 ||188 ||188 ||188 ||188 ||188 ||188 ||188 ||188 ||188 ||188 ||188 ||188 ||188 ||188 ||188 ||188 ||188 ||188 ||188 ||188 ||188 ||188 ||188 ||188 ||188 ||188 ||188 ||188 ||188 ||188 ||188 ||188 ||188 ||188 ||188 ||188 ||188 ||188 ||188 ||188 ||188 ||188 ||188 ||188 ||188 ||188 ||188 ||188 ||188 ||188 ||188 ||188 ||188 ||188 ||188 ||188 ||188 ||188 ||188 ||188 ||188 ||188 ||188 ||188 ||188 ||188 ||188 ||188 ||188 ||188 ||188 ||188 ||188 ||188 ||188 ||188 ||188 ||188 ||188 ||188 ||188 ||188 ||188 ||188 ||188 ||188 ||188 ||188 ||188 ||188 ||188 ||188 ||188 ||188 ||188 ||188 ||188 ||188 ||188 ||188 ||188 ||188 ||188 ||188 ||188 ||188 ||188 ||188 ||188 ||188 ||188 ||188 ||188 ||188 ||188 ||188 ||188 ||188 ||188 ||188 ||188 ||188 ||188 ||188 ||188 ||188 ||188 ||188 ||188 ||188 ||188 ||188 ||188|
============================================================

--- Q&A Pair #45 ---
Question: តើព្រះបាទជ័យវរ្ម័នទី៧ បានកសាងមន្ទីរពេទ្យចំនួនប៉ុន្មាននៅទូទាំងចក្រភពអង្គរដើម្បីព្យាបាលប្រជានុរាស្ត្រ?
Response: 231 ||245 ||376 ||308 ||09 ||2000 ||12 ||10 ||150 ||1000 ||1,000 ||1,22 ||2.1K មើល 2 ទាំងអស់ 1 ||1,2mg/sqm||≤100%| ||2,2mg/sqm||≥៩៥%| ||3,3mg/sqm||≤100%| ||3,4mg/sqm||≤100%| ||3,4mg/sqm||≤100%| ||4,4mg/sqm||≤100%| ||4,4mg/sqm||≤100%| ||4,4mg/sqm||≤100%| ||4,4mg/sqm||≤100%| ||4,4mg/sqm||≤100%| ||4,4mg/sqm||≤100%|
============================================================

--- Q&A Pair #46 ---
Question: តើជនជាតិអឺរ៉ុបជាតិសាសន៍ណាខ្លះដែលបានមកធ្វើទំនាក់ទំនងពាណិជ្ជកម្មនិងផ្សព្វផ្សាយសាសនានៅកម្ពុជាមុនគេបង្អស់នាសម័យលង្វែក?
Response: 239 ||140 ||352 ||768 ||109 ||1220 ||302 ||150 ||100 ||201||ការប្រើប្រាស់រូបិយប័ណ្ណបរទេសនិងប្រាក់ដុល្លារអាមេរិក (THB) សម្រាប់ប្រទេសកម្ពុជា។| ||288 ||100 ||100 ||1,000 ||1000 ||1,000 ||1,00 ||1,000 ||1,000 ||1,000 ||1,000
============================================================

--- Q&A Pair #47 ---
Question: តើព្រះមហាក្សត្រកម្ពុជាអង្គណាដែលបានយល់ព្រមចុះសន្ធិសញ្ញាដាក់ប្រទេសកម្ពុជាឱ្យស្ថិតក្រោមអាណាព្យាបាលបារាំងនៅឆ្នាំ១៨៦៣?
Response: 239 || 888 ||1356
============================================================

--- Q&A Pair #48 ---
Question: តើប្រទេសកម្ពុជាទទួលបានឯករាជ្យបរិបូរណ៍ពីអាណានិគមបារាំងនៅថ្ងៃទីខែឆ្នាំណា ក្រោមព្រះរាជបូជនីយកិច្ចរបស់ឥស្សរជនរូបណា?
Response: 23 || | ← កណ្តាល៖ ក្រសួងមហាផ្ទៃបានប្រកាសថា នៅថ្ងៃទី២៣ ខែមីនា ឆ្នាំ២០១៧ វេលាម៉ោង ២១:០០នាទី សមត្ថកិច្ចនគរបាលស្រុកស្អាង បានឃាត់ខ្លួនជនសង្ស័យម្នាក់ ពីបទជួញដូរដោយខុសច្បាប់នូវសារធាតុញៀន ។ ជនសង្ស័យឈ្មោះ សេង វុទ្ធី ភេទប្រុស អាយុ ៣២ឆ្នាំ ជនជាតិខ្មែរ មុខរបរ មិនពិតប្រាកដ ទីលំនៅភូមិព្រែកតាព្រាង ឃុំកោះខែល ស្រុកស្អាង ខេត្តកណ្តាល។ ជនរងគ្រោះ ០២នាក់ ១- ឈ្មោះ អ៊ុន សុភ័ក្រ ភេទស្រី អាយុ ១៨ ឆ្នាំជនជាតិ ខ្មែរ មុខរបរសិស្ស មានទីលំនៅ ភូមិឃុំកើតហេតុ (គ្មានសារធាតុញៀន) និង២- ឈ្មោះ ខន ស្រីណែត ភេទស្រីអាយុ ១៧ ឆ្នាំជនជាតិខ្មែរមុខរបរមិនពិតប្រាដកមានទីលំនៅភូមិកំពង់សំណាញ់ សង្កាត់កំពង់សំណាញ់ ក្រុងតាខ្មៅ ខេត្តកណ្ដាល(គ្មានសារធាតុញៀន)។ ចំណែកវត្ថុតាងចាប់យករួមមាន ម្សៅក្រាមពណ៌សថ្លា ចំនួន០៥កញ្ចប់តូច, ទូរស័ព្ទដៃចំនួន០៤គ្រឿង ម៉ាកអាយហ្វូន ពណ៌ទឹកមាស ចំនួន០៦គ្រឿង ,ម៉ាក Samsung ពណ៌ក្រហម ចំនួន០៧គ្រឿង ,ម៉ាក IPhone XS Max ពណ៌ទឹកប្រាក់ ចំនួន០៨គ្រឿង ,ម៉ាក Nokia ពណ៌ផ្កាឈូក ចំនួន០៩គ្រឿង ,ម៉ាក LG ពណ៌លឿងលាយបៃតង ចំនួន០១ គ្រឿង ,ម៉ាក Honda Dream C125 ចំនួន០១គ្រឿង ,ម៉ាក Vivo ពណ៌ស្វាយផ្លេកពណ៍ ខ្មៅ ពាក់ស្លាកលេខ ភ្នំពេញ 1FZ-1691 លេខតួ+លេខម៉ាស៊ីន 97032487 2AJIMXL ពណ៌ស្លាទុំ លាយបៃតង ស្លាបមាន់ចំនួន០១ដើម និងម៉ាក TOYOTA PRUCEK ពណ៌ប្រផេះ គ្មានស្លាកលេខ លេខតួ+លេខម៉ាស៊ីន 10703288 3BHD គុណភាពល្អ តម្លៃ $2000$ ៕
============================================================

--- Q&A Pair #49 ---
Question: តើតុលាការយុត្តិធម៌អន្តរជាតិក្រុងឡាអេ បានកាត់ក្តីប្រគល់ប្រាសាទព្រះវិហារមកឱ្យកម្ពុជាវិញនៅថ្ងៃខែឆ្នាំណា?
Response: 231 || 239 || លោក កឹម សុខា៖ ការមិនទទួលស្គាល់ការពិតនៅកម្ពុជា គឺជាការរំលោភបំពានយ៉ាងធ្ងន់ធ្ងរលើរដ្ឋធម្មនុញ្ញកម្ពុជា និងច្បាប់អន្តរជាតិ។ (ដកស្រង់ពី «ការដាក់ទោសទណ្ឌ»)
============================================================

--- Q&A Pair #50 ---
Question: តើក្នុងរបបកម្ពុជាប្រជាធិបតេយ្យ ខ្មែរក្រហមបានប្រែក្លាយវិទ្យាល័យទួលស្វាយព្រៃឱ្យទៅជាទីតាំងអ្វី?
Response: 236 || 88 ||<eos>
============================================================

--- Q&A Pair #51 ---
Question: បន្ទាប់ពីថ្ងៃរំដោះ៧មករាឆ្នាំ១៩៧៩ តើប្រទេសកម្ពុជាត្រូវបានប្តូរឈ្មោះជាផ្លូវការទៅជាអ្វី?
Response: 23 || || | ↑ || | ↑ || | ↑ || | ↑ || | ↑ || | ↑ || | ↑ || | ↑ || | ↑ || | ↑ || | ↑ || | ↑ || | ↑ || | ↑ || | ↑ || | ↑ || | ↑ || | ↑ || | ↑ || | ↑ || | ↑ || | ↑ || | ↑ || | ↑ || | ↑ || | ↑ || | ↑ || | ↑ || | ↑ || | ↑ || | ↑ || | ↑ || | ↑ || | ↑ || | ↑ || | ↑ || | ↑ || | ↑ || | ↑ || | ↑ || | ↑ || | ↑ || | ↑ || | ↑ || | ↑ || | ↑ || | ↑ || | ↑ || | ↑ || | ↑ || | ↑ || | ↑ || | ↑ || | ↑ || | ↑ || | ↑ || | ↑ || | ↑ || | ↑ || | ↑ || | ↑ || | ↑ || | ↑ || | ↑ || | ↑ || | ↑ || | ↑ || | ↑ || | ↑ || | ↑ || | ↑ || | ↑ || | ↑ || | ↑ || | ↑ || | ↑ || | ↑ || | ↑ || | ↑ || | ↑ || | ↑ || | ↑ || | ↑ || | ↑ || | ↑ || | ↑ || | ↑ || | ↑ || | ↑ || | ↑ || | ↑ || | ↑ || | ↑ || | ↑ || | ↑ || | ↑ || | ↑ || | ↑ || | ↑ || | ↑ || | ↑ || | ↑ || | ↑ || | ↑ || | ↑ || | ↑ || | ↑ || | ↑ || | ↑ || | ↑ || | ↑ || | ↑ || | ↑ || | ↑ || | ↑ || | ↑ || | ↑ || | ↑ || | ↑ || | ↑ || | ↑ || | ↑ || | ↑ || | ↑ || | ↑ || | ↑ || | ↑ || | ↑ || | ↑ || | ↑ || | ↑ || | ↑ || | ↑ || | ↑ || | ↑ || | ↑ || | ↑ || | ↑ || | ↑ || | ↑ || | ↑ || | ↑ || | ↑ || | ↑ || | ↑ || | ↑ || | ↑ || | ↑ || | ↑ || | ↑ || | ↑ || | ↑ || | ↑ || | ↑ || | ↑ || | ↑ || | ↑ || | ↑ || | ↑ || | ↑ || | ↑ || | ↑ || | ↑ || | ↑ || | ↑ || | ↑ || | ↑ || | ↑ || | ↑ || | ↑ || | ↑ || | ↑ || | ↑ || | ↑ | ↑ || | ↑ || | ↑ || | ↑ || | ↑ || | ↑ || | ↑ || | ↑ || | ↑ || |
============================================================

--- Q&A Pair #52 ---
Question: តើព្រះបាទជ័យវរ្ម័នទី២ បានប្រារព្ធពិធីទេវរាជនៅទីតាំងណា ដើម្បីប្រកាសឯករាជ្យភាពរបស់កម្ពុជាពីប្រទេសជ្វានៅឆ្នាំ៨០២?
Response: 231 || 228 || 164 || 195 || 200 || 339 || 47,88 || 127,00 || 1512 || 620 || 530 || 750 || 810 || 91 || 119 || 108 || 89,922
============================================================

--- Q&A Pair #53 ---
Question: តើតាមរឿងព្រេងនិងកំណត់ត្រាប្រវត្តិសាស្ត្រ ការកកើតអាណាចក្រហ្វូណនកើតចេញពីការរៀបអភិសេករវាងតួអង្គណាខ្លះ?
Response: 23 || 23 || 135 || 1998
============================================================

--- Q&A Pair #54 ---
Question: តើព្រះបាទជ័យវរ្ម័នទី៧បានកសាងប្រាសាទតាព្រហ្មឡើងក្នុងគោលបំណងចម្បងអ្វី?
Response: 231 || 134 || 262 || 195 || 208 || 370 || 49,88 || 650 || 500 || 8.12 || 7.10 || 124 || 90 || 154 || 111 || 104 || 100 || 130 || 130 || 130 || 130 || 130 || 130 || 130 || 130 || 130 || 130 || 130 || 130 || 130 || 130 || 130 || 130 || 130 || 130 || 130 || 130 || 130 || 130 || 130 || 130 || 130 || 130 || 130 || 130 || 130 || 130 || 130 || 130 || 130 || 130 || 130 || 130 || 130 || 130 || 130 || 130 || 130 || 130 || 130 || 130 || 130 || 130 || 130 || 130 || 130 || 130 || 130 || 130 || 130 || 130 || 130 || 130 || 130 || 130 || 130 || 130 || 130 || 130 || 130 || 130 || 130 || 130 || 130 || 130 || 130 || 130 || 130 || 130 || 130 || 130 || 130 || 130 || 130 || 130 || 130 || 130 || 130 || 130 || 130 || 130 || 130 || 130 || 130 || 130 || 130 || 130 || 130 || 130 || 130 || 130 || 130 || 130 || 130 || 130 || 130 || 130 || 130 || 130 || 130 || 130 || 130 || 130 || 130 || 130 || 130 || 130 || 130 || 130 || 130 || 130 || 130 || 130 || 130 || 130 || 130 || 130 || 130 || 130 || 130 || 130 || 130 || 130 || 130 || 130 || 130 || 130 || 130 || 130 || 130 || 130 || 130 || 130 || 130 || 130 || 130 || 130 || 130 || 130 || 130 || 130 || 130 || 130 || 130 || 130 || 130 || 130 || 130 || 130 || 130 || 130 || 130 || 130 || 130 || 130 || 130 || 130 || 130 || 130 || 130 || 130 || 130 || 130 || 130 || 130 || 130 || 130 || 130 || 130 || 130 || 130 || 130 || 130 || 130 || 130 || 130 || 130 || 130 || 130 || 130 || 130 || 130 || 130 || 130 || 130 || 130 || 130 || 130 || 130 || 130 || 130 || 130 || 130 || 130 || 130 || 130 || 130 || 130 || 130 || 130 || 130 || 130 || 130 || 130 || 130 || 130 || 130 || 130 || 130 || 130 || 130 || 130 || 130 || 130 || 130 || 130 || 130 || 130 || 130 || 130 || 130 || 130 || 130 || 130 || 130 || 130 || 130 || 130 || 130 || 130 || 130 || 130 || 130 || 130 || 130 || 130 || 130 || 130 || 130 || 130 || 130 || 130 || 130 || 130 || 130 || 130 || 130 || 130 || 130 || 130 || 130 || 130 || 130 || 130
============================================================

--- Q&A Pair #55 ---
Question: នៅពេលដែលព្រះបាទបរមរាជាចៅពញាយ៉ាតបានមកកសាងរាជធានីចតុមុខ តើព្រះអង្គបានបញ្ជាឱ្យជួសជុលនិងលើកកម្ពស់រមណីយដ្ឋានសាសនាអ្វីដែលជានិមិត្តរូបក្រុងភ្នំពេញបច្ចុប្បន្ន?
Response: 23 || 218 || 169 || 324 || 195 || 437 || 60 || 70 || 550 || 810 || 10.12 || 9,888
============================================================

--- Q&A Pair #56 ---
Question: តើព្រះមហាក្សត្រអង្គណាដែលបានប្តូររាជធានីពីលង្វែកទៅតាំងនៅភ្នំព្រះរាជទ្រព្យ ហើយដាក់ឈ្មោះថាក្រុងឧដុង្គមានជ័យនៅឆ្នាំ១៦២០?
Response: 239 ||1372 ||1246 ||0854 ||1050 ||2000 ||3022 ||2019||ថ្ងៃអង្គារ ទី១៦ ខែធ្នូ ឆ្នាំ២០១៩ ម៉ោង១២:៤៥នាទី ព័ត៌មានថ្មីៗពីកំសាន្តៈ ភ្នំសំពៅជាតំបន់ទេសចរណ៍ធម្មជាតិមួយដែលមានទីតាំងស្ថិតនៅក្នុងភូមិសាស្ត្រភូមិអន្លង់ស្វាយ ឃុំត្រពាំងតាវ ស្រុកអន្លង់វែង ខេត្តឧត្តរមានជ័យ។ វាមានចម្ងាយប្រមាណជាង២០គីឡូម៉ែត្រ ពីទីរួមខេត្តបន្ទាយមានជ័យ តាមផ្លូវជាតិលេខ៦២ និងផ្លូវក្រាលកៅស៊ូប្របមាត់ទន្លេមេគង្គក្នុងឃុំស្រណាលស្រុកក្រឡាញ់ ខេត្តសៀមរាប ។ បើយោងតាមប្រភពព័ត៌មានពីប្រជាពលរដ្ឋដែលរស់នៅក្បែរៗនោះបានប្រាប់ឲ្យដឹងថានៅពេលយប់ពួកគាត់តែងតែទៅលេងទឹកនៅចំណុចខាងលើដើម្បីរកកន្លែងជ្រកភ្លៀងនិងអាចយកចំណីអាហារមកធ្វើម្ហូបទទួលទានប្រចាំថ្ងៃបាន។ ពេលខ្លះទៀតក៏មិនដឹងដែរថាហេតុអ្វីបានជាអាជ្ញាធរមូលដ្ឋាននៅទីនេះមិនបានយកចិត្តទុកដាក់ក្នុងការរៀបចំសណ្តាប់ធ្នាប់ឲ្យបានល្អស្អាតដូចសព្វថ្ងៃនេះ? តើលោកអភិបាលខេត្តគួរធ្វើយ៉ាងណា ដើម្បីឲ្យពលរដ្ឋរស់នៅលើដីព្រៃសហគមន៍មួយនេះ មានសុវត្ថិភាពខ្ពស់ជាងមុន? សូមបញ្ជាក់ផងដែរថា កាលពីថ្ងៃទី២៨ ខែតុលា ឆ្នាំ២០១៨ កន្លងទៅថ្មីៗនេះ លោក ម៉ា សេរី ប្រធានមន្ទីរបរិស្ថានខេត្តសៀមរាប បានដឹកនាំមន្ត្រីក្រោមឱវាទចុះពិនិត្យការដ្ឋានជីករណ្តៅរ៉ែមាសមួយកន្លែងស្ថិតនៅភូមិស្នោ សង្កាត់ជ្រាវ ក្រុងសៀមរាប ដែលស្ថិតក្នុងសង្កាត់សាលាកំរើកក្រុងសៀមរាប ដែលមានម្ចាស់ឈ្មោះ ហ៊ុយ គីម ភេទប្រុស អាយុ៣៧ឆ្នាំ រស់នៅភូមិមណ្ឌល១ សង្កាត់ស្លក្រាម ក្រុងសៀមរាប ដែលបានសាងសង់ផ្ទះល្វែងជាប់គ្នាជាមួយដើមឈើធំទ្រុឌទ្រោមជាច្រើនម៉ែត្រ ហើយត្រូវបានឈ្មួញលួចចាក់បំពេញយ៉ាងរំភើយតែម្តង៕
============================================================

--- Q&A Pair #57 ---
Question: តើចលនាបះបោរប្រឆាំងនឹងការប្រមូលពន្ធដារនិងការជិះជាន់របស់អាណានិគមបារាំងនៅចន្លោះឆ្នាំ១៨៨៥ដល់១៨៨៦ ដឹកនាំដោយវីរបុរសរូបណាខ្លះជាចម្បង?
Response: 23 || || | ↑ || | ↑ || | ↑ || | ↑ || | ↑ || | ↑ || | ↑ || | ↑ || | ↑ || | ↑ || | ↑ || | ↑ || | ↑ || | ↑ || | ↑ || | ↑ || | ↑ || | ↑ || | ↑ || | ↑ || | ↑ || | ↑ || | ↑ || | ↑ || | ↑ || | ↑ || | ↑ || | ↑ || | ↑ || | ↑ || | ↑ || | ↑ || | ↑ || | ↑ || | ↑ || | ↑ || | ↑ || | ↑ || | ↑ || | ↑ || | ↑ || | ↑ || | ↑ || | ↑ || | ↑ || | ↑ || | ↑ || | ↑ || | ↑ || | ↑ || | ↑ || | ↑ || | ↑ || | ↑ || | ↑ || | ↑ || | ↑ || | ↑ || | ↑ || | ↑ || | ↑ || | ↑ || | ↑ || | ↑ || | ↑ || | ↑ || | ↑ || | ↑ || | ↑ || | ↑ || | ↑ || | ↑ || | ↑ || | ↑ || | ↑ || | ↑ || | ↑ || | ↑ || | ↑ || | ↑ || | ↑ || | ↑ || | ↑ || | ↑ || | ↑ || | ↑ || | ↑ || | ↑ || | ↑ || | ↑ || | ↑ || | ↑ || | ↑ || | ↑ || | ↑ || | ↑ || | ↑ || | ↑ || | ↑ || | ↑ || | ↑ || | ↑ || | ↑ || | ↑ || | ↑ || | ↑ || | ↑ || | ↑ || | ↑ || | ↑ || | ↑ || | ↑ || | ↑ || | ↑ || | ↑ || | ↑ || | ↑ || | ↑ || | ↑ || | ↑ || | ↑ || | ↑ || | ↑ || | ↑ || | ↑ || | ↑ || | ↑ || | ↑ || | ↑ || | ↑ || | ↑ || | ↑ || | ↑ || | ↑ || | ↑ || | ↑ || | ↑ || | ↑ || | ↑ || | ↑ || | ↑ || | ↑ || | ↑ || | ↑ || | ↑ || | ↑ || | ↑ || | ↑ || | ↑ || | ↑ || | ↑ || | ↑ || | ↑ || | ↑ || | ↑ || | ↑ || | ↑ || | ↑ || | ↑ || | ↑ || | ↑ || | ↑ || | ↑ || | ↑ || | ↑ || | ↑ || | ↑ || | ↑ || | ↑ || | ↑ || | ↑ || | ↑ || | ↑ || | ↑ || | ↑ | ↑ || |
============================================================

--- Q&A Pair #58 ---
Question: តើសំណង់វិមានឯករាជ្យនៅរាជធានីភ្នំពេញត្រូវបានកសាងឡើងនៅឆ្នាំណា ដើម្បីរំលឹកដល់ព្រឹត្តិការណ៍អ្វី ហើយរចនាដោយស្ថាបត្យកររូបណា?
Response: 239 || | © រក្សាសិទ្ធិគ្រប់យ៉ាងដោយ Mercedes នៅភ្នំពេញ។
============================================================

--- Q&A Pair #59 ---
Question: តើវត្តព្រះកែវមរកតឬវត្តប្រាក់ ដែលស្ថិតនៅក្នុងបរិវេណព្រះបរមរាជវាំង មានឈ្មោះផ្លូវការអ្វី ហើយត្រូវបានកសាងដំបូងក្នុងរជ្ជកាលព្រះមហាក្សត្រអង្គណា?
Response: 231 || 239 || 232 || 235 || 233 || 146 || 087 || 288 || 30 || 420 || 550 || 600 || 7,228
============================================================

--- Q&A Pair #60 ---
Question: តើប្រទេសកម្ពុជាបានប្រកាសឱ្យប្រើប្រាស់រដ្ឋធម្មនុញ្ញជាលើកដំបូងបង្អស់នៅក្នុងឆ្នាំណា ដែលប្រែក្លាយប្រទេសទៅជារបបរាជាធិបតេយ្យអាស្រ័យរដ្ឋធម្មនុញ្ញ?
Response: 238 || 239 || សារព័ត៌មាន The Cambodia Daily បានផ្សព្វផ្សាយកាលពីថ្ងៃអាទិត្យ ទី១៦ ខែកញ្ញា ថា លោកនាយករដ្ឋមន្ត្រី ហ៊ុន សែន នឹងដឹកនាំគណៈប្រតិភូជាន់ខ្ពស់ទៅចូលរួមកិច្ចប្រជុំកំពូលអាស៊ានលើកទី៣៤ និងកិច្ចប្រជុំកំពូលពាក់ព័ន្ធ នៅទីក្រុងបាងកក ប្រទេសថៃ។ កិច្ចប្រជុំនេះ ធ្វើឡើងក្រោមប្រធានបទ «ការកសាងសហគមន៍វាសនារួមកម្ពុជា-ចិន» ដែលនឹងប្រព្រឹត្តទៅចាប់ពីថ្ងៃទី២៦ ដល់ថ្ងៃទី៣០ ខែតុលា ឆ្នាំ២០១៩ ខាងមុខនេះ។ ការលើកឡើងរបស់លោក ហ៊ុន សែន នេះ គឺបន្ទាប់ពីលោក សម រង្ស៊ី ប្រធានគណបក្សសង្គ្រោះជាតិ ដែលកំពុងរស់នៅក្រៅប្រទេស បានប្រកាសថា គណបក្សប្រជាជនកម្ពុជា អាចនឹងទទួលបានតំណែងជានាយករដ្ឋមន្ត្រីបន្តពីឪពុករបស់ខ្លួន បើទោះបីជាមានវ័យចំណាស់ជាងយ៉ាងណាក៏ដោយ៕
============================================================

--- Q&A Pair #61 ---
Question: តើប្រាសាទប្រែរូបត្រូវបានកសាងឡើងក្នុងរជ្ជកាលព្រះមហាក្សត្រអង្គណា?
Response: 231 || 239 || 080 || 224 || 136 || 375 || 420 || 550 || 600 || 730 || 10,88 || 8,10||ព័ត៌មានប្រចាំថ្ងៃឧសភា 2018៖ ១. លោក ហ៊ុន ម៉ាណែត ត្រូវបានព្រះមហាក្សត្រ តែងតាំងជាអគ្គលេខាធិការរងព្រឹទ្ធសភា ២. លោក សាយ ឈុំ ប្រធានព្រឹទ្ធសភា ៣. ព្រះករុណា ព្រះបាទសម្តេច ព្រះបរមនាថ នរោត្តម សីហមុនី និងព្រះអង្គម្ចាស់ ស៊ីសុវត្ថិ កុរុង្គ ៤. សម្ដេចក្រុមព្រះនរោត្ដមរណឫទ្ធិ ៥. សម្តេចក្រុមព្រះ នរោត្តម រណឬទ្ធិ ៦. ព្រះអង្គម្ចាស់ស៊ីសុវត្ថិ យាងចូលទិវង្គតក្នុងព្រះជន្ម ៧៦ វស្សា។
============================================================

--- Q&A Pair #62 ---
Question: តើរមណីយដ្ឋានប្រវត្តិសាស្ត្រអង្គរត្រូវបានចុះបញ្ចូលក្នុងបញ្ជីបេតិកភណ្ឌពិភពលោករបស់អង្គការយូណេស្កូជាផ្លូវការនៅថ្ងៃខែឆ្នាំណា?
Response: 231 || 142 || 193 || 289 || 206 || 375 || 60 || 410 || 500 || 750 || 820 || 930 || 61 || 88 || 11,12 || 12,22 || 10,23 || 15,28 || 1,23 || 0,23 || 1,28 || 1,28 || 1,29 || 1,29 || 1,29 || 1,29 || 1,29 || 1,29 || 1,29 || 1,29 || 1,29 || 1,29 || 1,29 || 1,29 || 1,29 || 1,29 || 1,29 || 1,29 || 1,29 || 1,29 || 1,29 || 1,29 || 1,29 || 1,29 || 1,29 || 1,29 || 1,29 || 1,29 || 1,29 || 1,29 || 1,29 || 1,29 || 1,29 || 1,29 || 1,29 || 1,29 || 1,29 || 1,29 || 1,29 || 1,29 || 1,29 || 1,29 || 1,29 || 1,29 || 1,29 || 1,29 || 1,29 || 1,29 || 1,29 || 1,29 || 1,29 || 1,29 || 1,29 || 1,29 || 1,29 || 1,29 || 1,29 || 1,29 || 1,29 || 1,29 || 1,29 || 1,29 || 1,29 || 1,29 || 1,29 || 1,29 || 1,29 || 1,29 || 1,29 || 1,29 || 1,29 || 1,29 || 1,29 || 1,29 || 1,29 || 1,29 || 1,29 || 1,29 || 1,29 || 1,29 || 1,29 || 1,29 || 1,29 || 1,29 || 1,29 || 1,29 || 1,29 || 1,29 || 1,29 || 1,29 || 1,29 || 1,29 || 1,29 || 1,29 || 1,29 || 1,29 || 1,29 || 1,29 || 1,29 || 1,29 || 1,29 || 1,29 || 1,29 || 1,29 || 1,29 || 1,29 || 1,29 || 1,29 || 1,29 || 1,29 || 1,29 || 1,29 || 1,29 || 1,29 || 1,29 || 1,29 || 1,29 || 1,29 || 1,29 || 1,29 || 1,29 || 1,29 || 1,29 || 1,29 || 1,29 || 1,29 || 1,29 || 1,29 || 1,29 || 1,29 || 1,29 || 1,29 || 1,29 || 1,29 || 1,29 || 1,29 || 1,29 || 1,29 || 1,29 || 1,29 || 1,29 || 1,29 || 1,29 || 1,29 || 1,29 || 1,29 || 1,29 || 1,29 || 1,29 || 1,29 || 1,29 || 1,29 || 1,29 || 1,29 || 1,29 || 1,29 || 1,29 || 1,29 || 1,29 || 1,29 || 1,29 || 1,29 || 1,29 || 1,29 || 1,29 || 1,29 || 1,29 || 1,29 || 1,29 || 1,29 || 1,29 || 1,29 || 1,29 || 1,29 || 1,29 || 1,29 || 1,29 || 1,29 || 1,29 || 1,29 || 1,29 || 1,29 || 1,29 || 1,29 || 1,29 || 1,29 || 1,29 || 1,29 || 1,29 || 1,29 || 1,29 || 1,29 || 1,29 || 1,29 || 1,29 || 1,29 || 1,29 || 1,29 || 1,29 || 1,29 || 1,29 || 1,29 || 1,29 || 1,29|| | - 1,29 || 1,21 || 1,29 || 1,29 || 1,24 || 1,29 || 1.1,29 || 1m || 1,2 || 1,21 || 1,2 || 1,2 || 1,2 || 1,2 || 1,2 || 1,2 || 1,24 || 1,2 || 1,2 || 1,2 || 1,2 || 1,2 || 1,2 || 1,2 || 1,2 || 1,2 || 1,2 || 1,2 || 1,2 || 1,2 || 1,2 || 1,2 ||
============================================================

--- Q&A Pair #63 ---
Question: តើព្រះមហេសីរបស់ព្រះបាទជ័យវរ្ម័នទី៧ព្រះនាមអ្វី ដែលមានព្រះរាជតួនាទីយ៉ាងសំខាន់ក្នុងការបង្រៀននិងផ្សព្វផ្សាយព្រះពុទ្ធសាសនា?
Response: 239 || 181 || 224 || 196 || 203 || 357 || 550 || 40 || 610 || 730 || 820 || 988 || 10,128
============================================================

--- Q&A Pair #64 ---
Question: តើព្រះមហាក្សត្រអង្គណាដែលបានផ្លាស់ប្តូររាជធានីពីតំបន់អង្គរទៅតំបន់កោះកេរ ហើយរាជធានីនោះមានឈ្មោះដើមអ្វី?
Response: 239 || 2258 || 2434 || 1617 || 1908 || 3304 || 2000 || 4504 || 6104 || 7205 || 5124 || 8888 || 9144 || 12144 || 11144 || 10144 || 15224
============================================================

--- Q&A Pair #65 ---
Question: តើប្រាសាទបន្ទាយស្រីដែលមានក្បាច់ចម្លាក់ដ៏រស់រវើក ត្រូវបានកសាងឡើងដោយឥស្សរជនរូបណា?
Response: 239 || 134 || 215 || 196 || 207 || 158 || 32 || 40 || 500 || 650 || 720 || 9,88 || 8,10 || 12,12 || 11,30 || 10,87 || 1,22 || 23,83 || 0.1K មើល ការពិពណ៌នាអំពីផលិតផល៖ កញ្ចប់ប្រអប់អំណោយនិងកញ្ចប់។ ល។ លក្ខណៈពិសេស: - រចនាប័ទ្មរចនាសមហេតុផលនៃកអាវ។ - ពណ៌លំនាំផ្ទាល់ខ្លួនអាចត្រូវបានប្ដូរតាមបំណងជាមួយនឹងរូបរាងស្រស់ស្អាត។ - សម្ភារៈ: ក្រណាត់សូត្រ / អាលុយមីញ៉ូមរលោង។ - ទំហំ៖ ៤០x៤៥ មីលីម៉ែត្រការ៉េ (អិល) ១៥០x៣៨cm(អិល) ២៤០x២៦cm(អិល) ៣៣០x១៤cm(អិល) ៨៩x១៦cm(អិល) ៩៩x១៨cm(អិល) ២៥ គីឡូក្រាមក្នុងមួយទំហំ ១០X១-១៥"*១០"*១២"*២០"*១១"*១៣"*១៧"*១៩"*២៥"*៧"*២០"*១២"*១០"*១៥"*១០"*១៥"*២០០#*១៦"*៦០"*១២"*៣១"*១០"*១២"*១២"*១២"*១២"*១៥"*១២"*១២"*១២"*១២"*១២"*១២"*១២"*១២"*១២"*១២"*១២"*១២"*១២"*១២"*១២"*១២"*១២"*១២"*១២"*១២"*១២"*១២"*១២"*១២"*១២"*១២"*១២"*១២"*១២"*១២"*១២"*១២"*១២"*១២"*១២"*១២"*១២"*១២"*១២"*១២"*១២"*១២"*១២"*១២"*១២"*១២"*១២"*១២"*១២"*១២"*១២"*១២"*១២"*១២"*១២"*១២"*១២"*១២"*១២"*១២"*១២"*១២"*១២"*១២"*១២"*១២"*១២"*១២"*១២"*១២"*១២"*១២"*១២"*១២"*១២"*១២"*១២"*១២"*១២"*១២"*១២"*១២"*១២"*១២"*១២"*១២"*១២"*១២"*១២"*១២"*១២"*១២"*១២"*១២"*១២"*១២"*១២"*១២"*១២"*១២"*១២"*១២"*១២"*១២"*១២"*១២"*១២"*១២"*១២"*១២"*១២"*១២"*១២"*១២"*១២"*១២"*១២"*១២"*១២"*១២"*១២"*១២"*១២"*១២"*១២"*១២"*១២"*១២"*១២"*១២"*១២"*១២"*១២"*១២"*១២"*១២"*១២"*១២"*១២"*១២"*១២"*១២"*១២"*១២"*១២"*១២"*១២"*១២"*១២"*១២"*១២"*១២"*១២"*១២"*១២"*១២"*១២"*១២"*១២"*១២"*១២"*១២"*១២"*១២"*១២"*១២"*១២"*១២"*១២"*១២"*១២"*១២"*១២"*១២"*១២"*១២"*១២"*១២"*១២"*១២"*១២"*១២"*១២"*១២"*១២"*១២"*១២"*១២"*១២"*១២"*១២"*១២"*១២"*១២"*១២"*១២"*១២"*១២"*១២"*១២"*១២"*១២"*១២"*១២"*១២"*១២"*១២"*១២"*១២"*១២"*១២"*១២"*១២"*១២"*១២"*១២"*១២"*១២"*១២"*១២"*១២"*១២"*១២"*១២"*១២"*១២"*១២"*១២"*១២"*១២"*១២"*១២"*១២"*១២"*១២"*១២"*១២"*១២"*១២"*១២"*១២"*១២"*១២"*១២"*១២"*១២"*១២"*១២"*១២"*១២"*១២"*១២"*១២"*១២"*១២"*១២"*១២"*១២"*១២"*១២"*១២"*១២"*១២"*១២"*១២"*១២"*១២"*១២"*១២"*១២"*១២"*១២"*១២"*១២"*១២"*១២"*១២"*១២"*១២"*១២"*១២"*១២"*១២"*១២"*១២"*១២"*១២"*១២"*១២"*១២"*១២"*១២"*១២"*១២"*១២"*១២"*១២"*១២"*១២"*១២"*១២"*១២"*១២"*១២"*១២"*១២"*១២"*១២"*១២"*១២"*១២"*១២"*១២"*១២"*១២"*១២"*១២"*១២"*១២"*១២"*១២"*១២"*១២"*១២"*១២"*១២"*១២"*១២"*១២"*១២"*១២"*១២"*១២"*១២"*១២"*១២"*១២"*១២"*១២"*១២"*១២"*១២"*១២"*១២"*១២"*១២"*១២"*១២"*១២"*១២"*១២||១២"*១២"*១២"*១២"*១២"*១២"*១២"*១២"*១២"* ១២"*១២"*១២"*១២"*១២ "*១២"*១២"*១២"*១២"*១២"*១២ ។ ១៣”*១២"*១២"*១២"*១២"*១២"*១២"*១២"*១២"*១២"*១២"*១២"*១២"*១២"*១២"*១២"*១២"*១២"*១២"*១២"*១២+ ១៤"*១២"*១២"*១២"*១២"*១២"*១៣"*១២"*១២*១២"*១២"*១២
============================================================

--- Q&A Pair #66 ---
Question: យោងតាមសិលាចារឹកបក្សីចាំក្រុង តើពាក្យថា 'កម្ពុជា' មានប្រភពដើមចេញពីរឿងព្រេងនៃការជួបគ្នារវាងតួអង្គណាខ្លះ?
Response: 'កម្ពុជា' | 'កម្ពុជា' គឺជាប្រទេសមួយក្នុងចំណោមប្រទេសទាំងប្រាំបួនដែលមានប្រជាជនសរុបជាង ៦០ លាននាក់នៅក្នុងពិភពលោក។ ប្រទេសនេះគឺជាផ្នែកមួយនៃទឹកដីនៃប្រទេសកម្ពុជា។ នៅក្នុងអត្ថបទនេះ យើងនឹងស្វែងយល់ពីប្រវត្តិនៃការជួបគ្នារវាងតួអង្គសំខាន់ៗចំនួនបីគឺ៖ - ព្រះមហាក្សត្រិយានី និងព្រះមហាក្សត្រីយានី។ - ព្រះបាទនរោត្តម សីហមុនី (១៨៦៥-១៩៤២) ។ - ព្រះបរមនាមរបស់ព្រះអង្គម្ចាស់ នរោត្ដម រណឫទ្ធិ (១៨៨៧-១៩៩១) ។ - ព្រះនាងមហេស្វរៈ ឬរាជបុត្ររបស់ព្រះចៅអធិរាជ្យវង្សាវតារក្សត្រទី ២ នៃចក្រភពអង់គ្លេស។ - ព្រះបាទនរោត្តម សីហនុ (១៨៩៣-២០០២) ។ - ព្រះបាទនរោត្តម សីហមុនី (១៨៩៨-២០០២) ។ - ព្រះបាទនរោត្តម សីហមុនី (១៨៩៩–២០០២) ។ - ព្រះបាទនរោត្តម សីហមុនី (១៨៩៩–២០១២) ។ - ព្រះបាទនរោត្តម សីហមុនី (១៨០០–២០១២) ។
============================================================

--- Q&A Pair #67 ---
Question: តើប្រាសាទព្រះវិហារត្រូវបានកសាងឡើងនៅលើជួរភ្នំអ្វី ហើយស្ថាបនាឡើងដើម្បីឧទ្ទិសដល់ព្រះអាទិទេពអង្គណា?
Response: 23-Jan-2017 8:04 am ក្នុងវ័យកុមារភាពរបស់ខ្ញុំ ខ្ញុំមានអាយុត្រឹមតែ២៣ឆ្នាំប៉ុណ្ណោះ។ គាត់គឺជាកូនទី៦ ក្នុងចំណោមបងប្អូនចំនួន៣នាក់។ កាលនៅតូចៗ... បើចង់ជោគជ័យក្នុងជីវិត អ្នកគួរចេះសន្សំលុយ និងពេលវេលាឲ្យច្រើនជាងមុន! 21-May-2016 9:53 am មនុស្សម្នាក់ៗតែងតែប្រាថ្នាចង់បាននូវអ្វីដែលអ្នកចង់បាន ហើយអ្នកក៏មិនដែលខ្វល់ពីវាដែរ។ ប៉ុន្តែបើសិនជាអ្នកធ្លាប់គិតបែបនេះមែន នោះវានឹងក្លាយទៅជាទម្លាប់ដ៏អាក្រក់មួយសម្រាប់អ្នកទៅវិញទេ។ ខាងក្រោមនេះ គឺជាគន្លឹះសំខាន់ៗទាំង៤ ដែលជួយឲ្យអ្នកទទួលបានជោគជ័យក្នុងការងារ៖ ១) សម្រេចចិត្តឲ្យបានច្បាស់លាស់ ៖ ប្រសិនបើអ្នកពិតជាស្រលាញ់ខ្លួនឯងខ្លាំងជាងគេ ព្រោះថាការសម្រេចគោលដៅរបស់អ្នកគឺជារឿងសំខាន់បំផុតសម្រាប់ជីវិតរបស់អ្នក។ អ្នកអាចធ្វើអ្វីដែលខ្លួនពេញចិត្ត ដោយគ្រាន់តែព្យាយាមអនុវត្តតាមវិធីខាងក្រោមនេះ។ ២) ការកំណត់ពេលវេលាសម្រាប់អនាគត ៖ ជាការពិតណាស់ សម្រាប់មនុស្សមួយចំនួន ប្រាកដជាចូលចិត្តនិយាយរឿងរ៉ាវផ្ទាល់ខ្លួន ឬស្នេហាពិតរបស់គេ ដូច្នេះហើយទើបពួកគេអាចក្លាយជាមិត្តល្អនឹងគ្នា។ តែទោះបីជាយ៉ាងណាក៏ដោយ បើសិនជាអ្នកនៅតែបន្តទៅមុខទៀតនោះ វាមិនងាយស្រួលនោះទេ ក្នុងការស្វែងរកដៃគូថ្មីដើម្បីបង្កើតទំនាក់ទំនងជាមួយគេ។ ៣) រៀបចំផែនការទុកជាមុន ៖ ប្រសិនបើអ្នកមានគម្រោងរៀបចំផែនការទុកមុន អ្នកគួរតែត្រៀមខ្លួនរួចស្រេច ដើម្បីចាប់ផ្តើមដំណើរឆ្ពោះទៅរកផ្លូវត្រូវមួយ។ នេះមិនមែនជាកំហុសឆ្គងទេ វាអាស្រ័យទៅលើថាតើអ្នកអាចចំណាយពេលប៉ុន្មានលើកិច្ចការទាំងនោះ។ ៤) កំណត់ពេលស្វែងយល់ពីបញ្ហាផ្សេងៗ ៖ ពេលខ្លះ យើងអាចនឹងគិតថា អ្វីដែលយើងត្រូវការ គឺជាការសម្រេចចិត្តត្រឹមត្រូវ។ នៅពេលយើងជួបបញ្ហាធំៗ ដូចជា បញ្ហាគ្រួសារជាដើម ពួកគេប្រហែលជាមិនអាចដោះស្រាយបញ្ហានេះបានទេ ដោយសារតែគ្មាននរណាម្នាក់ដឹងច្បាស់អំពីមូលហេតុរបស់វាឡើយ។ ៥) ធ្វើការងារផ្ទះ ៖ នៅពេលដែលអ្នកកំពុងតែធ្វើការនៅផ្ទះ អ្នកត្រូវតែរកមើលកន្លែងណាដែលមានសុវត្ថិភាពជាងនៅក្នុងបន្ទប់ទឹក ទើបអ្នកអាចដឹងថា តើវាមានសុវត្ថិភាពកម្រិតណានៅពេលដែលអ្នកកំពុងធ្វើដំណើរទៅណាមកណា? ៦) ស្វែងរកឱកាសថ្មីៗ ៖ ត្រូវប្រាកដថាអ្នកដឹងពីរបៀបជ្រើសរើសទីតាំងសម្រាប់ការស្នាក់នៅដោយខ្លួនឯង។ វិធីល្អបំផុតនោះគឺត្រូវស្វែងរកកន្លែងមួយដែលសមស្របបំផុត។ ៧) កុំខ្លាចក្នុងការទាក់ទងជាមួយអ្នកដទៃ ៖ មិនថាជាមិត្តភក្តិឬក្រុមគ្រួសារនោះទេ។ ៨) សួរនាំព័ត៌មានលម្អិត ៖ តើអ្នកជាមនុស្សម្នាក់ក្នុងចំណោមអ្នកដែលស្គាល់គ្នាដែររឺអត់? ៩) ធ្វើការស្រាវជ្រាវបន្ថែម ៖ មុនដំបូងឡើយ អ្នកត្រូវសួរទៅកាន់សមាជិកក្រុមផ្សេងទៀត អំពីគោលបំណងនៃសកម្មភាពរបស់ពួកគេ ។ នៅក្នុងសៀវភៅខាងលើ លោកអ្នកត្រូវសរសេរអត្ថបទមួយក្បាល ដែលមានចំណងជើងថា “The Money” (Strengthening Community and Discoveries of their skills information. ) ។ ១០) ពិនិត្យមើលឡើងវិញនូវចំណុចខ្វះខាតរបស់ខ្លួនឯង ៖ ចំណុចនេះហើយដែលជាកត្តាធ្វើឲ្យលោកអ្នកមានអារម្មណ៍ធុញទ្រាន់និងពិបាកទប់ទល់នឹងការលំបាកទាំងឡាយ៕ មតិយោបល់ ចប់ហើយ! អ្នករៀនធនាគារបន្តិចទៀតអាចនឹងពិបាករកការងារធ្វើមែនទេ បើបច្ចេកវិទ្យា AI មកជំនួស? ខ្មែរតិចណាស់ដឹង! ខ្លាត្រីដ៏កម្ររបស់កម្ពុជាកំពុងសម្ងំរស់នៅយ៉ាងស្ងាត់ដូចចេគោរព អេនជេលលីន ផ្លូវការណ៍ លោកស្រី គឹម ហ៊ាង ចេញសារសុំទោសជាសាធារណៈ ក្រោយឃើញអន្ទិតព្រះម៉ែនីកា ស្រែកយំនិងខ្សាវដៀលថា «ក្មេងស្រីហ្នឹងខួរក្បាលចេះតែដើរមកលោតសម្លាប់ខ្លួន» ធ្វើឲ្យហ្វេនជាច្រើនរំភើបស្ទើរហោះ បន្ទាប់ពីឃើញបុត្រាបុត្រីទាំងពីររបស់ពួកគាត់ កាលពី២០ឆ្នាំមុន ពិតជាស្រស់ស្អាតដល់ម្លឹង សម្តេចតេជោ ហ៊ុន សែន អញ្ជើញចូលរួមកិច្ចប្រជុំកំពូលអាស៊ានលើកទី៣៧ នៅប្រទេសវៀតណាម សម្តេចអគ្គមហាសេនាបតីតេជោ ហ៊ុន សែន នាយករដ្ឋមន្រ្តី នៃព្រះរាជាណាចក្រកម្ពុជា អនុញ្ញាតឱ្យ នាយករដ្ឋមន្ត្រីឡាវ ចូលជួបសម្តែងការគួរសម និងពិភាក្សាការងារ
============================================================

--- Q&A Pair #68 ---
Question: តើស្ថានីយបុរេប្រវត្តិសាស្ត្រល្អាងស្ពាន ដែលបង្ហាញពីការរស់នៅរបស់មនុស្សយុគថ្ម មានទីតាំងស្ថិតនៅក្នុងខេត្តណា?
Response: 237 || 229 || 163 || 195 || 208 || 341 || 240 || 430 || 750 || 620 || 810 || 988 || 500 || 10,224
============================================================

--- Q&A Pair #69 ---
Question: តើមេទ័ពខ្មែររូបណាដែលបានលះបង់ជីវិតលោតចូលរណ្តៅចម្រូង ដើម្បីទៅកេណ្ឌទ័ពខ្មោចមកជួយច្បាំងក្នុងសម័យលង្វែក?
Response: 239 ||183 ||125 ||104 ||076 ||202 ||301 ||5022 ||002 ||304 ||304 ||304 ||304 ||304 ||305 ||304 ||304 ||304 ||305 ||304 ||304 ||304 ||305 ||304 ||304 ||304 ||304 ||304 ||304 ||304 ||305 ||304 ||304 ||304 ||304 ||304 ||304 ||304 ||304 ||304 ||304 ||304 ||304 ||304 ||304 ||304 ||304 ||304 ||304 ||304 ||304 ||304 ||304 ||304 ||304 ||304 ||304 ||304 ||304 ||304 ||304 ||304 ||304 ||304 ||304 ||304 ||304 ||304 ||304 ||304 ||304 ||304 ||304 ||304 ||304 ||304 ||304 ||305 ||304 ||304 ||304 ||304 ||304 ||304 ||304 ||304 ||305 ||304 ||304 ||304 ||304 ||304 ||304 ||305 ||304 ||304 ||304 ||304 ||304 ||304 ||304 ||304 ||305 ||304 ||305 ||304 ||304 ||304 ||304 ||304 ||305 ||305 ||304 ||304 ||304 ||305 ||305 ||304 ||308 ||305 ||305 ||305 ||306 ||308 ||304 ||308 ||305 ||308 ||308 ||305 ||308 ||308 ||308 ||308 ||308 ||308 ||308 ||309 ||308 ||308 ||308 ||308 ||308 ||309 ||309 ||309 ||308 ||309 ||308 ||308 ||308 ||301 ||308 ||308 ||301 ||308 ||301 ||308 ||308 ||301 ||308 ||309 ||309 ||308 ||308 ||301 ||308 ||309 ||301 ||301 ||301 ||308 ||301 ||301 ||302 ||304 ||308 ||301 ||301 ||304 ||301 ||305 ||308 ||308 ||305 ||308 ||308 ||308 ||308 ||305 ||308 ||308 ||308 ||308 ||308 ||309 ||309 ||309 ||301 ||308 ||308 ||301 ||301 ||309 ||301 ||304 ||301 ||308 ||302 ||305 ||301 ||301 ||301 ||304 ||302 ||308 ||305 ||301 ||301 ||301 ||308 ||302 ||304 ||304 ||308 ||301 ||304 ||302 ||308 ||308 ||308 ||305 ||308 ||305 ||308 ||308 ||309 ||309 ||309 ||301 ||308 ||301 ||302 ||305 ||308 ||301 ||307 ||309 ||301 ||301 ||308 ||305 ||301 ||305 ||302 ||309 ||304 ||302 ||305 ||305 ||301 ||302 ||304 ||304 ||306 ||308 ||301 ||308 ||305 ||308 ||308 ||301 ||308 ||308 ||308 ||308 ||305 ||301 ||305 ||308 ||305 ||309 ||307 ||309 ||309 ||308 ||308 ||301||ការវាស់វែង និងត្រួតពិនិត្យ។| |1- រមណីយដ្ឋានឆ្នេរខ្សាច់ពណ៌ស - + 2.1 ||242 ||308 ||308 ||308 ||308 ||308 ||308 ||308 ||309 ||301 ||308 ||308 ||301 ||308 ||301 ||308 ||302 ||308 ||308 ||301 ||301 ||308 ||309 ||305 ||309 ||301 ||301 ||304 ||309 ||308 ||301 ||308 ||304 ||301 ||304 ||304 ||301 ||ថ្ងៃ 15,1 ||21 ||30 ||30 ||30
============================================================

--- Q&A Pair #70 ---
Question: តើសិលាចារឹកស្តុកកក់ធំមានសារៈសំខាន់យ៉ាងណាខ្លះ ក្នុងការចងក្រងប្រវត្តិសាស្ត្រកម្ពុជានាសម័យអង្គរ?
Response: 239 ||142 ||126 ||108 ||053 ||207 ||3022 ||150 ||100 ||1,88 ||1,000 ||1,89 ||1,99 ||1,99 ||1,99 ||1,99 ||1,99 ||1,99 ||1,99 ||1,99 ||1,99 ||1,99 ||1,99 ||1,99 ||1,99 ||1,99 || 1,99 ||1,99 ||1,99 ||1,99 ||1,99 ||1,99 ||1,99 ||1,99 ||1,99 ||1,99 ||1,99 ||1,99 ||1,99 ||1,99 ||1,99 ||1,99 ||1,99 ||1,99 ||1,99 ||1,99 ||1,99 ||1,99 ||1,99 ||1,99 ||1,99 ||1,99 ||1,99 ||1,99 ||1,99 ||1,99 ||1,99 ||1,99 ||1,99 ||1,99 ||1,99 ||1,99 ||1,99 ||1,99 ||1,99 ||1,99 ||1,99 ||1,99 ||1,99 ||1,99 ||1,99 ||1,99 ||1,99 ||1,99 ||1,99 ||1,99 ||1,99 ||1,99 ||1,99 ||1,99 ||1,99 ||1,99 ||1,99 ||1,99 ||1,99 ||1,99 ||1,99 ||1,99 ||1,99 ||1,99 ||1,99 ||1,99 ||1,99 ||1,99 ||1,99 ||1,99 ||1,99 ||1,99 ||1,99 ||1,99 ||1,99 ||1,99 ||1,99 ||1,99 ||1,99 ||1,99 ||1,99 ||1,99 ||1,99 ||1,99 ||1,99 ||1,99 ||1,99 ||1,99 ||1,99 ||1,99 ||1,99 ||1,99 ||1,99 ||1,99 ||1,99 ||1,99 ||1,99 ||1,99 ||1,99 ||1,99 ||1,99 ||1,99 ||1,99 ||1,99 ||1,99 ||1,99 ||1,99 ||1,99 ||1,99 ||1,99 ||1,99 ||1,99 ||1,99 ||1,99 ||1,99 ||1,99 ||1,99 ||1,99 ||1,99 ||1,99 ||1,99 ||1,99 ||1,99 ||1,99 ||1,99 ||1,99 ||1,99 ||1,99 ||1,99 ||1,99 ||1,99 ||1,99 ||1,99 ||1,99 ||1,99 ||1,99 ||1,99 ||1,99 ||1,99 ||1,99 ||1,99 ||1,99 ||1,99 ||1,99 ||1,99 ||1,99 ||1,99 ||1,99 ||1,99 ||1,99 ||1,99 ||1,99 ||1,99 ||1,99 ||1,99 ||1,99 ||1,99 ||1,99 ||1,99 ||1,99 ||1,99 ||1,99 ||1,99 ||1,99 ||1,99 ||1,99 ||1,99 ||1,99 ||1,99 ||1,99 ||1,99 ||1,99 ||1,99 ||1,90 ||1,99 ||1,99 ||1,99 ||1,99 ||1,90 ||1,99 ||1,99 ||1,99 ||1,99 ||1,99 ||1,99 ||1,99 ||1,99 ||1,99 ||1,99 ||1,90 ||1,90 ||1,99 ||1,99 ||1,99 ||1,92||រណា|1,99 ||1,9 ||1,9 ||1,9 ||1,9 ||1,9 ||1,9 ||1,9 ||1,9 ||1,9 ||1,9 ||1,9 ||1,9 ||1,9 ||1,9 ||1,9 ||1,9 ||1 ||1 ||1,9 ||1,9 ||1,9 ||1 ||1,9 ||1,9 ||1,9 ||1|1,9 ||1,9 ||1,9 ||1 ||1,9 ||1,9 ||1,9 ||1,9 ||1 ||1 ||1,9 ||1,9 ||1 ||1,9 ||1,9 ||1,9 ||1 ||ប្រសិនបើអ្នករស់ 3|តើមានន័យថា 2.9 ||របៀបបើក៖ 9 ||1,9 ||ការណូស៊ីន្រាជាទឹក ម្រាម។ បើករាសមតោញ ជាសំឡេង ||មនុស្សពេញវ័យហើយបើសិន។ អាទ្រីវីវ្លូរគន្លឹះ គ្រប់គ្រង (មិនចាំថាគូនិងកត្តានិយាយច័ន្ទគ្រែ...
============================================================

--- Q&A Pair #71 ---
Question: តើព្រះមហាក្សត្រអង្គណាដែលបានពង្រីកទឹកដីចក្រភពអង្គរយ៉ាងធំធេងទៅភាគខាងលិច រហូតដល់ជ្រលងទន្លេចៅប្រាយ៉ា?
Response: 231 || 888 || 1392 || 2760 || 1954 || 3306 || 650 || 420 || 700 || 5000
============================================================

--- Q&A Pair #72 ---
Question: តើកត្តាចម្បងអ្វីខ្លះដែលនាំឱ្យចក្រភពអង្គរចុះខ្សោយនិងឈានដល់ការបោះបង់ចោលរាជធានីនៅសតវត្សទី១៥?
Response: 23, 2018 | © រក្សាសិទ្ធិគ្រប់យ៉ាងដោយ សារព័ត៌មានខេមរា ការិយាល័យនិពន្ធ៖ លោក មួង ណារ៉េត និងលោក ម៉ៅ អាយុទ្ធ រដ្ឋលេខាធិការក្រសួងវប្បធម៌និងវិចិត្រសិល្បៈ
============================================================

--- Q&A Pair #73 ---
Question: តើទីក្រុងកំពង់ផែពាណិជ្ជកម្មដ៏សំខាន់បំផុតរបស់អាណាចក្រភ្នំឬហ្វូណនមានឈ្មោះអ្វី?
Response: 239 || 231 || 052 || 168 || 274 || 330 || 200 || 450 || 600 || 520 || 710 || 988 || 1030 || 86 || 1522
============================================================

--- Q&A Pair #74 ---
Question: តើព្រះបាទជ័យវរ្ម័នទី២បានកសាងរាជធានីឈ្មោះអ្វីនៅតំបន់រលួស បន្ទាប់ពីយាងចុះពីភ្នំគូលែន?
Response: 239 ||135 គ្រោះរញ្ជួយដីកម្រិត ៦.១រ៉ិចទ័របានវាយប្រហារកោះហាវ៉ៃភាគខាងត្បូងប្រទេសឥណ្ឌូណេស៊ីកាលពីថ្ងៃអាទិត្យ ទី១១ ខែមករា ឆ្នាំ១៩៩៨ បណ្តាលឲ្យមនុស្សស្លាប់ចំនួន ៣២នាក់ និងរបួសជាច្រើននាក់។ ចំនួនអ្នកបាត់បង់ជីវិតដោយសារគ្រោះថ្នាក់ធម្មជាតិមានដល់ទៅជាង ២,០០០នាក់ក្នុងមួយឆ្នាំៗ។
============================================================

--- Q&A Pair #75 ---
Question: តើប្រាសាទបាយ័នត្រូវបានកសាងឡើងនៅចំកណ្តាលរាជធានីអង្គរធំ ដើម្បីឧទ្ទិសដល់ព្រះពុទ្ធសាសនានិកាយអ្វី?
Response: 239 || 140 || 282 || 195 || 207 || 316 || 43,622 || 720 || 650 || 500 || 830 || 988 || 104,677
============================================================

--- Q&A Pair #76 ---
Question: តើបន្ទាយលង្វែកដែលជារាជធានីដ៏រឹងមាំរបស់ខ្មែរ ត្រូវបានកងទ័ពសៀមវាយបែកនៅឆ្នាំណា?
Response: 23 || 14 || 19 || 21 || 33 || 42 || 56 || 65 || 77 || 80 || 98 || 109 || 129 || 1188 || 159
============================================================

--- Q&A Pair #77 ---
Question: តើព្រះមហាក្សត្រចេនឡាអង្គណាដែលបានចាប់ផ្តើមធ្វើសង្គ្រាមវាយលុកដណ្តើមយកទឹកដីនិងអំណាចពីអាណាចក្រហ្វូណន?
Response: 239 ||142 ||126 ||150 ||183 ||107 ||200 ||130 ||100 ||153 ||201 ||184 ||185 ||188 ||185 ||186 ||186 ||188 ||188 ||188 ||188 ||188 ||188 ||188 ||188 ||188 ||188 ||188 ||188 ||188 ||188 ||188 ||188 ||188 ||188 ||188 ||188 ||188 ||188 ||188 ||188 ||188 ||188 ||188 ||188 ||188 ||188 ||188 ||188 ||188 ||188 ||188 ||188 ||188 ||188 ||188 ||188 ||188 ||188 ||188 ||188 ||188 ||188 ||188 ||188 ||188 ||188 ||188 ||188 ||188 ||188 ||188 ||188 ||188 ||188 ||188 ||188 ||188 ||188 ||188 ||188 ||188 ||188 ||188 ||188 ||188 ||188 ||188 ||188 ||188 ||188 ||188 ||188 ||188 ||188 ||188 ||188 ||188 ||188 ||188 ||188 ||188 ||188 ||188 ||188 ||188 ||188 ||188 ||188 ||188 ||188 ||188 ||188 ||188 ||188 ||188 ||188 ||188 ||188 ||188 ||188 ||188 ||188 ||188 ||188 ||188 ||188 ||188 ||188 ||188 ||188 ||188 ||188 ||188 ||188 ||188 ||188 ||188 ||188 ||188 ||188 ||188 ||188 ||188 ||188 ||188 ||188 ||188 ||188 ||188 ||188 ||188 ||188 ||188 ||188 ||188 ||188 ||188 ||188 ||188 ||188 ||188 ||188 ||188 ||188 ||188 ||188 ||188 ||188 ||188 ||188 ||188 ||188 ||188 ||188 ||188 ||188 ||188 ||188 ||188 ||188 ||188 ||188 ||188 ||188 ||188 ||188 ||188 ||188 ||188 ||188 ||188 ||188 ||188 ||188 ||188 ||188 ||188 ||188 ||188 ||188 ||188 ||188 ||188 ||188 ||188 ||188 ||188 ||188 ||188 ||188 ||188 ||188 ||188 ||188 ||188 ||188 ||188 ||188 ||188 ||188 ||188 ||188 ||188 ||188 ||188 ||188 ||188 ||188 ||188 ||188 ||188 ||188 ||188 ||188 ||188 ||188 ||188 ||188 ||188 ||188 ||188 ||188 ||188 ||188 ||188 ||188 ||188 ||188 ||188 ||188 ||188 ||188 ||188 ||188 ||188 ||188 ||188 ||188 ||188 ||188 ||188 ||188 ||188 ||188 ||188 ||188 ||188 ||188 ||188 ||188 ||188 ||188 ||188 ||188 ||188 ||188 ||188 ||188 ||188 ||188 ||188 ||188 ||188 ||188 ||188 ||188 ||188 ||188 ||188 ||188 ||188 ||188 ||188 ||188 ||188 ||188 ||188 ||188 ||188 ||188 ||188 ||188 ||188 ||188 ||188 ||188 ||188 ||188 ||188 ||188 ||188 ||188 ||188 ||188 ||188 ||188 ||188 ||188 ||188 ||188 ||188 ||188 ||188 ||188 ||188 ||188 ||188 ||188 ||188 ||188 ||188 ||188 ||188 ||188 ||188 ||188 ||1 9||Elsb.many ©|188 ||188 ||18|
============================================================

--- Q&A Pair #78 ---
Question: តើការជីកបារាយណ៍ធំៗនាសម័យអង្គរមានគោលបំណងចម្បងអ្វីខ្លះសម្រាប់សង្គមជាតិ?
Response: 239 || 140 || 283 || 315 || 207 || 462 || 750 || 520 || 630 || 810 || 900 || 688 || 10,99 || 100 || 12,99 || 15,99 || 11,99 || 1,127 || 19,99 || 1,227 || 1,296 || 1,297 || 1,297 || 1,297 || 1,297 || 1,297 || 1,297 || 1,297 || 1,297 || 1,297 || 1,297 || 1,297 || 1,297 || 1,297 || 1,297 || 1,297 || 1,297 || 1,297 || 1,297 || 1,297 || 1,297 || 1,297 || 1,297 || 1,297 || 1,297 || 1,297 || 1,297 || 1,297 || 1,297 || 1,297 || 1,297 || 1,297 || 1,297 || 1,297 || 1,297 || 1,297 || 1,297 || 1,297 || 1,297 || 1,297 || 1,297 || 1,297 || 1,297 || 1,297 || 1,297 || 1,297 || 1,297 || 1,297 || 1,297 || 1,297 || 1,297 || 1,297 || 1,297 || 1,297 || 1,297 || 1,297 || 1,297 || 1,297 || 1,297 || 1,297 || 1,297 || 1,297 || 1,297 || 1,297 || 1,297 || 1,297 || 1,297 || 1,297 || 1,297 || 1,297 || 1,297 || 1,297 || 1,297 || 1,297 || 1,297 || 1,297 || 1,297 || 1,297 || 1,297 || 1,297 || 1,297 || 1,297 || 1,297 || 1,297 || 1,297 || 1,297 || 1,297 || 1,297 || 1,297 || 1,297 || 1,297 || 1,297 || 1,297 || 1,297 || 1,297 || 1,297 || 1,297 || 1,297 || 1,297 || 1,297 || 1,297 || 1,297 || 1,297 || 1,297 || 1,297 || 1,297 || 1,297 || 1,297 || 1,297 || 1,297 || 1,297 || 1,297 || 1,297 || 1,297 || 1,297 || 1,297 || 1,297 || 1,297 || 1,297 || 1,297 || 1,297 || 1,297 || 1,297 || 1,297 || 1,297 || 1,297 || 1,297 || 1,297 || 1,297 || 1,297 || 1,297 || 1,297 || 1,297 || 1,297 || 1,297 || 1,297 || 1,297 || 1,297 || 1,297 || 1,297 || 1,297 || 1,297 || 1,297 || 1,297 || 1,297 || 1,297 || 1,297 || 1,297 || 1,297 || 1,297 || 1,297 || 1,297 || 1,297 || 1,297 || 1,297 || 1,297 || 1,297 || 1,297 || 1,297 || 1,298 || 1,297 || 1,298 || 1,299 || 1,299 || 1,290 || 0,297 || 1,297 || 1,297 || 1,29 || 1,29 || 1,298||| 1,290 || 1,29 || 1,29 || 1,29 || 1,29 || 1,21 || 1,21 ||
============================================================

--- Q&A Pair #79 ---
Question: តើព្រះមហាក្សត្រអង្គណាដែលបានលើកស្ទួយវិស័យអក្សរសិល្ប៍ និងបានបោះពុម្ពរូបិយប័ណ្ណជាតិប្រើប្រាស់ជាលើកដំបូងនៅសតវត្សទី១៩?
Response: 23 || 23 || 01:29||តើអ្នកណាជាអ្នកឈ្នះ? តើអ្វីទៅជាភាពជោគជ័យរបស់អ្នកនៅក្នុងជីវិតរបស់អ្នក។ អ្នកបានឆ្លងកាត់ការលំបាកជាច្រើនក្នុងជីវិត។ ប៉ុន្តែខ្ញុំមិនដឹងថាមានរឿងអ្វីខ្លះដែលកើតឡើងចំពោះអ្នករាល់គ្នាទេប៉ុន្តែខ្ញុំបានរកឃើញថាពួកគេគឺជាមនុស្សដែលមានសមត្ថភាពក្នុងការទទួលបាននូវអ្វីដែលល្អបំផុតសម្រាប់ខ្លួនគេនិងដើម្បីក្លាយជាម្ចាស់នៃជីវិតរបស់ពួកគេ។ ដូច្នេះហើយ ខ្ញុំចង់និយាយថា «គ្មាននរណាម្នាក់អាចធ្វើវាបានទេ»។ នេះគឺដោយសារតែព្រះជាម្ចាស់ជាកម្មសិទ្ធិរបស់ទ្រង់ ហើយវាមិនមែនគ្រាន់តែជាការបង្ហាញឱ្យឃើញពីខ្លួនឯងប៉ុណ្ណោះទេ។ ព្រះអង្គសង្គ្រោះយើងដោយព្រោះតែព្រះអង្គផ្ទាល់។ យើងមិនអាចត្រូវបានប្រទានពរដល់មនុស្សគ្រប់គ្នានោះឡើយ។ មនុស្សទាំងអស់ត្រូវរស់នៅក្នុងពិភពលោកនេះទាំងមូល ដោយគ្មានការភ័យខ្លាច ឬទុក្ខព្រួយនោះទេ។ ការពិតអំពីភាពបរិបូរណ៍ និងភាពបរិបូណ៌របស់ព្រះជាម្ចាស់ គឺជាចំណុចសំខាន់បំផុតមួយនៃការយកកំណើតជាមនុស្ស។ គ្មាននរណាម្នាក់ក្នុងចំណោមពួកគេសម្រាប់គោលបំណងណាមួយឡើយ ហើយក៏មិនមែនជារបស់មួយដែលមនុស្សគួររស់នៅដែរ។ វាមិនចាំបាច់ទាំងស្រុងនោះទេ ព្រោះវានឹងនាំមកនូវការផ្លាស់ប្ដូរដ៏សំខាន់មួយ។ អ្វីគ្រប់យ៉ាងដែលអ្នកត្រូវការ គឺអាស្រ័យលើបុគ្គលម្នាក់ៗប៉ុណ្ណោះ។ ប្រសិនបើអ្នកមិនមានបំណងប្រាថ្នាចង់ក្លាយជាអ្នកដឹកនាំដ៏ល្អម្នាក់ នោះអ្នកនឹងនៅតែបន្តដើរតាមមាគ៌ារបស់ព្រះជាម្ចាស់ដដែល។ ប្រសិនបើអ្នកមានបំណងប្រាថ្នាដ៏ស្មោះត្រង់ចំពោះកិច្ចការរបស់ខ្ញុំនៅថ្ងៃនេះ នោះខ្ញុំនឹងប្រាប់អ្នកថាអ្នកត្រូវតែបំពេញភារកិច្ចរបស់ខ្លួនឱ្យបានត្រឹមត្រូវ ដើម្បីសម្រេចគោលដៅនោះឱ្យបានឆាប់រហ័សបំផុត។ ដកស្រង់ចេញពីសៀវភៅ «របៀបគ្រប់គ្រងវាសនាអនាគត របស់ក្រុមគ្រួសារខាងសាច់ថ្លៃស្រី្តទាំងប្រាំពីររូប គណៈកម្មការនាយកនៃសាលារៀនអន្តរទ្វីបអាមេរិកាំង សាខាកម្ពុជានៅសាកលវិទ្យាល័យបញ្ញាសាស្រ្ត កម្ពុជា (UCL) ឯកសារយោង៖ France International Budget Survey, C.F.R.
============================================================

--- Q&A Pair #80 ---
Question: តើកិច្ចព្រមព្រៀងសន្តិភាពទីក្រុងប៉ារីសស្តីពីដំណោះស្រាយនយោបាយរួមនៅកម្ពុជា ត្រូវបានចុះហត្ថលេខានៅថ្ងៃខែឆ្នាំណា?
Response: 239 ||138 ||246 ||075 ||308 ||1220 ||1088 ||150 ||100 ||1000 ||1,000
============================================================

--- Q&A Pair #81 ---
Question: តើការបោះឆ្នោតតាមបែបប្រជាធិបតេយ្យសេរីពហុបក្សជាលើកដំបូងនៅកម្ពុជាក្រោយសង្គ្រាម ដែលរៀបចំដោយអង្គការសហប្រជាជាតិ បានប្រព្រឹត្តទៅនៅឆ្នាំណា?
Response: 23, 2017 || 01-Jan-2017 2:49 pm × យោងតាមរបាយការណ៍របស់អង្គការសហប្រជាជាតិបានឲ្យដឹងថា ចំនួនអ្នកស្លាប់ដោយសារទឹកជំនន់នៅទូទាំងពិភពលោក បានកើនឡើងដល់ជាង ២.៥លាននាក់ហើយ គិតត្រឹមថ្ងៃចន្ទនេះ។ នេះបើតាមការចេញផ្សាយដោយទីភ្នាក់ងារព័ត៌មាន AFP នៅថ្ងៃអាទិត្យ ទី១៩... ការងារសំខាន់បំផុតក្នុងជីវិតរបស់អ្នក គឺត្រូវមានផែនការច្បាស់លាស់ និងមានភាពប៉ិនប្រសប់ក្នុងការធ្វើការងារ។ អ្នកខ្លះអាចក្លាយជាអ្នកដឹកនាំដ៏អស្ចារ្យម្នាក់ ប៉ុន្តែពួកគេក៏មិនដែលភ្លេចខ្លួនដែរ។ ខាងក្រោមនេះគឺជាគន្លឹះទាំង ៥យ៉ាងដើម្បីជួយឲ្យអាជីវកម្មជោគជ័យ៖ ១) ត្រូវចេះរៀបចំគម្រោងរកស៊ីដោយខ្លួនឯង៖ បើចង់ក្លាយជាសហគ្រិនជោគជ័យ គួររៀនពីរបៀបបង្កើតគំនិតថ្មីៗសម្រាប់ខ្លួនឯងជាមុនសិន មុននឹងសម្រេចចិត្តទិញអ្វីមួយមកអនុវត្តតាមក្រោយ។ កុំរំពឹងថាអ្នកអាចសម្រេចគោលដៅបានយូរអង្វែង ព្រោះការគិតបែបនេះ នឹងធ្វើឲ្យអ្នកមានអារម្មណ៍ល្អចំពោះមុខ។ ២) រៀនសូត្រ ៖ ប្រាកដណាស់! តើអ្នកធ្លាប់គិតថា ខ្លួនឯងកំពុងតែព្យាយាមរកលុយមែនទេ? តើវាមានន័យថាម៉េចទៅ? ហើយតើវាពិតជាពិបាកដែរឬអត់? ៣) ធ្វើអ្វីដែលយើងស្រលាញ់៖ មនុស្សម្នាក់ៗតែងតែមានចំណុចខ្លាំងរៀងៗខ្លួន ដូច្នេះបើអ្នកនៅតែបន្តធ្វើវាជារឿងត្រឹមត្រូវ នោះអ្នកប្រាកដជាទទួលបានលទ្ធផលជាទីពេញចិត្តជាក់ជាពុំខាន។ ៤) ព្យាយាមស្វែងរកឱកាសថ្មី៖ ពេលខ្លះមនុស្សមួយចំនួនមិនអាចគ្រប់គ្រងស្ថានការណ៍បានល្អឡើយ តែគេបែរជាចូលចិត្តចំណាយពេលច្រើនពេកលើកិច្ចការទាំងនោះទៅវិញ។ ៦) មិនសូវខ្វល់ពីរឿងលុយកាក់៖ នៅពេលដែលមានបញ្ហា ឬរឿងរ៉ាវអាក្រក់កើតឡើង ពួកគេតែងមានអារម្មណ៍ធុញទ្រាន់ ខឹងសម្បារ និងខ្លាចបាត់បង់ពេលវេលាទៀតផង។ ៧) ស្វែងយល់ពីមូលហេតុដែលអ្នកគួរដឹងមុនពេលដែលជួបប្រទះបញ្ហាណាមួយ៖ នៅពេលដែលអ្នកកំពុងប្រឈមនឹងការលំបាកណាមួយនៅក្នុងជីវិតរបស់អ្នក។ ៨) មានទំនួលខុសត្រូវខ្ពស់៖ ប្រសិនបើអ្នកមិនទាន់ត្រៀមចិត្តរួចរាល់នៅឡើយទេនោះ អ្នកអាចនឹងមានកំហុសឆ្គងជាច្រើនដែលអាចកើតមានឡើង។ ៩) ជឿជាក់លើខ្លួនឯង៖ ជាការពិតណាស់ យើងទាំងអស់គ្នាត្រូវតែមានការតាំងចិត្ត និងការតស៊ូ ដើម្បីជម្នះឧបសគ្គទាំងឡាយណា ដែលនាំឲ្យអ្នកខាតបង់ពេលវេលាច្រើន។ ១០) គ្មាននរណាម្នាក់អាចកំណត់ជោគវាសនារបស់អ្នកបានឡើយ។ ១១) សរសេរពាក្យពេចន៍ឱ្យបានច្បាស់៖ បើស្នាដៃកូនក្មេងរបស់អ្នកមិនបានស្ថិតស្ថិរភាពនោះទេ ចូរកុំប្រញាប់សរសេរពាក្យពេចន៍ឲ្យបានសមរម្យទៅកាន់កូនចៅជំនាន់ក្រោយ៕ មតិយោបល់ ឈ្វេងយល់ទាំងអស់គ្នា ប្រសិនបើជ្រុះសក់ដោយមិនចាំបាច់ព្រួយបារម្ភពីបញ្ហាសក់កាន់តែឆាប់រហ័ស អត្ថបទ May 20, 2018 - BizKhmer ប្លែកទៀតហើយ!!! Pacquiao បញ្ចេញរូបស្រាតខោអាវស្ទាយ៍ប្លែកភ្នែក ជាមួយឈុតហែលទឹកពណ៌ក្រហមដ៏ស្រស់ស្អាត (មានវីដេអូ) November 18, 2019 Liny Chan គឺជាតារាសម្ដែងស្រីជួរមុខប្រចាំប្រទេសថៃ ដែលមានប្រជាប្រិយភាពយ៉ាងខ្លាំងក្លាជាមួយនឹងសម្រស់ដ៏ស្រស់សោភារបស់នាង ។ អ្វីដែលធ្វើឱ្យអ្នកគាំទ្រចាប់អារម្មណ៍នោះគឺ នាងបានស្លៀកសម្លៀកបំពាក់បែបប្រពៃណីខ្មែរ ជាមួយនឹងរ៉ូបវែង ពណ៌ផ្កាឈូកស្រាល ស្រស់ស្អាតដូចព្រះនាងតូច នរោត្ដម ជេនណា ដែលជាតួអង្គឯកស្រីក្នុងខ្សែភាពយន្តភាគថៃ “The Crush” ក្នុងពេលបច្ចុប្បន្ន។ តោះមើលរូបខាងក្រោមនេះទាំងអស់គ្នា ថាតើបទចម្រៀងអ្វីខ្លះដែលយើងគួរតែទស្សនានៅខាងក្រោម៖
============================================================

--- Q&A Pair #82 ---
Question: តើរាជធានីដំបូងបង្អស់នៃអាណាចក្រភ្នំឬហ្វូណនមានឈ្មោះអ្វី ហើយមានន័យដូចម្តេច?
Response: 239 || 233 || 234 || 225 || 160 || 378 || 191 || 410 || 500 || 650 || 720 || 830 || 127 || 93 || 10,88 || 114 || 15,12 || 0.1K មើលផងដែរ - ព័ត៌មានអំពីការធ្វើស្រែចំការរបស់ប្រជាជននៅភូមិភាគបូព៌ា
============================================================

--- Q&A Pair #83 ---
Question: តើព្រះមហាក្សត្រអង្គណាដែលបានបង្រួបបង្រួមនគរហ្វូណននិងចេនឡា ហើយទ្រង់បានកសាងរាជធានីឈ្មោះអ្វី?
Response: 238 || 239 || កិច្ចប្រជុំគណៈកម្មាធិការអចិន្ត្រៃយ៍រដ្ឋសភា ក្រោមអធិបតីភាពដ៏ខ្ពង់ខ្ពស់របស់សម្តេចអគ្គមហាពញាចក្រី ហេង សំរិន ប្រធានរដ្ឋសភានៃព្រះរាជាណាចក្រកម្ពុជា នាព្រឹកថ្ងៃទី២២ ខែកញ្ញា ឆ្នាំ២០១៦ នៅវិមានរដ្ឋសភា។
============================================================

--- Q&A Pair #84 ---
Question: តើព្រះមហាក្សត្រអង្គណាដែលបានស្ថាបនារាជធានីដំបូងគេនៅតំបន់អង្គរ ហើយរាជធានីនោះមានឈ្មោះអ្វី?
Response: 239 ||185 ||124 ||106 ||273 ||079 ||304 ||204 ||188 ||507 ||294 ||224 ||003 ||215 ||215 ||148 ||134 ||218 ||138 ||219 ||131 ||219 ||140 ||219 ||211 ||211 ||211 ||211 ||213 ||213 ||213 ||214 ||213 ||214 ||214 ||214 ||214 ||214 ||214 ||214 ||214 ||215 ||214 ||215 ||215 ||215 ||215 ||216 ||216 ||217 ||217 ||218 ||218 ||218 ||219 ||218 ||219 ||219 ||211 ||211 ||211 ||211 ||213 ||214 ||214 ||214 ||214 ||215 ||215 ||214 ||215
============================================================

--- Q&A Pair #85 ---
Question: តើព្រះបាទជ័យវរ្ម័នទី៧ បានធ្វើសង្គ្រាមរំដោះរាជធានីអង្គរពីកងទ័ពចាមនិងឡើងគ្រងរាជ្យនៅឆ្នាំណា?
Response: 231 || 139 || 282 || 195 || 346 || 207 || 40 || 688 || 500 || 750 || 830 || 920 || 12,10 || 10,12 || 11,94 || 15,94 || 1,224 || 1,237 || 1,238 || 1,237 || 1,237 || 1,237 || 1,237 || 1,237 || 1,237 || 1,237 || 1,237 || 1,237 || 1,237 || 1,237 || 1,237 || 1,237 || 1,237 || 1,237 || 1,237 || 1,237 || 1,237 || 1,237 || 1,237 || 1,237 || 1,237 || 1,237 || 1,237 || 1,237 || 1,237 || 1,237 || 1,237 || 1,237 || 1,237 || 1,237 || 1,237 || 1,237 || 1,237 || 1,237 || 1,237 || 1,237 || 1,237 || 1,237 || 1,237 || 1,237 || 1,237 || 1,237 || 1,237 || 1,237 || 1,237 || 1,237 || 1,237 || 1,237 || 1,237 || 1,237 || 1,237 || 1,237 || 1,237 || 1,237 || 1,237 || 1,237 || 1,237 || 1,237 || 1,237 || 1,237 || 1,237 || 1,237 || 1,237 || 1,237 || 1,237 || 1,237 || 1,237 || 1,237 || 1,237 || 1,237 || 1,237 || 1,237 || 1,237 || 1,237 || 1,237 || 1,237 || 1,237 || 1,237 || 1,237 || 1,237 || 1,237 || 1,237 || 1,237 || 1,237 || 1,237 || 1,237 || 1,237 || 1,237 || 1,237 || 1,237 || 1,237 || 1,237 || 1,237 || 1,237 || 1,237 || 1,237 || 1,237 || 1,237 || 1,237 || 1,237 || 1,237 || 1,237 || 1,237 || 1,237 || 1,237 || 1,237 || 1,237 || 1,237 || 1,237 || 1,237 || 1,237 || 1,237 || 1,237 || 1,237 || 1,237 || 1,237 || 1,237 || 1,237 || 1,237 || 1,237 || 1,237 || 1,237 || 1,237 || 1,237 || 1,237 || 1,237 || 1,237 || 1,237 || 1,237 || 1,237 || 1,237 || 1,237 || 1,237 || 1,237 || 1,237 || 1,237 || 1,237 || 1,237 || 1,237 || 1,237 || 1,237 || 1,237 || 1,237 || 1,237 || 1,237 || 1,237 || 1,237 || 1,237 || 1,237 || 1,237 || 1,237 || 1,237 || 1,237 || 1,237 || 1,237 || 1,237 || 1,237 || 1,237 || 1,237 || 1,237 || 1,237 || 1,237 || 1,237 || 1,237 || 1,237 || 1,237 || 1,237 || 1,237 || 1,237 || 1,237 || 1,237 || 1,237 || 1,237 || 1,237 || 1,237 || 1,237 || 1,237 || 1,237 || 1,237 || 1,237 || 1,237 || 1,237 || 1,237 || 1,237 || 1,237 || 1,239 || 1,237 || 1,239 || 1,237 || 1,237 || 1,237 || 1,231 || 1,237 || 1,237 || 1,238 || 1,237 || 1,238 || 1,239 || 1,230 || 1,239 || 1,237 || 1,234 || 0,238| || 1,23| || 1,23||1,23|
============================================================

--- Q&A Pair #86 ---
Question: តើព្រះមហាក្សត្រអង្គណាដែលបានបង្ក្រាបក្បត់ស្តេចកនបានជោគជ័យ ហើយបានកសាងបន្ទាយលង្វែកជារាជធានី?
Response: 23,179 || 085 || 102 || 346 || 288 || 438 || 130 || 60 || 720 || 850 || 900 || 510 || 157 || 111 || 128 || 199 || 186 || 173 || 173 || 145 || 173 || 183 || 174 || 187 || 174 || 174 || 174 || 174 || 174 || 174 || 175 || 174 || 174 || 174 || 174 || 174 || 174 || 174 || 174 || 174 || 174 || 174 || 174 || 174 || 174 || 174 || 174 || 174 || 174 || 174 || 174 || 174 || 174 || 174 || 174 || 174 || 174 || 174 || 174 || 174 || 174 || 174 || 174 || 174 || 174 || 174 || 174 || 174 || 174 || 174 || 174 || 174 || 174 || 174 || 174 || 174 || 174 || 174 || 174 || 174 || 174 || 174 || 174 || 174 || 174 || 174 || 174 || 174 || 174 || 174 || 174 || 174 || 174 || 174 || 174 || 174 || 174 || 174 || 174 || 174 || 174 || 174 || 174 || 174 || 174 || 174 || 174 || 174 || 174 || 174 || 174 || 174 || 174 || 174 || 174 || 174 || 174 || 174 || 174 || 174 || 174 || 174 || 174 || 174 || 174 || 174 || 174 || 174 || 174 || 174 || 174 || 174 || 174 || 174 || 174 || 174 || 174 || 174 || 174 || 174 || 174 || 174 || 174 || 174 || 174 || 174 || 174 || 174 || 174 || 174 || 174 || 174 || 174 || 174 || 174 || 174 || 174 || 174 || 174 || 174 || 174 || 174 || 174 || 174 || 174 || 174 || 174 || 174 || 174 || 174 || 174 || 174 || 174 || 174 || 174 || 174 || 174 || 174 || 174 || 174 || 174 || 174 || 174 || 174 || 174 || 174 || 174 || 174 || 174 || 174 || 174 || 174 || 174 || 174 || 174 || 174 || 174 || 174 || 174 || 174 || 174 || 174 || 174 || 174 || 174 || 174 || 174 || 174 || 174 || 174 || 174 || 174 || 174 || 174 || 174 || 174 || 174 || 174 || 174 || 174 || 174 || 174 || 174 || 174 || 174 || 174 || 174 || 174 || 174 || 174 || 174 || 174 || 174 || 174 || 174 || 174 || 174 || 174 || 174 || 174 || 174 || 174 || 174 || 174 || 184 || 174 || 174 || 174 || 174 || 174 || 175 || 174 || 175 || 174 || 174 || 176 || 182||
============================================================

--- Q&A Pair #87 ---
Question: តាមរយៈសន្ធិសញ្ញាបារាំងនិងសៀមនៅឆ្នាំ១៩០៧ តើប្រទេសសៀមបានយល់ព្រមប្រគល់ខេត្តសំខាន់ៗចំនួនប៉ុន្មានមកឱ្យកម្ពុជាវិញ? អ្វីខ្លះ?
Response: 23 || 88 || លោក ហ៊ុន សែន៖ ការបោះឆ្នោតនៅកម្ពុជា មិនអាចទទួលយកបានឡើយ បើគ្មានការចូលរួមពីគណបក្សប្រឆាំង។ រីឯការចូលរួមរបស់ពលរដ្ឋខ្មែរនៅក្រៅប្រទេសវិញ គឺជាការបង្ហាញឲ្យឃើញនូវឆន្ទៈពិតប្រាកដរបស់កម្ពុជា ក្នុងការបន្តអភិវឌ្ឍប្រទេសជាតិ និងដើម្បីរក្សាអំណាចរបស់ខ្លួនក្នុងនាមជាប្រធានអាស៊ាន។ ប៉ុន្តែលោកថា កម្ពុជាមិនត្រូវភ្លេចទេ នូវអ្វីដែលខ្លួនមានសព្វថ្ងៃនេះ ហើយកម្ពុជាក៏ត្រូវតែធ្វើដែរ។ នេះគឺជាចំណុចដែលធ្វើឲ្យកម្ពុជាបាត់បង់ឱកាសក្នុងការដឹកនាំប្រទេសតាមបែបលទ្ធិប្រជាធិបតេយ្យសេរីពហុបក្ស ដែលនាំមកនូវការផ្លាស់ប្តូរយ៉ាងធំធេងដល់សង្គមកម្ពុជា។ តើហេតុអ្វីបានជាប្រទេសកម្ពុជា ត្រូវតែប្រកាន់យកនយោបាយអព្យាក្រឹត្យ? តើគួរធ្វើយ៉ាងណា ដើម្បីរក្សានូវសន្តិភាព ស្ថិរភាព និងការអភិវឌ្ឍន៍របស់ប្រទេសនេះ?
============================================================

--- Q&A Pair #88 ---
Question: តើរបបសង្គមរាស្ត្រនិយមត្រូវបានបង្កើតឡើងនៅឆ្នាំណា ហើយដឹកនាំដោយឥស្សរជននយោបាយរូបណា?
Response: 238 || 883 || 295 || 1472 || 316 || 190 || 420 || 500 || 650 || 730 || 8,107
============================================================

--- Q&A Pair #89 ---
Question: តើមានព្រឹត្តិការណ៍នយោបាយអ្វីកើតឡើងនៅថ្ងៃទី១៨ ខែមីនា ឆ្នាំ១៩៧០ ដែលធ្វើឱ្យកម្ពុជាផ្លាស់ប្តូររបបដឹកនាំទាំងស្រុង?
Response: 23 || 148 គ្រោះរាំងស្ងួតបានកើតឡើងនៅខេត្តបន្ទាយមានជ័យ បណ្តាលឱ្យដំណាំស្រូវរបស់ពលរដ្ឋជាង៣ពាន់ហិកតា ត្រូវបានបំផ្លាញទាំងស្រុង។ លោក សេង ទៀក នាយកអង្គការសេដាក បានមានប្រសាសន៍ថា “យើងកំពុងធ្វើការយ៉ាងជិតស្និទ្ធជាមួយរដ្ឋាភិបាល ដើម្បីដោះស្រាយបញ្ហានេះ” ។ លោកបានមានប្រសាសន៍ទៀតថា “យើងបានរៀបចំផែនការដើម្បីជួយសង្គ្រោះជីវិតមនុស្សរាប់រយនាក់ ដែលរងគ្រោះដោយទឹកជំនន់ និងផលប៉ះពាល់ដល់ជីវភាពរស់នៅរបស់ពួកគេ ហើយនឹងបន្តផ្តល់ជំនួយបន្ថែមទៀត ដល់ប្រជាជនដែលរងផលប៉ះពាល់ទាំងនោះ”។ កាលពីឆ្នាំ២០០៨ រដ្ឋាភិបាលកម្ពុជាបានសម្រេចលុបចោលគម្រោងអភិវឌ្ឍន៍ទំនប់វារីអគ្គិសនីចំនួនពីរដែលមានទឹកប្រាក់សរុបប្រមាណ១.២លានដុល្លារអាមេរិក ដោយគ្រោងចំណាយថវិកាអស់៥០០លានរៀល ឬស្មើនឹង៩០%នៃទំហំវិនិយោគដែលបានអនុម័តកាលពីឆ្នាំ២០១៤។ គម្រោងនេះនឹងចាប់ផ្តើមសាងសង់នៅក្នុងខែមីនា ឆ្នាំ១៩៧៦ ដែលមានរយៈពេល១០ខែហើយ នឹងត្រូវបញ្ចប់ក្នុងរយៈពេលមួយទសវត្សរ៍ខាងមុខនេះ។ យោងតាមលោក ហ៊ឹម សីហា ប្រធានកម្មវិធីលើកកម្ពស់ការផ្គត់ផ្គង់ទឹកស្អាតនិងអនាម័យជនបទ (REDP) របស់ធនាគារពិភពលោកបានឲ្យដឹងថា ការអភិវឌ្ឍប្រព័ន្ធលូបង្ហូរទឹកកខ្វក់ក្នុងក្រុងប៉ោយប៉ែតនេះ គឺជាការរួមចំណែកដ៏សំខាន់ក្នុងការកាត់បន្ថយភាពក្រីក្រនៅកម្ពុជា៕
============================================================

--- Q&A Pair #90 ---
Question: តើមានព្រឹត្តិការណ៍អ្វីកើតឡើងចំពោះប្រជាពលរដ្ឋនៅទីក្រុងភ្នំពេញ នៅពេលដែលកងទ័ពខ្មែរក្រហមវាយកាន់កាប់ទីក្រុងនៅថ្ងៃទី១៧ ខែមេសា ឆ្នាំ១៩៧៥?
Response: 239 || លោក ហ៊ុន សែន៖ «ខ្ញុំសូមអំពាវនាវឲ្យកងទ័ពទាំងអស់ចូលរួមជាមួយរាជរដ្ឋាភិបាលដើម្បីប្រយុទ្ធប្រឆាំងនឹងពួកក្បត់ជាតិ»។
============================================================

--- Q&A Pair #91 ---
Question: តើថ្ងៃទី៧ ខែមករា ឆ្នាំ១៩៧៩ គឺជាថ្ងៃប្រវត្តិសាស្ត្រអ្វីសម្រាប់ប្រជាជាតិនិងប្រជាជនកម្ពុជា?
Response: 231 ||459 ||370 ||286 ||106||ការបង្កើតរដ្ឋធម្មនុញ្ញកម្ពុជាឆ្នាំ ១៩៧៩ (១៩៨៣) និង ការបញ្ចប់នៃអាណត្តិរបស់សម្តេចព្រះនរោត្តមសីហនុ។ របបសាធារណរដ្ឋខ្មែរ ឆ្នាំ១៩៥១ បានធ្លាក់ក្រោមអំណាចសៀម ហើយនាំមកនូវចលនាជាតិនិយមមួយថ្មីទៀត គឺបដិវត្តន៍កុម្មុយនីស្តឥណ្ឌូចិន ដែលជារបបរាជានិយមអាស្រ័យធម្មនុញ្ញតែមួយគត់នៅកម្ពុជា។ រដ្ឋប្រហារឆ្នាំ១៩៦២ ត្រូវបានផ្តួលរំលំដោយកងទ័ពវៀតណាមខាងជើង នៅថ្ងៃទី១០ ខែតុលា ឆ្នាំ១៩៦០។ ២. ប្រទេសកម្ពុជាត្រូវបានរំដោះចេញពីរបបប្រល័យពូជសាសន៍ ប៉ុល ពត នៅថ្ងៃទី៣០ ខែមិថុនា ឆ្នាំ១៩៧៥ ។ ៣. កម្ពុជាត្រូវទទួលរងនូវការកាប់សម្លាប់យ៉ាងរង្គាល ពីសំណាក់ពួកប៉ុលពត ក្នុងអំឡុងទសវត្សរ៍ឆ្នាំ១៩៥០ ដល់ឆ្នាំ១៩៤៩ ក្រោមរបបដឹកនាំរបស់លោកសេនាប្រមុខ លន់ នល់ ដែលបានធ្វើសង្រ្គាមជាមួយប្រទេសជិតខាង។ ៤. ប្រវត្តិសាស្ត្រ៖ សង្រ្គាមរវាងបារាំងនិងខ្មែរសេរីបានផ្ទុះឡើងនៅថ្ងៃទី២៩ ខែធ្នូ ឆ្នាំ១៩៥៣ ដោយកងទ័ពបារាំងដែលគាំទ្រដោយអាមេរិកាំងបានវាយប្រយុទ្ធគ្នានៅទីក្រុងភ្នំពេញដើម្បីដណ្តើមយកក្រុងភ្នំពេញមកវិញ។ ៥. អាណាចក្រអង្គរ គឺជាទឹកដីដ៏កម្សត់បំផុតនៅលើពិភពលោក ដែលមានទីតាំងស្ថិតនៅភាគខាងលិច នៃប្រទេសកម្ពុជា។ ៦. ព្រះបាទជ័យវរ្ម័នទី៧ ជាបុត្ររបស់ព្រះមហាក្សត្រខ្មែរទី១ និងជាបិតាស្ថាបនិករាជ្យសម្បត្តិជាតិខ្មែរទី២ ដែលជាស្នាព្រះហស្ថផ្ទាល់ របស់ព្រះអង្គគឺ ព្រះរាជកុមារភិរម្យភាសាអ៊ូ ហៅ ង៉ុកឡាក់។ ៧. រាជធានីឧដុង្គមានផ្ទៃដីទំហំប្រមាណជា ១,២០០ គីឡូម៉ែត្រក្រឡាក្នុងស្រុកសំរោង ខេត្តតាកែវ។ ៨. បឹងកេត មានកំពស់ត្រឹមតែជាង ១០ ម៉ែត្រប៉ុណ្ណោះពីរាជធានីភ្នំពេញ។ ៩. ក្រុងតាខ្មៅមានចម្ងាយប្រហែល ២០០០គីឡូមែត្រពីរាជធានីភ្នំពេញ៕
============================================================

--- Q&A Pair #92 ---
Question: តើប្រព័ន្ធរដ្ឋបាលដែនដីរបស់ព្រះរាជាណាចក្រកម្ពុជាត្រូវបានបែងចែកជាប៉ុន្មានថ្នាក់ ហើយមានអ្វីខ្លះ?
Response: 23 || 228 || 319 || 135 || 446 || 570 || 600 || 750 || 9,10 || 830 || 114 || 10.1 || 1220 || 88 || 153 || 138 || 200 || 135 || 199 || 138 || 148 || 131 || 148 || 141 || 148 || 149 || 140 || 148 || 149 || 141 || 141 || 144 || 140 || 143 || 143 || 143 || 144 || 144 || 144 || 144 || 144 || 144 || 144 || 144 || 144 || 144 || 144 || 144 || 144 || 144 || 144 || 144 || 144 || 144 || 144 || 144 || 144 || 144 || 144 || 144 || 144 || 144 || 144 || 144 || 144 || 144 || 144 || 144 || 144 || 144 || 144 || 144 || 144 || 144 || 144 || 144 || 144 || 144 || 144 || 144 || 144 || 144 || 144 || 144 || 144 || 144 || 144 || 144 || 144 || 144 || 144 || 144 || 144 || 144 || 144 || 144 || 144 || 144 || 144 || 144 || 144 || 144 || 144 || 144 || 144 || 144 || 144 || 144 || 144 || 144 || 144 || 144 || 144 || 144 || 144 || 144 || 144 || 144 || 144 || 144 || 144 || 144 || 144 || 144 || 144 || 144 || 144 || 144 || 144 || 144 || 144 || 144 || 144 || 144 || 144 || 144 || 144 || 144 || 144 || 144 || 144 || 144 || 144 || 144 || 144 || 144 || 144 || 144 || 144 || 144 || 144 || 144 || 144 || 144 || 144 || 144 || 144 || 144 || 144 || 144 || 144 || 144 || 144 || 144 || 144 || 144 || 144 || 144 || 144 || 144 || 144 || 144 || 144 || 144 || 144 || 144 || 144 || 144 || 144 || 144 || 144 || 144 || 144 || 144 || 144 || 144 || 144 || 144 || 144 || 144 || 144 || 144 || 144 || 144 || 144 || 144 || 144 || 144 || 144 || 144 || 144 || 144 || 144 || 144 || 144 || 144 || 144 || 144 || 144 || 144 || 144 || 144 || 144 || 144 || 144 || 144 || 144 || 144 || 144 || 144 || 144 || 144 || 144 || 144 || 144 || 144 || 144 || 144 || 144 || 144 || 144 || 144 || 144 || 144
============================================================

--- Q&A Pair #93 ---
Question: តើខេត្តណាដែលទើបតែត្រូវបានបង្កើតឡើងចុងក្រោយគេបង្អស់នៅប្រទេសកម្ពុជា ហើយត្រូវបានបំបែកចេញពីខេត្តណា?
Response: 239 || 251 || 367 || 148 || 42,03 || 1988 || 650 || 500 || 720 || 930 || 810 || 10.9K មើល -22 ឆ្នាំមុន! ដំណើរទស្សនកិច្ចរបស់ប្រធានសភាអាមេរិក លោកស្រី Nancy Pelosi ទៅកាន់ប្រទេសតួកគី និងអូស្ត្រាលី ដើម្បីពង្រឹងទំនាក់ទំនងរវាងសហរដ្ឋអាមេរិកនិងកម្ពុជាឱ្យកាន់តែប្រសើរឡើង។
============================================================

--- Q&A Pair #94 ---
Question: តើតំបន់ឆ្នេរសមុទ្ររបស់ប្រទេសកម្ពុជាគ្របដណ្តប់លើរដ្ឋបាលខេត្តចំនួនប៉ុន្មាន? តើមានខេត្តអ្វីខ្លះ?
Response: 231 ||376 ||489 ||5288 ||010 ||50
============================================================

--- Q&A Pair #95 ---
Question: តើការបែងចែកថ្នាក់រដ្ឋបាលនៅរាជធានីភ្នំពេញមានលក្ខណៈខុសប្លែកពីបណ្តាខេត្តនានាយ៉ាងដូចម្តេចខ្លះ?
Response: 238 || 239 || 141 || 252 || 376 || 193 || 40 || 510 || 750 || 600 || 820 || 930
============================================================

--- Q&A Pair #96 ---
Question: តើមានរដ្ឋបាលខេត្តចំនួនប៉ុន្មានដែលមានព្រំប្រទល់ជាប់នឹងបឹងទន្លេសាប?
Response: 239 ||407<eos>
============================================================

--- Q&A Pair #97 ---
Question: នៅក្នុងរចនាសម្ព័ន្ធរដ្ឋបាលថ្នាក់មូលដ្ឋាន តើឃុំនិងសង្កាត់មានលក្ខណៈខុសគ្នាយ៉ាងដូចម្តេចក្នុងការកំណត់ទីតាំងភូមិសាស្ត្រ?
Response: 231 ||437 ||589 ||602 ||504 ||1030 ||1220 ||500 ||588 ||554 ||553 ||664 ||545 ||564 ||574 ||579 ||564 ||577 ||571 ||577 ||571 ||571 ||574 ||571 ||572 ||574 ||572 ||575
============================================================

--- Q&A Pair #98 ---
Question: បើគិតលើផ្ទៃដីសរុប តើខេត្តណាដែលមានទំហំធំជាងគេបង្អស់នៅក្នុងព្រះរាជាណាចក្រកម្ពុជា ហើយស្ថិតនៅភូមិភាគណា?
Response: admin || 1869<eos>
============================================================

--- Q&A Pair #99 ---
Question: មុនពេលរាជធានីភ្នំពេញក្លាយជាមជ្ឈមណ្ឌលរដ្ឋបាលអចិន្ត្រៃយ៍ តើអតីតរាជធានីចុងក្រោយរបស់កម្ពុជាមានឈ្មោះអ្វី ហើយបច្ចុប្បន្នស្ថិតនៅក្នុងរដ្ឋបាលខេត្តណា?
Response: 239 || 216 || 185 || 347 || 428 || 639 || 70 || 530 || 850 || 920 || 12,2288
============================================================

--- Q&A Pair #100 ---
Question: គិតត្រឹមបច្ចុប្បន្ននេះ តើព្រះរាជាណាចក្រកម្ពុជាមានរាជធានីនិងខេត្តសរុបចំនួនប៉ុន្មាន?
Response: 23,081 || 239,725 || 188,463 || 210,509 || 330,00,200 || 4.12,722 || 54,909 || 6.18,722 || 7.11,722 || 8.17,722 || 9.11,722 || 11.11,722
============================================================

--- Q&A Pair #101 ---
Question: តើអ្វីទៅជាតួនាទីសំខាន់របស់ក្រុមប្រឹក្សារាជធានី ខេត្ត ក្រុង ស្រុក ខណ្ឌ ឃុំ សង្កាត់ នៅក្នុងប្រព័ន្ធរដ្ឋបាលកម្ពុជា?
Response: 23 || 21 || 33 || 42 || 54 || 65 || 76 || 87 || 189 || 90 || 1212
============================================================

--- Q&A Pair #102 ---
Question: តើខេត្តណាខ្លះដែលមានព្រំប្រទល់ជាប់ជាមួយប្រទេសវៀតណាម?
Response: 239 ||1842 ||5370 ||6304 ||5044 ||1072 ||1222 ||5204 ||7889 ||6004
============================================================

--- Q&A Pair #103 ---
Question: ហេតុអ្វីបានជាការបែងចែកថ្នាក់រដ្ឋបាលនៅកម្ពុជាមានសារៈសំខាន់ចំពោះការផ្តល់សេវាសាធារណៈ?
Response: 239 ||182 ||354 ||076 ||307 ||108 ||1222 ||5088 ||2000
============================================================

--- Q&A Pair #104 ---
Question: តើខេត្តណាខ្លះដែលស្ថិតនៅក្នុងក្រុមខេត្តតំបន់ខ្ពង់រាបភាគឦសាននៃប្រទេសកម្ពុជា?
Response: 238 || 149||តំបន់ខ្ពង់រាបភាគឦសាននៃប្រទេសកម្ពុជា — Preah Vihear Thaul, Sangkat Toul Kormpalakhng Chamravanh Hoeung Notting Commerciad district in the Philippines of Luxembourg (PLA). The provided sub-section was never become a monthly close to find his time and reduced those government's right forest yesterday.
============================================================

--- Q&A Pair #105 ---
Question: តើអភិបាលខេត្តមានតួនាទីអ្វីខ្លះក្នុងនាមជាតំណាងរាជរដ្ឋាភិបាលនៅក្នុងដែនសមត្ថកិច្ចរបស់ខ្លួន?
Response: admin || 2697<eos>
============================================================

--- Q&A Pair #106 ---
Question: ថ្វីបើភូមិមិនមែនជាថ្នាក់រដ្ឋបាលផ្លូវការក៏ដោយ តើវាមានសារៈសំខាន់យ៉ាងដូចម្តេចក្នុងការគ្រប់គ្រងមូលដ្ឋាន?
Response: 23.15 || +86 1372490305 (៨៥២-៩៣)
============================================================

--- Q&A Pair #107 ---
Question: តើខេត្តណាខ្លះដែលត្រូវបានចាត់ទុកថាជាខេត្តដែលមានសក្តានុពលខ្ពស់លើវិស័យកសិកម្មនៅជុំវិញបឹងទន្លេសាប?
Response: 239 ||182 ||437 ||105 ||126 ||077 ||2022 ||301 ||506 ||188 ||2017|| ||017 ||2022 ||100 ||282 ||181 ||1000 ||100 ||100 ||100 ||100 ||100 ||1,000
============================================================

--- Q&A Pair #108 ---
Question: តើខេត្តអ្វីខ្លះដែលស្ថិតនៅព័ទ្ធជុំវិញរាជធានីភ្នំពេញ និងមានតួនាទីសំខាន់ក្នុងការតភ្ជាប់រាជធានីទៅកាន់ខេត្តដទៃទៀត?
Response: 239 ||438<eos>
============================================================

--- Q&A Pair #109 ---
Question: នៅពេលដែលរាជរដ្ឋាភិបាលសម្រេចបង្កើតក្រុងថ្មី តើគេត្រូវផ្លាស់ប្តូរឋានៈរដ្ឋបាលដូចម្តេចខ្លះនៅក្នុងខេត្តនោះ?
Response: 23 || 21 ដីព្រៃសហគមន៍ភ្នំព្រះធាតុ៖ «តំបន់ការពារធម្មជាតិ» គឺជាដែនជម្រកសត្វស្លាបទឹកសាបដែលស្ថិតនៅក្នុងខេត្តកោះកុង។ តំបន់នេះស្ថិតនៅភូមិអណ្តូងក្រឡឹង ឃុំសែនមនោរម្យ ស្រុកគិរីសាគរ ខេត្តកោះកុង និងមានចម្ងាយប្រហែល ៤០ គីឡូម៉ែត្រពីក្រុងខេមភូមិន្ទ។
============================================================

--- Q&A Pair #110 ---
Question: តើក្រុមប្រឹក្សារាជធានី ខេត្ត មានអំណាចក្នុងការធ្វើសេចក្តីសម្រេចដូចម្តេចខ្លះដើម្បីអភិវឌ្ឍខេត្តរបស់ខ្លួន?
Response: 239 ||245<eos>
============================================================

--- Q&A Pair #111 ---
Question: តើគណៈកម្មាធិការរៀបចំដែនដីនិងនគរូបនីយកម្មថ្នាក់ក្រុង ស្រុក មានតួនាទីអ្វីខ្លះក្នុងការអភិវឌ្ឍមូលដ្ឋាន?
Response: 238 ||142 ||126 ||053 ||107 ||209 ||309 ||2019 ||250 ||100 ||2019 ||288 ||2019 ||282 ||2019 ||282 ||2019 ||221 ||2019 ||284 ||2019 ||392 ||2019 ||1,164 ||2019 ||1,173 ||2019 ||2,171 ||2019 ||1,172 ||2019 ||1,173 ||2019 ||1,173 ||2019 ||1,172 ||2019 ||1,173 ||2019 ||1,173 ||2019 ||1,174 ||2019 ||1,171 ||2019 ||1,173 ||2019 ||1,177 ||2019 ||1,177 ||2019 ||1,173 ||2019 ||1,173 ||2019 ||1,172 ||2019 ||1,177 ||2019 ||1,177 ||2019 ||1,178 ||2019 ||1,173 ||2019 ||1,173 ||2019 ||1,172 ||2019 ||1,173 ||2019 ||1,173 ||2019 ||1,173 ||2019 ||1,173 ||2019 ||1,175 ||2019 ||1,173 ||2019 ||1,173 ||2019 ||1,177 ||2019 ||1,177 ||2019 ||1,178 ||2019 ||1,177 ||2019 ||1,179 ||2019 ||1,173 ||2019 ||1,172 ||2019 ||1,172 ||2019 ||1,172 ||2019 ||1,172 ||2019 ||1,173 ||2019 ||1,173 ||2019 ||1,172 ||2019 ||1,173 ||2019 ||1,172 ||2019 ||1,173 ||2019 ||1,173 ||2019 ||1,173 ||2019 ||1,173 ||2019 ||1,173 ||2019 ||1,173 ||2019 ||1,173 ||2019 ||1,173 ||2019 ||1,173 ||2019 ||1,173 ||2019 ||1,173 ||2019 ||1,173 ||2019 ||1,173 ||2019 ||1,173 ||2019 ||1,173 ||2019 ||1,173 ||2019 ||1,173 ||2019 ||1,173 ||2019 ||1,173 ||2019 ||1,173 ||2019 ||1,173 ||2019 ||1,173 ||2019 ||1,173 ||2019 ||1,173 ||2019 ||1,173 ||2019 ||1,173 ||2019 ||1,173 ||2019 ||1,173 ||2019 ||1,173 ||2019 ||1,173 ||2019 ||1,173 ||2019 ||1,173 ||2019 ||1,173 ||2019 ||1,173 ||2019 ||1,173 ||2019 ||1,173 ||2019 ||1,173 ||2019 ||1,173 ||2019 ||1,173 ||2019 ||1,173 ||2019 ||1,173 ||2019 ||1,174 ||2019 ||1,173 ||2019 ||1,173 ||2019 ||1,173 ||2019 ||1,173 ||2019 ||1,173 ||2019 ||1,173 ||2019 ||1,173 ||2019 ||1,173 ||2019 ||1,173 ||2019 ||1,173 ||2019 ||1,173 ||2019 ||1,173 ||2019 ||1,173 ||2019 ||1,173 ||2019 ||2019 ||1,173 ||2019 ||2019 ||1,173 ||2019 ||1,177 ||2019 ||1,175 ||2019 ||1,179 ||2019 ||1,179 ||2019 ||1,17 ||1,173 ||2019 ||1,18 ||2019 ||2019 ||1,170 ||2019 ||2019 ||2019 ||ថ្ងៃ១៨៧៩ ||1,17 ||2019 ||2019 ||1,18 ||2019 ||1,18 ||2019 ||2019 ||1 ||2019 ||1,18 || ||1,14 ||2019 ||1,19 || 1 2.1||ការ 15 ||2019 ||1,18 ||2019 ||1,14 ||1,11 || ||2019 ||1,11 ||2019 ||2019 ||1,17 || ||1,19 || ||2019 ||1,17 || ||1,19 || ||2,1,17 || || || ||1,14 || ||1,14 || || ||1,18 || ||1,18 || ||1,17 || || ||1,17 || ||1,1 || ||1,14 || || || ||1,14 || || || || || || || || || || || || || || || || || || || || || || || || || || || || || || || || || || || || || || || || || || || || || || || || || || || || || || || || || || || || || || || || ||
============================================================

--- Q&A Pair #112 ---
Question: នៅក្នុងថ្នាក់មូលដ្ឋានឃុំសង្កាត់ តើអាជ្ញាធរមួយណាជាអ្នកមានសមត្ថកិច្ចក្នុងការចេញនិងគ្រប់គ្រងសៀវភៅស្នាក់នៅ និងសៀវភៅគ្រួសារ?
Response: 23 || 18 || 26 || 37 || 20 || 49 || 71 || 60 || 83 || 52 || 94 || 105
============================================================

--- Q&A Pair #113 ---
Question: តើមេភូមិត្រូវបានជ្រើសរើសឡើងតាមរយៈការបោះឆ្នោតជាសកលពីប្រជាពលរដ្ឋក្នុងភូមិដែរឬទេ?
Response: 239 ||148 ||125 ||267 ||330 ||010 ||2000 ||2250 ||338 ||188 ||188 ||338 ||188 ||339 ||341 ||188 ||349 ||288 ||489 ||411 ||188 ||311 ||188 ||39
============================================================

--- Q&A Pair #114 ---
Question: នៅពេលមានវិវាទដីធ្លីដែលមិនទាន់ចុះបញ្ជី តើរដ្ឋបាលឃុំសង្កាត់មានសិទ្ធិអំណាចកាត់ក្តីទំនាស់នោះដែរឬទេ?
Response: 238 ||<eos>
============================================================

--- Q&A Pair #115 ---
Question: តើរដ្ឋបាលឃុំសង្កាត់អាចចេញបទបញ្ជាឬពិន័យចំពោះជនដែលចោលសំរាមគ្មានសណ្តាប់ធ្នាប់ក្នុងមូលដ្ឋានរបស់ខ្លួនបានដែរឬទេ?
Response: 23 || 21 || 16 || 19
============================================================

--- Q&A Pair #116 ---
Question: តើផ្សាររដ្ឋដែលស្ថិតនៅក្នុងទីប្រជុំជនស្រុក ត្រូវបានគ្រប់គ្រងដោយស្ថាប័នណា ហើយចំណូលពីផ្សារនោះត្រូវចាត់ចែងយ៉ាងដូចម្តេច?
Response: 23 || 06||ការគ្រប់គ្រងរដ្ឋ និងឯកជន ដំណើរការនៃការធ្វើកំណែទម្រង់ប្រព័ន្ធតុលាការនៅកម្ពុជា។ ការអនុវត្តច្បាប់នេះ នឹងជួយឲ្យរដ្ឋាភិបាលអាចធ្វើការកែសម្រួល ឬលុបចោលនូវបទបញ្ញត្តិទាំងឡាយណាដែលពាក់ព័ន្ធនឹងអំពើពុករលួយ និងការរំលោភអំណាចរបស់ស្ថាប័ននីតិប្រតិបត្តិផងដែរ។
============================================================

--- Q&A Pair #117 ---
Question: តើរដ្ឋបាលឃុំសង្កាត់មានកញ្ចប់ថវិកាជាក់លាក់ណាមួយដើម្បីត្រៀមបម្រុងទុកសម្រាប់សង្គ្រោះបន្ទាន់ពេលមានគ្រោះមហន្តរាយដែរឬទេ?
Response: 231 ||246 ||378 ||590 ||5030 ||1020 ||1222 ||400 ||588 ||1020 ||552 ||575 ||572 ||552 ||672 ||684 ||553 ||694 ||542 ||683 ||654 ||784 ||784 ||685 ||694 ||714 ||795 ||715
============================================================

--- Q&A Pair #118 ---
Question: តើអភិបាលស្រុកមានសិទ្ធិបញ្ជាដោយផ្ទាល់ទៅលើកងយោធពលខេមរភូមិន្ទដែលឈរជើងក្នុងស្រុករបស់ខ្លួនដែរឬទេ?
Response: 239 || 017<eos>
============================================================

--- Q&A Pair #119 ---
Question: តើសមាជិកក្រុមប្រឹក្សាឃុំសង្កាត់អាចបាត់បង់សមាជិកភាពរបស់ខ្លួនមុនចប់អាណត្តិក្នុងករណីណាខ្លះ?
Response: 23 || 228 || 314 || 169 || 435 || 670 || 500 || 750 || 988 || 810 || 1130 || 1020 || 1212 || 23.1 || 159 || 100 || 200 || 019 || 199 || 145 || 144 || 243 || 144 || 144 || 143 || 144 || 144 || 144 || 144 || 144 || 144 || 144 || 144 || 144 || 144 || 144 || 144 || 144 || 144 || 144 || 144 || 144 || 144 || 144 || 144 || 144 || 144 || 144 || 144 || 144 || 144 || 144 || 144 || 144 || 144 || 144 || 144 || 144 || 144 || 144 || 144 || 144 || 144 || 144 || 144 || 144 || 144 || 144 || 144 || 144 || 144 || 144 || 144 || 144 || 144 || 144 || 144 || 144 || 144 || 144 || 144 || 144 || 144 || 144 || 144 || 144 || 144 || 144 || 144 || 144 || 144 || 144 || 144 || 144 || 144 || 144 || 144 || 144 || 144 || 144 || 144 || 144 || 144 || 144 || 144 || 144 || 144 || 144 || 144 || 144 || 144 || 144 || 144 || 144 || 144 || 144 || 144 || 144 || 144 || 144 || 144 || 144 || 144 || 144 || 144 || 144 || 144 || 144 || 144 || 144 || 144 || 144 || 144 || 144 || 144 || 144 || 144 || 144 || 144 || 144 || 144 || 144 || 144 || 144 || 144 || 144 || 144 || 144 || 144 || 144 || 144 || 144 || 144 || 144 || 144 || 144 || 144 || 144 || 144 || 144 || 144 || 144 || 144 || 144 || 144 || 144 || 144 || 144 || 144 || 144 || 144 || 144 || 144 || 144 || 144 || 144 || 144 || 144 || 144 || 144 || 144 || 144 || 144 || 144 || 144 || 144 || 144 || 144 || 144 || 144 || 144 || 144 || 144 || 144 || 144 || 144 || 144 || 144 || 144 || 144 || 144 || 144 || 144 || 144 || 144 || 144 || 144 || 144 || 144 || 144 || 144 || 144 || 144 || 144 || 144 || 144 || 144 || 144 || 144 || 144 || 144 || 144 || 144 || 144 || 144 || 144 || 144 || 144 || 144 || 144 || 144 || 144 || 144 || 144
============================================================

--- Q&A Pair #120 ---
Question: តើប្រជាពលរដ្ឋអាចចូលរួមជាថវិកាផ្ទាល់ខ្លួនដើម្បីគាំទ្រគម្រោងអភិវឌ្ឍន៍របស់ឃុំសង្កាត់ (ដូចជាការធ្វើផ្លូវ) បានដែរឬទេ?
Response: 23-Jan-2017 8:16 am លោកអ្នកប្រហែលជាធ្លាប់បានដឹងរួចមកហើយអំពីគម្រោងអភិវឌ្ឍន៍របស់ឃុំសង្កាត់មួយចំនួនដែលស្ថិតនៅជាប់នឹងផ្លូវជាតិលេខ១។ គម្រោងនេះស្ថិតនៅក្នុងស្រុកបាទី ខេត្តតាកែវ ហើយជាតំបន់ដែលមានសក្តានុពលខ្ពស់ក្នុងការអភិវឌ្ឍ... តើគួរធ្វើយ៉ាងណាដើម្បីឲ្យអាជីវកម្មរបស់អ្នកអាចរីកចម្រើនទៅមុខ? 22-Feb-2022 14:08 Hitsome ការងារ គឺជាការងារមួយដែលត្រូវធ្វើ ដើម្បីសម្រេចគោលដៅក្នុងជីវិត។ ប៉ុន្តែបើគ្មានចំណេះដឹងទេ នោះវានឹងពិបាកសម្រាប់អ្នក ក្នុងការស្វែងរកឱកាសល្អៗមកជួយអ្នកបាន។ ខាងក្រោមនេះជាគន្លឹះសំខាន់ៗ ដែលអ្នកអាចអនុវត្តន៍៖ ១) ត្រូវមានផែនការច្បាស់លាស់ និងច្បាស់លាស់ ៖ អ្នកមិនចាំបាច់ត្រូវការការណែនាំពីនរណាម្នាក់ឡើយ។ អ្នកអាចជ្រើសរើសយកវិធីសាស្រ្តមួយដែលអ្នកចង់សាកល្បង ដូចជាការសរសេរកម្មវិធី ឬឯកសារអ្វីមួយ។ ឧទាហរណ៍ថា បើអ្នកមានបំណងបង្កើតក្រុមហ៊ុនថ្មីឬអត់នោះ គឺកាន់តែងាយស្រួលសម្រាប់ពួកគេហើយ។ ២) កំណត់នូវអ្វីដែលសំខាន់ ៖ ប្រសិនបើអ្នកមិនមានបទពិសោធន៍គ្រប់គ្រាន់នោះទេ វាជារឿងធម្មតាទៅហើយ សម្រាប់អ្នកដែលទើបតែចាប់ផ្តើមដំបូង ព្រោះថាអ្នកមិនអាចទទួលបានជោគជ័យច្រើននោះទេ។ ដូច្នេះហើយ អ្នកត្រូវតែចេះរៀបចំខ្លួនឲ្យបានត្រឹមត្រូវ ដោយរៀនស្វែងយល់ពីចំណុចខ្លាំងរបស់ខ្លួនឯងជាមុនសិន មុននឹងសម្រេចចិត្តវិនិយោគលើវា។ ៣) ពិនិត្យមើលថាតើបុគ្គលិកម្នាក់ៗ មានសមត្ថភាពពេញលេញដែររឺទេ។ ប្រសិនបើបុគ្គលិកម្នាក់ៗ មិនទាន់យល់ច្បាស់ពីការលំបាករបស់ពួកគេ ពួកគេអាចនឹងបាត់បង់ទំនុកចិត្តទៅលើខ្លួនឯងទៅវិញទៅមក។ ៤) ស្វែងរកកន្លែងផ្ទាល់ខ្លួន ៖ ជាការពិតណាស់ នៅក្នុងបរិបទនៃសម័យកាលបច្ចុប្បន្ននេះ មនុស្សភាគច្រើនមិនសូវចូលចិត្តធ្វើការនៅការិយាល័យឡើយ តែគេតែងនិយាយថា “ខ្ញុំជាមនុស្សម្នាក់ដែលអាចផ្តល់ភាពកក់ក្តៅដល់មនុស្សគ្រប់គ្នា” ។ ៥) រៀបចំផែនការហិរញ្ញវត្ថុ ៖ នៅពេលអ្នកកំពុងគិតអំពីការចំណាយប្រាក់ខែរបស់អ្នក អ្នកគួរតែកំណត់ពេលវេលាជាក់លាក់ណាមួយសម្រាប់ការចាយវាយប្រចាំថ្ងៃរបស់អ្នក។ ៦) ធ្វើបញ្ជីចំណូលចំណាយប្រចាំខែ ៖ នៅពេលដែលអ្នកកំពុងតែពិចារណាលើប្រាក់ចំណូលរបស់អ្នក អ្នកក៏នឹងត្រូវចំណាយបន្ថែមលើការទិញផ្ទះផងដែរ។ ៧) កុំភ្លេចត្រៀមខ្លួនទុកមុន ៖ នេះគឺជាជំហានដ៏សំខាន់បំផុតដែលអ្នកត្រូវយកចិត្តទុកដាក់ចំពោះរឿងរ៉ាវផ្សេងៗទៀតដែលបានកើតឡើងកាលពីអតីតកាល។ ៨) រៀនសូត្រពីកំហុសឆ្គងទាំងនោះ ៖ ពេលខ្លះអ្នកមិនបានដឹងថាពេលណាដែលត្រូវប្រឈមមុខនឹងការខាតបង់នៅពេលអនាគតនោះទេ៕ មតិយោបល់ ជិតចូលឆ្នាំខ្មែរភ្លែត! បាត់ដំណឹងលែងអស់ តោះទៅមើលគ្រឿងអលង្ការតម្លៃថ្លៃជាច្រើន ចុងក្រោយយកមកប្រៀបធៀបរថយន្តតែមួយ - ជីវិតកម្សាន្ដ៣ ថ្ងៃ ago លេចមុខតួឯកប្រុសក្នុងរឿង “កងដៃចាំស្នេហ៍” ស្នាងភ្នួស សុំឲ្យគ្រប់គ្នាអហោសិកម្ម
============================================================

--- Q&A Pair #121 ---
Question: តើទីរួមខេត្តឬក្រុងដែលជាមជ្ឈមណ្ឌលរដ្ឋបាលនៃខេត្តបន្ទាយមានជ័យមានឈ្មោះអ្វី?
Response: 238 ||179 → |<eos>
============================================================

--- Q&A Pair #122 ---
Question: តើកោះរ៉ុងត្រូវបានរាជរដ្ឋាភិបាលកម្ពុជាដំឡើងឋានៈជារដ្ឋបាលថ្នាក់អ្វី ហើយបច្ចុប្បន្នស្ថិតនៅក្រោមដែនសមត្ថកិច្ចរបស់ខេត្តណា?
Response: admin ||2697<eos>
============================================================

--- Q&A Pair #123 ---
Question: យោងតាមច្បាប់ស្តីពីការគ្រប់គ្រងរដ្ឋបាលថ្នាក់ក្រោមជាតិ តើការបង្កើតឬការកែប្រែព្រំប្រទល់រាជធានីនិងខេត្ត ត្រូវធ្វើឡើងតាមរយៈលិខិតបទដ្ឋានគតិយុត្តប្រភេទអ្វី?
Response: 237 || |<eos>
============================================================

--- Q&A Pair #124 ---
Question: តើក្រសួងមួយណាដែលមានសមត្ថកិច្ចនិងតួនាទីចម្បងក្នុងការគ្រប់គ្រង ដឹកនាំ និងសម្របសម្រួលរដ្ឋបាលថ្នាក់ក្រោមជាតិនៅកម្ពុជា?
Response: 23, 2019 | ព័ត៌មានជាតិ កម្ពុជានឹងមានភ្លៀងធ្លាក់ពីតិចទៅមធ្យម ចាប់ពីថ្ងៃទី១៧ ដល់ថ្ងៃទី២១ ខែកញ្ញា ឆ្នាំ២០១៩ ដោយសារឥទ្ធិពលនៃព្យុះទី១៩ ឈ្មោះ ណូរុ (NOURS)។ នេះបើតាមសេចក្តីជូនដំណឹងរបស់ក្រសួងធនធានទឹក និងឧតុនិយម នៅថ្ងៃទី០៤ ខែសីហា ឆ្នាំ២០១៨នេះ។ ក្រសួងបញ្ជាក់ថា ក្នុងអំឡុងពេលនេះ តំបន់ជួរភ្នំដងរែក នឹងអាចមានភ្លៀងធ្លាក់រាយប៉ាយ ពីបង្គួរ ទៅច្រើន លាយឡំផ្គរ រន្ទះ និងខ្យល់កន្ត្រាក់ ដែលនឹងអាចបង្កឱ្យមានជំនន់ទឹកភ្លៀង នៅក្នុងភូមិសាស្ត្រមួយចំនួនផងដែរ។ ជាមួយគ្នានេះក្រសួងក៏បានអំពាវនាវដល់ប្រជាពលរដ្ឋ សូមមានការប្រុងប្រយ័ត្នចំពោះបាតុភូតធម្មជាតិ ដែលអាចកើតមានឡើងជាយថាហេតុ៕
============================================================

--- Q&A Pair #125 ---
Question: តើអាណត្តិរបស់ក្រុមប្រឹក្សាឃុំនិងសង្កាត់នៅប្រទេសកម្ពុជាមានរយៈពេលប៉ុន្មានឆ្នាំ ហើយសមាជិកទាំងនោះត្រូវបានជ្រើសរើសដោយរបៀបណា?
Response: 23, 2017 || 21, 2019 កម្មកររោងចក្រកាត់ដេរសម្លៀកបំពាក់ចំនួន៣០០នាក់បានដួលសន្លប់ក្នុងរោងចក្រមួយនៅខេត្តកណ្តាលកាលពីម្សិលមិញនេះ ដោយក្រុមអ្នកតវ៉ាប្រឆាំងនឹងការបណ្តេញចេញដោយបង្ខំ។ ការិយាល័យសហជីពចលនាកម្មករកម្ពុជាបាននិយាយថា ពួកគេនឹងបន្តធ្វើការតវ៉ានៅថ្ងៃស្អែកទៀត ដើម្បីទាមទារឲ្យរដ្ឋាភិបាលដោះលែងតំណាងពួកគេទាំង២៣នាក់ និងបញ្ឈប់ការចាប់ខ្លួនសមាជិករបស់ពួកគេពីររូបទៀត។ លោក អាត់ ធន់ ប្រធានសហភាពការងារកម្ពុជា បានមានប្រសាសន៍ថា “យើងកំពុងរង់ចាំមើលថាតើមានអ្វីកើតឡើងចំពោះកម្មករដែលធ្វើកូដកម្មខុសច្បាប់” ។ លោកបានមានប្រសាសន៍បន្ថែមថា “ យើងចង់ឲ្យមានការចរចាបន្តបន្ទាប់ជាមួយភាគីពាក់ព័ន្ធទាំងអស់ដើម្បីស្វែងរកដំណោះស្រាយសម្រាប់កម្មករទាំងនោះ ពីព្រោះពួកគាត់ត្រូវការប្រាក់ខែខ្ពស់ ហើយពួកគាត់អាចទទួលបានអត្ថប្រយោជន៍ពីការទាមទាររបស់ពួកគេសម្រាប់រយៈពេលវែង”។ កាលពីសប្តាហ៍មុន ក្រុមបុគ្គលិកក្រុមហ៊ុនស៊ីនទ្រីជាង១០០នាក់មកពីទីក្រុងភ្នំពេញ ត្រូវបានបញ្ជូនទៅកាន់ក្រសួងការងារ ដើម្បីសាកសួរអំពីបញ្ហានេះ ប៉ុន្តែត្រូវបានអាជ្ញាធរក្រុងភ្នំពេញបដិសេធមិនផ្តល់ព័ត៌មានលម្អិតទេ។ យោងតាមលោក សោម កែវបណ្ឌិត អ្នកនាំពាក្យសាលារាជធានីភ្នំពេញ បានឲ្យដឹងថា សាលារាជធានីបានសម្រេចផ្អាកសកម្មភាពរបស់ខ្លួនជាបណ្ដោះអាសន្នសិន ដោយសារតែវិបត្តិនយោបាយនៅកម្ពុជា៕
============================================================

--- Q&A Pair #126 ---
Question: ក្រៅពីការគ្រប់គ្រងរបស់រដ្ឋបាលខេត្តសៀមរាប តើមានស្ថាប័នថ្នាក់ជាតិមួយណាទៀតដែលមានសិទ្ធិអំណាចពិសេសក្នុងការគ្រប់គ្រងតំបន់ឧទ្យានអង្គរ?
Response: 231 || 253 || 374 || 186 || 492 || 60 || 73,20 || 500 || 850
============================================================

--- Q&A Pair #127 ---
Question: តើការបង្កើតការិយាល័យច្រកចេញចូលតែមួយនៅតាមរដ្ឋបាលក្រុង ស្រុក ខណ្ឌ មានគោលបំណងចម្បងអ្វីខ្លះក្នុងការបម្រើប្រជាពលរដ្ឋ?
Response: 238 ||251 ||396 ||407 ||308 ||400 ||501 ||107 ||124 ||2022 ||431 ||188 ||2019 ||493 ||101 ||101 ||101 ||102 ||104 ||102 ||104 ||105 ||105 ||105 ||104 ||108 ||104 ||105 ||105 ||105 ||107 ||105 ||106 ||105 ||105 ||107 ||106 ||106 ||106 ||107 ||107 ||107 ||108 ||108 ||108 ||108 ||107 ||108 ||101 ||109 ||108 ||108 ||108 ||109 ||109 ||101 ||101 ||109 ||109 ||101 ||101 ||101 ||101 ||105 ||101 ||102 ||101 ||105 ||101 ||102 ||102 ||102 ||101 ||103 ||102 ||103 ||103 ||103 ||104 ||105 ||104 ||105 ||105
============================================================

--- Q&A Pair #128 ---
Question: បើគិតលើទំហំផ្ទៃដីសរុប តើខេត្តណាដែលមានទំហំតូចជាងគេបង្អស់នៅក្នុងព្រះរាជាណាចក្រកម្ពុជា?
Response: 23,197 | ← កិច្ចប្រជុំគណៈកម្មាធិការអចិន្ត្រៃយ៍រដ្ឋសភា លើកទី១០ បានបិទបញ្ចប់នៅម៉ោង៨៖៣០នាទីព្រឹក ថ្ងៃទី១៦ ខែកក្កដា ឆ្នាំ២០១២ នៅសាលសន្និសីទបាយ័ននៃទីស្តីការគណៈរដ្ឋមន្រ្តី។| 228 |
============================================================

--- Q&A Pair #129 ---
Question: ដោយសារបឹងទន្លេសាបលាតសន្ធឹងលើខេត្តជាច្រើន តើរាជរដ្ឋាភិបាលបានបង្កើតស្ថាប័នអ្វីដើម្បីសម្របសម្រួលកិច្ចការអភិរក្សធនធានធម្មជាតិនៅតំបន់នោះ?
Response: 239 || 1367 || 2284 || 1951 || 2009 || 3303 || 420 || 650 || 700 || 5,888
============================================================

--- Q&A Pair #130 ---
Question: នៅក្នុងឆ្នាំពីរពាន់ម្ភៃបី តើមានក្រុងថ្មីចំនួនប៉ុន្មានត្រូវបានរាជរដ្ឋាភិបាលសម្រេចបង្កើតឡើងនៅក្នុងដែនរដ្ឋបាលខេត្តកណ្តាល ហើយមានឈ្មោះអ្វីខ្លះ?
Response: 238 || 259 || 143 || 360 || 417 || 621 || 730 || 512 || 820 || 950 || 1088
============================================================

--- Q&A Pair #131 ---
Question: តើក្រុងបូកគោដែលស្ថិតនៅលើតំបន់ភ្នំបូកគោ ត្រូវបានរាជរដ្ឋាភិបាលបង្កើតឡើងក្នុងរដ្ឋបាលខេត្តណា ហើយត្រូវបានកាត់បំបែកចេញពីស្រុកអ្វី?
Response: 237 |<eos>
============================================================

--- Q&A Pair #132 ---
Question: នៅក្នុងគោលនយោបាយកំណែទម្រង់រដ្ឋបាលថ្នាក់ក្រោមជាតិ តើពាក្យថាវិមជ្ឈការនិងវិសហមជ្ឈការមានអត្ថន័យទូទៅយ៉ាងដូចម្តេច?
Response: +855 13 2 3 4 5 6 7 8 9 10 11 12 16 • • • 151
============================================================

--- Q&A Pair #133 ---
Question: តើមេភូមិនិងសមាជិកភូមិផ្សេងទៀតត្រូវបានជ្រើសរើសដោយការបោះឆ្នោតដោយផ្ទាល់ពីប្រជាពលរដ្ឋដែរឬទេ? តើពួកគេត្រូវបានតែងតាំងដោយរបៀបណា?
Response: 238 || 88 ||<eos>
============================================================

--- Q&A Pair #134 ---
Question: នៅឆ្នាំពីរពាន់ម្ភៃបី រាជរដ្ឋាភិបាលបានសម្រេចបំបែកស្រុកឧដុង្គនៃខេត្តកំពង់ស្ពឺជាពីរ។ តើការបំបែកនេះបង្កើតបានជារដ្ឋបាលស្រុកនិងក្រុងអ្វីខ្លះថ្មី?
Response: 23 || | ↑<eos>
============================================================

--- Q&A Pair #135 ---
Question: តើក្រុងថ្មីមួយណាដែលទើបតែត្រូវបានបង្កើតឡើងនៅក្នុងខេត្តសៀមរាប ដើម្បីសម្រួលដល់ការរស់នៅរបស់ប្រជាពលរដ្ឋដែលបានស្ម័គ្រចិត្តរើចេញពីតំបន់រមណីយដ្ឋានអង្គរ?
Response: 239 || 1382 || 2147 || 3560 || 430,00 || 750,200 || 510,229
============================================================

--- Q&A Pair #136 ---
Question: បន្ទាប់ពីខេត្តត្បូងឃ្មុំត្រូវបានបង្កើតឡើងដោយកាត់ចេញពីខេត្តកំពង់ចាម តើក្រុងមួយណាដែលត្រូវបានកំណត់ជាទីរួមខេត្តនិងជាមជ្ឈមណ្ឌលរដ្ឋបាលចម្បងរបស់ខេត្តនេះ?
Response: 231 || | ↑<eos>
============================================================

--- Q&A Pair #137 ---
Question: នៅក្នុងរចនាសម្ព័ន្ធរដ្ឋបាលរាជធានីនិងខេត្ត តើក្រុមប្រឹក្សានិងគណៈអភិបាលមានតួនាទីខុសគ្នាយ៉ាងដូចម្តេចចំពោះការគ្រប់គ្រងមូលដ្ឋាន?
Response: 23 || 146 ដីព្រៃលិចទឹកជាង១ម៉ឺនហិកតា ត្រូវបានរដ្ឋាភិបាលកម្ពុជា សម្រេចកាត់ឆ្វៀលចេញពីតំបន់៣ នៃបឹងទន្លេសាប ដោយប្រើប្រាស់ផ្ទៃដីសរុបចំនួន ៣,៨លានហិកតាស្ថិតក្នុងភូមិសាស្ត្រខេត្តពោធិ៍សាត់។ ការសម្រេចនេះធ្វើឡើងបន្ទាប់ពីមានសំណើរបស់រដ្ឋមន្ត្រីក្រសួងរៀបចំដែនដី នគរូបនីយកម្ម និងសំណង់ លោក ជា សុផារ៉ា រដ្ឋមន្ត្រីក្រសួងរៀបចំដែនដីនគរូបនីយកម្មនិងសំណង់ និងជាប្រធានគណៈកម្មការអន្តរក្រសួងដើម្បីទប់ស្កាត់និងបង្ក្រាបបទល្មើសធនធានធម្មជាតិ បានដាក់លិខិតស្នើទៅលោកឧបនាយករដ្ឋមន្ត្រី ស ខេង រដ្ឋមន្រ្តីក្រសួងមហាផ្ទៃ ដើម្បីសុំការអនុញ្ញាតពីសម្តេចតេជោ ហ៊ុន សែន នាយករដ្ឋមន្ត្រីនៃព្រះរាជាណាចក្រកម្ពុជា។ យោងតាមសេចក្តីប្រកាសព័ត៌មានរបស់ក្រសួងដែលអង្គភាព Fresh News ទទួលបាននៅថ្ងៃទី១៦ ខែតុលា ឆ្នាំ២០២១នេះបានឲ្យដឹងថា “ឯកឧត្តមរដ្ឋមន្រ្តី អ៊ឹម ឈុនលឹម ប្រធានក្រុមប្រឹក្សាធម្មនុញ្ញបានមានប្រសាសន៍នៅក្នុងកិច្ចប្រជុំពេញអង្គគណៈរដ្ឋមន្រ្តីកាលពីព្រឹកមិញថា ឯកឧត្តមទេសរដ្ឋមន្ត្រី ស៊ុន ចាន់ថុល រដ្ឋមន្ត្រី ក្រសួងសាធារណការ និងដឹកជញ្ជូន នឹងអញ្ជើញជាអធិបតីភាពដ៏ខ្ពង់ខ្ពស់ ក្នុងពិធីចុះហត្ថលេខាលើកិច្ចព្រមព្រៀងក្របខ័ណ្ឌស្តីពីកិច្ចសហប្រតិបត្តិការរវាងរាជរដ្ឋាភិបាលកម្ពុជានិងសាធារណរដ្ឋកូរ៉េ លើគម្រោងអភិវឌ្ឍន៍ប្រព័ន្ធបង្ហូរទឹកកខ្វក់នៅកម្ពុជា” ។ កិច្ចព្រមព្រៀងនេះនឹងជួយសម្រួលដល់ការដឹកជញ្ជូន និងការធ្វើដំណើរឆ្លងកាត់ព្រំដែននៃប្រទេសទាំងពីរឱ្យកាន់តែមានភាពងាយស្រួលជាងមុនថែមទៀត ជាពិសេសកាត់បន្ថយពេលវេលាធ្វើដំណើរឆ្លងដែនខុសច្បាប់ចូលទឹកដីប្រទេសវៀតណាម ដែលធ្វើឱ្យប៉ះពាល់ដល់សន្តិសុខជាតិរបស់កម្ពុជាទាំងមូលផងដែរ ៕
============================================================

--- Q&A Pair #138 ---
Question: ក្នុងបរិបទនៃការពង្រីកវិសាលភាពភូមិសាស្ត្ររាជធានីភ្នំពេញនាពេលកន្លងមក តើខេត្តមួយណាដែលត្រូវបានកាត់រំកិលព្រំប្រទល់រដ្ឋបាលនិងឃុំសង្កាត់មួយចំនួនបញ្ចូលមកក្នុងរាជធានី?
Response: 238 ||179 ||240 ||356 ||3020 ||1250 ||2288 ||1000
============================================================

--- Q&A Pair #139 ---
Question: តើក្រុងបាវិតនៃខេត្តស្វាយរៀងមានតួនាទីភូមិសាស្ត្ររដ្ឋបាលនិងសេដ្ឋកិច្ចយ៉ាងដូចម្តេចខ្លះក្នុងការតភ្ជាប់ជាមួយប្រទេសជិតខាង?
Response: 238 ||419 ||036 ||275 ||304 ||124 ||101 ||2000 ||150 ||1000 ||221 ||2,88 ||1,000 || 1.1-||ព័ត៌មានវិទ្យាសម្រាប់ការគ្រប់គ្រង និងថែទាំប្រចាំឆ្នាំ (ESA) សម្រាប់នាយកដ្ឋានធានាគុណភាពសម្រាប់ការអនុវត្តគម្រោង FMIS នៅក្រសួងសេដ្ឋកិច្ចនិងហិរញ្ញវត្ថុ។ 2.2-||ត្រូវមានឯកសារតម្រូវចាំបាច់សម្រាប់ការពិនិត្យមើលរបាយការណ៍វឌ្ឍនភាពការងាររបស់នាយកដ្ឋានដើម្បីកំណត់កាលបរិច្ឆេទនៃការបញ្ចប់នៃប្រព័ន្ធ FMIS ។ 3.3-||ត្រូវមានឯកសារភ្ជាប់មកជាមួយនូវឯកសារពាក់ព័ន្ធនឹងការបំពេញបែបបទនីតិវិធីទូទាត់ប្រាក់បៀវត្ស ការត្រួតពិនិត្យតាមដាននិងការវាយតម្លៃលើការប្រើប្រាស់កម្មវិធីទូរស័ព្ទដៃ។ 4.4-||ត្រូវមានឯកសារភ្ជាប់មកជាមួយនូវឯកសារភ្ជាប់មកជាមួយនូវឯកសារភ្ជាប់មកជាមួយនូវឯកសារភ្ជាប់មកជាមួយនូវឯកសារភ្ជាប់មកជាមួយនូវឯកសារភ្ជាប់មកជាមួយនូវឯកសារភ្ជាប់មកជាមួយនូវឯកសារភ្ជាប់មកជាមួយនូវឯកសារភ្ជាប់មកជាមួយនូវឯកសារភ្ជាប់មកជាមួយនឹងឯកសារភ្ជាប់មកជាមួយនូវឯកសារភ្ជាប់មកជាមួយនូវឯកសារភ្ជាប់មកជាមួយនូវឯកសារភ្ជាប់មកជាមួយនូវឯកសារភ្ជាប់មកជាមួយនូវឯកសារភ្ជាប់មកជាមួយនូវឯកសារភ្ជាប់មកជាមួយនូវឯកសារភ្ជាប់មកជាមួយនូវឯកសារភ្ជាប់មកជាមួយនូវឯកសារភ្ជាប់មកជាមួយនូវឯកសារភ្ជាប់មកជាមួយនូវឯកសារភ្ជាប់មកជាមួយនូវឯកសារភ្ជាប់មកជាមួយនូវឯកសារភ្ជាប់មកជាមួយនូវឯកសារភ្ជាប់មកជាមួយនូវឯកសារភ្ជាប់មកជាមួយនូវឯកសារភ្ជាប់មកជាមួយនូវឯកសារភ្ជាប់មកជាមួយនូវឯកសារភ្ជាប់មកជាមួយនូវឯកសារភ្ជាប់មកជាមួយនូវឯកសារភ្ជាប់មកជាមួយនូវឯកសារភ្ជាប់មកជាមួយនូវឯកសារភ្ជាប់មកជាមួយនូវឯកសារភ្ជាប់មកជាមួយនូវឯកសារភ្ជាប់មកជាមួយនូវឯកសារភ្ជាប់មកជាមួយនូវឯកសារភ្ជាប់មកជាមួយនូវឯកសារភ្ជាប់មកជាមួយនូវឯកសារភ្ជាប់មកជាមួយនូវឯកសារភ្ជាប់មកជាមួយនូវឯកសារភ្ជាប់មកជាមួយនូវឯកសារភ្ជាប់មកជាមួយនូវឯកសារភ្ជាប់មកជាមួយនូវឯកសារភ្ជាប់មកជាមួយនូវឯកសារភ្ជាប់មកជាមួយនូវឯកសារភ្ជាប់មកជាមួយនូវឯកសារភ្ជាប់មកជាមួយនូវឯកសារភ្ជាប់មកជាមួយនូវឯកសារភ្ជាប់មកជាមួយនូវឯកសារភ្ជាប់មកជាមួយនូវឯកសារភ្ជាប់មកជាមួយនូវឯកសារភ្ជាប់មកជាមួយនូវឯកសារភ្ជាប់មកជាមួយនូវឯកសារភ្ជាប់មកជាមួយនូវឯកសារភ្ជាប់មកជាមួយនូវឯកសារភ្ជាប់មកជាមួយនូវឯកសារភ្ជាប់មកជាមួយនូវឯកសារភ្ជាប់មកជាមួយនូវឯកសារភ្ជាប់មកជាមួយនូវឯកសារភ្ជាប់មកជាមួយនូវឯកសារភ្ជាប់មកជាមួយនូវឯកសារភ្ជាប់មកជាមួយនូវឯកសារភ្ជាប់មកជាមួយនូវឯកសារភ្ជាប់មកជាមួយនូវឯកសារភ្ជាប់មកជាមួយនូវឯកសារភ្ជាប់មកជាមួយនូវឯកសារភ្ជាប់មកជាមួយនូវឯកសារភ្ជាប់មកជាមួយនូវឯកសារភ្ជាប់មកជាមួយនូវឯកសារភ្ជាប់មកជាមួយនូវឯកសារភ្ជាប់មកជាមួយនូវឯកសារភ្ជាប់មកជាមួយនូវឯកសារភ្ជាប់មកជាមួយនូវឯកសារភ្ជាប់មកជាមួយនូវឯកសារភ្ជាប់មកជាមួយនូវឯកសារភ្ជាប់មកជាមួយនូវឯកសារភ្ជាប់មកជាមួយនូវឯកសារភ្ជាប់មកជាមួយនូវឯកសារភ្ជាប់មកជាមួយនូវឯកសារភ្ជាប់មកជាមួយនូវឯកសារភ្ជាប់មកជាមួយនូវឯកសារភ្ជាប់មក ជាមួយនូវឯកសារភ្ជាប់មកជាមួយនូវឯកសារភ្ជាប់មកជាមួយនូវឯកសារភ្ជាប់មកជាមួយនូវឯកសារភ្ជាប់មកជាមួយនូវឯកសារភ្ជាប់មកជាមួយនូវឯកសារភ្ជាប់មកជាមួយនូវឯកសារភ្ជាប់មកជាមួយនូវឯកសារភ្ជាប់មកជាមួយនូវឯកសារភ្ជាប់មកជាមួយនូវឯកសារភ្ជាប់មកជាមួយនូវឯកសារភ្ជាប់មកជាមួយនូវឯកសារភ្ជាប់មកជាមួយនូវឯកសារភ្ជាប់មកជាមួយនូវឯកសារភ្ជាប់មកជាមួយនូវឯកសារភ្ជាប់មកជាមួយនូវឯកសារភ្ជាប់មកជាមួយនូវឯកសារភ្ជាប់មកជាមួយនូវឯកសារភ្ជាប់មកជាមួយនូវឯកសារភ្ជាប់មកជាមួយនូវឯកសារភ្ជាប់មកជាមួយនូវឯកសារភ្ជាប់មកជាមួយនូវឯកសារភ្ជាប់មកជាមួយនូវឯកសារភ្ជាប់មកជាមួយនូវឯកសារភ្ជាប់មកជាមួយនូវឯកសារភ្ជាប់មកជាមួយនូវឯកសារភ្ជាប់មកជាមួយនូវឯកសារភ្ជាប់មកជាមួយនូវឯកសារភ្ជាប់មកជាមួយនូវឯកសារភ្ជាប់មកជាមួយនូវឯកសារភ្ជាប់មកជាមួយនូវឯកសារភ្ជាប់មកជាមួយនូវឯកសារភ្ជាប់មកជាមួយនូវឯកសារភ្ជាប់មកជាមួយនូវឯកសារភ្ជាប់មកជាមួយនូវឯកសារភ្ជាប់មកជាមួយនូវឯកសារភ្ជាប់មកជាមួយនូវឯកសារភ្ជាប់មកជាមួយនូវឯកសារភ្ជាប់មកជាមួយនូវឯកសារភ្ជាប់មកជាមួយនូវឯកសារភ្ជាប់មកជាមួយនូវឯកសារភ្ជាប់មកជាមួយនូវឯកសារភ្ជាប់មកជាមួយនូវឯកសារភ្ជាប់មកជាមួយនូវឯកសារភ្ជាប់មកជាមួយនូវឯកសារភ្ជាប់មកជាមួយនូវឯកសារភ្ជាប់មកជាមួយនូវឯកសារភ្ជាប់មកជាមួយនូវឯកសារភ្ជាប់មកជាមួយនូវឯកសារភ្ជាប់មកជាមួយនូវឯកសារភ្ជាប់មកជាមួយនូវឯកសារភ្ជាប់មកជាមួយនូវឯកសារភ្ជាប់មកជាមួយនូវឯកសារភ្ជាប់មកជាមួយនូវឯកសារភ្ជាប់មកជាមួយនូវឯកសារភ្ជាប់មកជាមួយនូវឯកសារភ្ជាប់មកជាមួយនូវឯកសារភ្ជាប់មកជាមួយនូវឯកសារភ្ជាប់មកជាមួយនូវឯកសារភ្ជាប់មកជាមួយនូវឯកសារភ្ជាប់មកជាមួយនូវឯកសារភ្ជាប់មកជាមួយនូវឯកសារភ្ជាប់មកជាមួយនូវឯកសារភ្ជាប់មកជាមួយនូវឯកសារភ្ជាប់មកជាមួយនូវឯកសារភ្ជាប់មកជាមួយនូវឯកសារភ្ជាប់មកជាមួយនូវឯកសារភ្ជាប់មកជាមួយនូវឯកសារភ្ជាប់មកជាមួយនូវឯកសារភ្ជាប់មកជាមួយនូវឯកសារភ្ជាប់មកជាមួយនូវឯកសារភ្ជាប់មកជាមួយនូវឯកសារភ្ជាប់មកជាមួយនូវឯកសារភ្ជាប់មកជាមួយនូវឯកសារភ្ជាប់មកជាមួយនូវឯកសារភ្ជាប់មកជាមួយនូវឯកសារភ្ជាប់មកជាមួយនូវឯកសារភ្ជាប់មកជាមួយនូវឯកសារភ្ជាប់មកជាមួយនូវឯកសារភ្ជាប់មកជាមួយនូវឯកសារភ្ជាប់មកជាមួយនូវឯកសារភ្ជាប់មកជាមួយនូវឯកសារភ្ជាប់មកជាមួយនូវឯកសារភ្ជាប់មកជាមួយនូវឯកសារភ្ជាប់មកជាមួយនូវឯកសារភ្ជាប់មកជាមួយនូវឯកសារភ្ជាប់មកជាមួយនូវឯកសារភ្ជាប់មកជាមួយនូវឯកសារភ្ជាប់មកជាមួយនូវឯកសារភ្ជាប់មកជាមួយនូវឯកសារភ្ជាប់មកជាមួយនូវឯកសារភ្ជាប់មកជាមួយនូវឯកសារភ្ជាប់មកជាមួយនូវឯកសារភ្ជាប់មកជាមួយនូវឯកសារភ្ជាប់មកជាមួយនូវឯកសារភ្ជាប់មកជាមួយនូវឯកសារភ្ជាប់មកជាមួយនូវឯកសារភ្ជាប់មកជាមួយនូវឯកសារភ្ជាប់មកជាមួយនូវឯកសារភ្ជាប់មកជាមួយនូវឯកសារភ្ជាប់មកជាមួយនូវឯកសារភ្ជាប់មកជាមួយនូវឯកសារភ្ជាប់មកជាមួយនូវឯកសារភ្ជាប់មកជាមួយនូវឯកសារភ្ជាប់មកជាមួយនូវឯកសារភ្ជាប់មកជាមួយនូវឯកសារភ្ជាប់មកជាមួយនូវឯកសារភ្ជាប់មកជាមួយនូវឯកសារភ្ជាប់មកជាមួយនូវឯកសារភ្ជាប់មកជាមួយនូវឯកសារភ្ជាប់មកជាមួយនូវឯកសារភ្ជាប់មកជាមួយនូវឯកសារភ្ជាប់មកជាមួយនូវឯកសារភ្ជាប់មកជាមួយនូវឯកសារភ្ជាប់មកជាមួយនូវឯកសារភ្ជាប់មកជាមួយនូវឯកសារភ្ជាប់មកជាមួយនូវឯកសារភ្ជាប់មកជាមួយនូវឯកសារភ្ជាប់មកជាមួយនូវឯកសារភ្ជាប់មកជាមួយនូវឯកសារភ្ជាប់មកជាមួយនូវឯកសារភ្ជាប់មកជាមួយនូវឯកសារភ្ជាប់មកជាមួយនូវឯកសារភ្ជាប់មកជាមួយនូវឯកសារភ្ជាប់មកជាមួយនូវឯកសារភ្ជាប់មកជាមួយឯកសារភ្ជាប់មកជាមួយនូវឯកសារភ្ជាប់មកជាមួយនូវឯកសារភ្ជាប់មកជាមួយនូវឯកសារភ្ជាប់មកជាមួយនូវឯកសារភ្ជាប់មកជាមួយនូវឯកសារភ្ជាប់មកជាមួយឯកសារភ្ជាប់មកជាមួយឯកសារភ្ជាប់ទំនាក់ទំនងរវាងឯកសារភ្ជាប់ទៅនឹងឯកសារភ្ជាប់មកជាមួយឯកសារភ្ជាប់មកជាមួយនូវឯកសារភ្ជាប់មកជាមួយឯកសារភ្ជាប់មកជាមួយឯកសារភ្ជាប់មកជាមួយនូវឯកសារភ្ជាប់មកជាមួយឯកសារភ្ជាប់មកជាមួយនូវឯកសារភ្ជាប់មកជាមួយឯកសារភ្ជាប់មកជាមួយឯកសារភ្ជាប់មកជាមួយឯកសារភ្ជាប់មកជាមួយនឹងការភ្ជាប់មកជាមួយឯកសារភ្ជាប់ឯកសារភ្ជាប់មកជាមួយឯកសារភ្ជាប់មកជាមួយឯកសារភ្ជាប់មកជាមួយឯកសារភ្ជាប់មកជាមួយឯកសារភ្ជាប់មកជាមួយឯកសារភ្ជាប់មកជាមួយឯកសារភ្ជាប់មកជាមួយឯកសារភ្ជាប់មកជាមួយឯកសារភ្ជាប់មកជាមួយឯកសារភ្ជាប់ពីថ្មីបំផុតដោយប្រើឯកសារភ្ជាប់មក!
============================================================

--- Q&A Pair #140 ---
Question: តើស្ថាប័នថ្នាក់ជាតិមួយណាដែលមានតួនាទីពិនិត្យនិងផ្តល់ការអនុម័តលើថវិកាប្រចាំឆ្នាំរបស់រដ្ឋបាលថ្នាក់រាជធានីនិងខេត្ត មុននឹងដាក់ឱ្យអនុវត្តជាផ្លូវការ?
Response: 231 ||249 ||357 ||128 ||060 ||305 ||2000 ||109 ||2250 ||188 ||185 ||188 ||1000 ||188 ||188 ||188 ||188 ||188 ||188 ||188 ||188 ||188 ||188 ||188 ||188 ||188 ||188 ||188 ||188 ||188 ||188 ||188 ||188 ||188 ||188 ||188 ||188 ||188 ||188 ||188 ||188 ||188 ||188 ||188 ||188 ||188 ||188 ||188 ||188 ||188 ||188 ||188 ||188 ||188 ||188 ||188 ||188 ||188 ||188 ||188 ||188 ||188 ||188 ||188 ||188 ||188 ||188 ||188 ||188 ||188 ||188 ||188 ||188 ||188 ||188 ||188 ||188 ||188 ||188 ||188 ||188 ||188 ||188 ||188 ||188 ||188 ||188 ||188 ||188 ||188 ||188 ||188 ||188 ||188 ||188 ||188 ||188 ||188 ||188 ||188 ||188 ||188 ||188 ||188 ||188 ||188 ||188 ||188 ||188 ||188 ||188 ||188 ||188 ||188 ||188 ||188 ||188 ||188 ||188 ||188 ||188 ||188 ||188 ||188 ||188 ||188 ||188 ||188 ||188 ||188 ||188 ||188 ||188 ||188 ||188 ||188 ||188 ||188 ||188 ||188 ||188 ||188 ||188 ||188 ||188 ||188 ||188 ||188 ||188 ||188 ||188 ||188 ||188 ||188 ||188 ||188 ||188 ||188 ||188 ||188 ||188 ||188 ||188 ||188 ||188 ||188 ||188 ||188 ||188 ||188 ||188 ||188 ||188 ||188 ||188 ||188 ||188 ||188 ||188 ||188 ||188 ||188 ||188 ||188 ||188 ||188 ||188 ||188 ||188 ||188 ||188 ||188 ||188 ||188 ||188 ||188 ||188 ||188 ||188 ||188 ||188 ||188 ||188 ||188 ||188 ||188 ||188 ||188 ||188 ||188 ||188 ||188 ||188 ||188 ||188 ||188 ||188 ||188 ||188 ||188 ||188 ||188 ||188 ||188 ||188 ||188 ||188 ||188 ||188 ||188 ||188 ||188 ||188 ||188 ||188 ||188 ||188 ||188 ||188 ||188 ||188 ||188 ||188 ||188 ||188 ||188 ||188 ||188 ||188 ||188 ||188 ||188 ||188 ||188 ||188 ||188 ||188 ||188 ||188 ||188 ||188 ||188 ||188 ||188 ||188 ||188 ||188 ||188 ||188 ||188 ||188 ||188 ||188 ||188 ||188 ||188 ||188 ||188 ||188 ||188 ||188 ||188 ||188 ||188 ||188 ||188 ||188 ||188 ||188 ||188 ||188 ||188 ||188 ||188 ||188 ||188 ||188 ||188 ||188 ||188 ||188 ||188 ||188 ||188 ||188 ||188 ||188 ||188 ||188 ||188 ||188 ||188 ||188 ||188 ||188 ||188 ||188 ||188 ||188 ||188 ||188 ||188 ||188 ||188 ||188||ត្រូវហើយ|188 ||188 ||188 ||188 ||188 ||188 ||188 ||188 ||188 ||188 ||188 ||188 ||188 ||188 ||188 ||188 ||188 ||188 ||1 ||188 ||188 ||188 ||188 ||188 ||1 ||1 (|18 ||1 9 ||188 ||188 ||188 ||188 ||188 ||188 ||188 ||188 ||188|19 ||18 ||19 ||19 ||1 ||1 ||188 ||188|
============================================================

--- Q&A Pair #141 ---
Question: នៅក្នុងដែនរដ្ឋបាលខេត្ត តើក្រុងនិងស្រុកមានលក្ខណៈខុសគ្នាយ៉ាងដូចម្តេចក្នុងការបែងចែកភូមិសាស្ត្ររដ្ឋបាល?
Response: 23 ||46 ដីព្រៃលិចទឹកជាង១ម៉ឺនហិកតា ត្រូវបានបែងចែកជា៥ភូមិ ក្នុងស្រុកក្រូចឆ្មារ ខេត្តត្បូងឃ្មុំ។ ផ្ទៃដីមានទំហំសរុបប្រមាណ៦,៧លានហិចតាត្រូវបានបែងចែកទៅជា៣ឃុំ គឺ ឃុំដារ ស្រុកមេមត់ និងឃុំពោធិ៍បាន ស្រុកកោះសូទិន ខេត្តកំពង់ចាម ។ ការបែងចែកនេះធ្វើឡើងដើម្បីដោះស្រាយបញ្ហាប្រឈមនិងសំណូមពររបស់ប្រជាពលរដ្ឋដែលរស់នៅតាមដងទន្លេក្នុងភូមិសាស្ត្រខេត្តត្បូងឃ្មុំ។ លោក សាយ សុជាតិ មេបញ្ជាការកងរាជអាវុធហត្ថខេត្តកំពង់ឆ្នាំង បានមានប្រសាសន៍ថា “យើងកំពុងសិក្សាអំពីផលប៉ះពាល់នៃគម្រោងសាងសង់ទំនប់វារីអគ្គិសនីសេសានក្រោម២ ដែលស្ថិតនៅចំណុចអូរអង្កាម ស្ថិតនៅក្នុងភូមិសាស្រ្តស្រុកក្រូចឆ្មា ខេត្ដត្បូងឃ្មុំ ដើម្បីរកដំណោះស្រាយជូនពលរដ្ឋឲ្យបានឆាប់រហ័សបំផុត។ លោកបានបន្តថា“ យើងនឹងបន្តការសិក្សាបច្ចេកទេសលើការងារទាំងនេះ ហើយរំពឹងថា នឹងទទួលបានលទ្ធផលល្អក្នុងការអនុវត្តន៍ផែនការអភិវឌ្ឍន៍រយៈពេលវែងសម្រាប់ឆ្នាំក្រោយៗទៀត។” លោក អេង ជាសាន ប្រតិភូរាជរដ្ឋាភិបាលកម្ពុជា ទទួលបន្ទុកអគ្គនាយក នៃក្រសួងរៀបចំដែនដី នគរូបនីយកម្ម និងសំណង់ បានថ្លែងកាលពីម្សិលមិញថា ក្រសួងបានត្រៀមខ្លួនរួចជាស្រេច ក្នុងការជួយសម្រួលដល់ដំណើរការអភិវឌ្ឍទីក្រុងរណបរបស់ក្រុមហ៊ុនឯកជនមួយនេះ។ លោកបានថ្លែងថា “យើងបានដាក់ចេញនូវគោលការណ៍ណែនាំច្បាស់លាស់អំពីការគ្រប់គ្រងតំបន់ការពារធម្មជាតិ ដោយត្រូវធ្វើយ៉ាងណាឲ្យបរិស្ថានស្អាត និងមានអនាម័យល្អ សម្រាប់មនុស្សជំនាន់ក្រោយ”៕ ប្រែសម្រួលដោយ កង ស៊ីវន
============================================================

--- Q&A Pair #142 ---
Question: តើមូលនិធិឃុំសង្កាត់គឺជាអ្វី ហើយវាមានសារៈសំខាន់យ៉ាងដូចម្តេចក្នុងការអភិវឌ្ឍរដ្ឋបាលថ្នាក់មូលដ្ឋាន?
Response: 231 ||246 ||389 ||057 ||1020 ||1230 ||100 ||150 ||1000 ||1,000
============================================================

--- Q&A Pair #143 ---
Question: តើសមាជិកក្រុមប្រឹក្សារាជធានី ខេត្ត ក្រុង ស្រុក ខណ្ឌ ត្រូវបានជ្រើសរើសតាមរយៈការបោះឆ្នោតជាសកលដោយផ្ទាល់ពីប្រជាពលរដ្ឋដែរឬទេ?
Response: 237 ||328 ||459 ||160 ||1048 ||1220 ||3049 ||150 ||100 ||1818 ||1889
============================================================

--- Q&A Pair #144 ---
Question: នៅក្នុងការគ្រប់គ្រងសន្តិសុខសណ្តាប់ធ្នាប់ខេត្តនីមួយៗ តើអ្នកណាជាប្រធានគណៈបញ្ជាការឯកភាពរដ្ឋបាលខេត្ត ហើយគណៈបញ្ជាការនេះមានតួនាទីអ្វី?
Response: 239 |<eos>
============================================================

--- Q&A Pair #145 ---
Question: តើទីរួមខេត្តនិងជាមជ្ឈមណ្ឌលរដ្ឋបាលនៃខេត្តឧត្តរមានជ័យមានឈ្មោះអ្វី ហើយខេត្តនេះស្ថិតនៅភូមិភាគណា?
Response: 23 ||<eos>
============================================================

--- Q&A Pair #146 ---
Question: តើការគ្រប់គ្រងរដ្ឋបាលភូមិសាស្ត្រចំពោះភូមិបណ្តែតទឹកនៅតំបន់បឹងទន្លេសាបមានលក្ខណៈពិសេសរឺស្មុគស្មាញយ៉ាងដូចម្តេចខ្លះ?
Response: 239 ||170 ||283 ||456 ||124 ||304 ||105 ||204 ||506 ||100 ||1000 ||1,000 ||1,500 ||1,500 ||1,500 ||1,500 ||1,500 ||1,500 || 1,500 ||1,500 ||1,500 ||1,500 ||1,500 ||1,500 ||1,500 ||1,500 ||1,500 ||1,500 ||1,500 ||1,500 ||1,500 ||1,500 ||1,500 ||1,500 ||1,500 ||1,500 ||1,500 ||1,500 ||1,500
============================================================

--- Q&A Pair #147 ---
Question: តើស្ថាប័នអន្តរក្រសួងមួយណាដែលទទួលបន្ទុកក្នុងការរៀបចំនិងអនុវត្តគោលនយោបាយកំណែទម្រង់ការអភិវឌ្ឍតាមបែបប្រជាធិបតេយ្យនៅថ្នាក់ក្រោមជាតិ?
Response: 239 || 888 || 1426 || 217 || 195 || 320 || 739 || 200 || 430 || 650 || 810 || 500 || 9,224
============================================================

--- Q&A Pair #148 ---
Question: សម្រាប់ខេត្តតាកែវដែលជាខេត្តវ័យចំណាស់មួយ តើទីក្រុងដែលជាមជ្ឈមណ្ឌលរដ្ឋបាលទីរួមខេត្តមានឈ្មោះអ្វី?
Response: 239 ||142 ||126 ||107 ||083 ||205 ||301 ||2016 ||506 ||001 ||2017 ||2017 ||188 ||2017 ||183 ||2017 ||2017 ||2017 ||2017 ||2017 ||2017 ||2017 ||2017 ||2017 ||2017 ||2017 ||2017 ||2017 ||2017 ||2017 ||2017 ||2017 ||2017 ||2017 ||2017 ||2017 ||2017 ||2017 ||2017 ||2017 ||2017 ||2017 ||2017 ||2017 ||2017 ||2017 ||2017 ||2017 ||2017 ||2017 ||2017 ||2017 ||2017 ||2017 ||2017 ||2017 ||2017 ||2017 ||2017 ||2017 ||2017 ||2017 ||2017 ||2017 ||2017 ||2017 ||2017 ||2017 ||2017 ||2017 ||2017 ||2017 ||2017 ||2017 ||2017 ||2017 ||2017 ||2017 ||2017 ||2017 ||2017 ||2017 ||2017 ||2017 ||2017 ||2017 ||2017 ||2017 ||2017 ||2017 ||2017 ||2017 ||2017 ||2017 ||2017 ||2017 ||2017 ||2017 ||2017 ||2017 ||2017 ||2017 ||2017 ||2017 ||2017 ||2017 ||2017 ||2017 ||2017 ||2017 ||2017 ||2017 ||2017 ||2017 ||2017 ||2017 ||2017 ||2017 ||2017 ||2017 ||2017 ||2017 ||2017 ||2017 ||2017 ||2017 ||2017 ||2017 ||2017 ||2017 ||2017 ||2017 ||2017 ||2017 ||2017 ||2017 ||2017 ||2017 ||2017 ||2017 ||2017 ||2017 ||2017 ||2017 ||2017 ||2017 ||2017 ||2017 ||2017 ||2017 ||2017 ||2017 ||2017 ||2017 ||2017 ||2017 ||2017 ||2017 ||2017 ||2017 ||2017 ||2017 ||2017 ||2017 ||2017 ||2017 ||2017 ||2017 ||2017 ||2017 ||2017 ||2017 ||2017 ||2017 ||2017 ||2017 ||2017 ||2017 ||2017 ||2017 ||2017 ||2017 ||2017 ||2017 ||2017 ||2017 ||2017 ||2017 ||2017 ||2017 ||2017 ||2017 ||2017 ||2017 ||2017 ||2017 ||2017 ||2017 ||2017 ||2017 ||2017 ||2017 ||2017 ||2017 ||2017 ||2017 ||2017 ||2017 ||2017 ||2017 ||2017 ||2017 ||2017 ||2017 ||2017 ||2017 ||2017 ||2017 ||2017 ||2017 ||2017 ||2017 ||2017 ||2017 ||2017 ||2017 ||2017 ||2017 ||2017 ||2017 ||2017 ||2017 ||2017 ||2017 ||2017 ||2017 ||2017 ||2017 ||2017 ||2017 ||2017 ||2017 ||2017 ||2017 ||2017 ||2017 ||2017 ||2017 ||2017 ||2017 ||2017 ||2017 ||2017 ||2017 ||2017 ||2017 ||2017 ||2017 ||2017 ||2017 ||2017 ||2017 ||2017 ||2017 ||2017 ||2017 ||2017 ||2017 ||2017 ||2017 ||2017 ||2017 ||2017 ||2017 ||2017 ||2017 ||2017 ||2017 ||2017 ||2017 ||2017 ||2017 ||2017 ||2017 ||2017 ||2017 ||2017 ||2017 ||2017 ||2017 ||2017 ||2017 ||2017 ||2017 ||2017 ||2017 ||2017 ||2017 ||2017 ||2017 ||2017 ||2017 ||2017 ||2017 ||2017 ||2017 ||2017 ||2017 ||2017 ||2017 ||2017 ||2017 ||2017 ||2017 ||2017 ||2017 ||2017 ||2017 ||2017 ||2017 ||2017 ||2017 ||2017 ||2017 ||2017 ||2017 ||2017 ||2017 ||2017 ||2017 ||2017 ||2017 ||2017 ||2017 ||2017 ||2017 ||2017 ||2017 ||2017 ||2017 ||2017 ||2017 ||2017 ||2017 ||2017 ||2017 ||2017 ||2017 ||2017 ||2017 ||2017 ||2017 ||2017 ||2017 ||2017 ||2017 ||2017 ||2017 ||២០១ ||2017 ||2017 ||2017 ||2017 ||2017 ||2017 ||2017 || ||2017 ||2017 ||2017 ||2017 ||ថ្ងៃអង្គារ៍| ||2017 ||2017 ||2017 ||2017 ||2017 || ||2017 || ||201 || || || 1,18 ||2017 || || ||2017 || || ||2017 ||2017 || ||ព័ត៌មានបន្ថែម| ||2017 ||2017 || ||
============================================================

--- Q&A Pair #149 ---
Question: តើរដ្ឋបាលថ្នាក់មូលដ្ឋានកម្រិតណាដែលមានសមត្ថកិច្ចក្នុងការចេញសំបុត្រអត្រានុកូលដ្ឋានដូចជាសំបុត្រកំណើត សំបុត្រអាពាហ៍ពិពាហ៍ និងសំបុត្រមរណភាពជូនប្រជាពលរដ្ឋ?
Response: 237 ||139 ||240 ||108 ||205 ||306 ||129 ||150 ||229 ||2019 ||100 ||1,000 ||200 ||1000 ||1,900 ||1,900 ||1,900 ||1,900 || 1,900 ||1,900 ||1,900 ||1,900 ||1,900 ||1,900 ||1,900 ||1,900 ||1,900 ||1,900 ||1,900 ||1,900 ||1,900 ||1,900 ||1,900 ||1,900 ||1,900 ||1,900 ||1,900 ||1,900 ||1,900 ||1,900 ||1,900 ||1,900 ||1,900 ||1,900 ||1,900 ||1,900 ||1,900 ||1,900 ||1,900 ||1,900 ||1,900 ||1,900 ||1,900 ||1,900 ||1,900 ||1,900 ||1,900 ||1,900 ||1,900 ||1,900 ||1,900 ||1,900 ||1,900 ||1,900 ||1,900 ||1,900 ||1,900 ||1,900 ||1,900 ||1,900 ||1,900 ||1,900 ||1,900 ||1,900 ||1,900 ||1,900 ||1,900 ||1,900 ||1,900 ||1,900 ||1,900 ||1,900 ||1,900 ||1,900
============================================================

--- Q&A Pair #150 ---
Question: នៅក្នុងរចនាសម្ព័ន្ធដែនដី តើឃុំឬសង្កាត់មួយត្រូវបានបែងចែកជាចំណុះតូចៗអ្វីខ្លះ ហើយវាមានឋានៈជានីតិបុគ្គលរដ្ឋបាលដែរឬទេ?
Response: =><eos>
============================================================

--- Q&A Pair #151 ---
Question: តើស្មៀនឃុំសង្កាត់មានតួនាទីអ្វីខ្លះ ហើយតំណែងនេះបានមកពីការបោះឆ្នោតដោយប្រជាពលរដ្ឋដែរឬទេ?
Response: 23 || 01:28||លោក ហ៊ុន សែន ផ្ញើសារអបអរសាទរខួបលើកទី៧១នៃទិវាបុណ្យឯករាជ្យជាតិ ៩ វិច្ឆិកា ១៩៥៣-៩ វិច្ឆិកា ២០១៨
============================================================

--- Q&A Pair #152 ---
Question: តើអភិបាលក្រុង ស្រុក និងខណ្ឌ ត្រូវបានជ្រើសរើសដោយការបោះឆ្នោត ឬត្រូវបានតែងតាំងដោយនីតិវិធីណាមួយ?
Response: 23 || 352 || 286 || 141 || 639 || 470 || 58.10 || 720 || 930 || 850 || 104.12 || 1288 || 114.00 || 242.9 || 154.9 || 195||ការតែងតាំងមន្ត្រីរាជការស៊ីវិលនៃក្រសួងមហាផ្ទៃ ត្រូវបានធ្វើឡើងដោយការបោះឆ្នោតជ្រើសរើសក្រុមប្រឹក្សាឃុំ សង្កាត់ អាណត្តិទី៥ ឆ្នាំ២០២២។ ការបោះឆ្នោតជ្រើសតាំងតំណាងរាស្ត្រអាណត្តិនេះ នឹងប្រព្រឹត្តទៅនៅថ្ងៃទី២៣ ខែកក្កដា ឆ្នាំ២០២៣ ខាងមុខនេះ។
============================================================

--- Q&A Pair #153 ---
Question: នៅក្នុងរចនាសម្ព័ន្ធរដ្ឋបាលសាលាខេត្ត តើអ្នកណាជាអ្នកទទួលបន្ទុកគ្រប់គ្រងនិងសម្របសម្រួលការងាររដ្ឋបាលប្រចាំថ្ងៃផ្ទាល់?
Response: 239 ||016 ||472 ||583 ||5012
============================================================

--- Q&A Pair #154 ---
Question: តើរចនាសម្ព័ន្ធរដ្ឋបាលថ្នាក់ក្រោមជាតិរបស់រាជធានីភ្នំពេញ មានលក្ខណៈខុសប្លែកពីបណ្តាខេត្តនានាយ៉ាងដូចម្តេចខ្លះ?
Response: 23 || 29 →<eos>
============================================================

--- Q&A Pair #155 ---
Question: តើអង្គភាពច្រកចេញចូលតែមួយនៅសាលារាជធានី ខេត្ត ផ្តល់អត្ថប្រយោជន៍អ្វីខ្លះដល់អ្នកវិនិយោគនិងប្រជាពលរដ្ឋទូទៅ?
Response: 231 ||346 ||597 ||082 ||3022 ||1012 ||501 ||203 ||2016 ||101 ||102 ||2019 ||101 ||2019 ||101 ||2019 ||101 ||2019 ||101 ||2019 ||101 ||2019 ||101 ||2019 ||2019 ||102 ||2019 ||2019 ||102 ||2019 ||103 ||2019 ||102 ||2019 ||104 ||2019 ||188 ||2019 ||102 ||2019 ||2019 ||100 ||2019 ||184 ||2019 ||2019 ||2019 ||1,978 ||2019 ||2019 ||2019 ||2019 ||2019 ||2019 ||2019 ||2019 ||2019 ||2019 ||2019 ||2019 ||2019 ||2019 ||2019 ||2019 ||2019 ||2019 ||2019 ||2019 ||2019 ||2019 ||2019 ||2019 ||2019 ||2019 ||2019 ||2019 ||2019 ||2019 ||2019 ||2019 ||2019 ||2019 ||2019 ||2019 ||2019 ||2019 ||2019 ||2019 ||2019 ||2019 ||2019 ||2019 ||2019 ||2019 ||2019 ||2019 ||2019 ||2019 ||2019 ||2019 ||2019 ||2019 ||2019 ||2019 ||2019 ||2019 ||2019 ||2019 ||2019 ||2019 ||2019 ||2019 ||2019 ||2019 ||2019 ||2019 ||2019 ||2019 ||2019 ||2019 ||2019 ||2019 ||2019 ||2019 ||2019 ||2019 ||2019 ||2019 ||2019 ||2019 ||2019 ||2019 ||2019 ||2019 ||2019 ||2019 ||2019 ||2019 ||2019 ||2019 ||2019 ||2019 ||2019 ||2019 ||2019 ||2019 ||2019 ||2019 ||2019 ||2019 ||2019 ||2019 ||2019 ||2019 ||2019 ||2019 ||2019 ||2019 ||2019 ||2019 ||2019 ||2019 ||2019 ||2019 ||2019 ||2019 ||2019 ||2019 ||2019 ||2019 ||2019 ||2019 ||2019 ||2019 ||2019 ||2019 ||2019 ||2019 ||2019 ||2019 ||2019 ||2019 ||2019 ||2019 ||2019 ||2019 ||2019 ||2019 ||2019 ||2019 ||2019 ||2019 ||2019 ||2019 ||2019 ||2019 ||2019 ||2019 ||2019 ||2019 ||2019 ||2019 ||2019 ||2019 ||2019 ||2019 ||2019 ||2019 ||2019 ||2019 ||2019 ||2019 ||2019 ||2019 ||2019 ||2019 ||2019 ||2019 ||2019 ||2019 ||2019 ||2019 ||2019 ||2019 ||2019 ||2019 ||2019 ||2019 ||2019 ||2019 ||2019 ||2019 ||2019 ||2019 ||2019 ||2019 ||2019 ||2019 ||2019 ||2019 ||2019 ||2019 ||2019 ||2019 ||2019 ||2019 ||2019 ||2019 ||2019 ||2019 ||2019 ||2019 ||2019 ||2019 ||2019 ||2019 ||2019 ||2019 ||2019 ||2019 ||2019 ||2019 ||2019 ||2019 ||2019 ||2019 ||2019 ||2019 ||2019 ||2019 ||2019 ||2019 ||2019 ||2019 ||2019 ||2019 ||2019 ||2019 ||2019 ||2019 ||2019 ||2019 ||2019 ||2019 ||2019 ||2019 ||2019 ||2019 ||2019 ||2019 ||2019 ||2019 ||2019 ||2019 ||2019 ||2019 ||2019 ||២០១៩ ||2019 ||2019 ||2019 ||2019 ||2019 ||2019 ||2019 ||2019 ||2019 ||2019 ||2019 ||2019 ||2019 ||2019 ||2019 ||2019 ||2019 ||2019 ||2019 ||2019 ||2019 ||2019 ||2019 ||2019 ||2019 ||2019 ||2019 ||2019 ||2019 ||2019 ||2019 ||2019 ||2019 ||2019 || ||2019 ||2019 ||2019 || ||2019 ||2019 ||2019 ||2019 ||2019 ||2019 ||2019 ||2019 ||2019 ||2019 ||2019 ||2019 ||2019 ||2019 ||2019 ||2019 ||2019 ||2019 ||2019 ||2019 ||2019 ||2019 ||2019 ||2019 ||2019 ||2019 ||2019 ||2019 ||2019 ||2019 ||2019 ||2019 ||2019 ||2019 ||2019 ||2019 ||2019 ||2019 ||2019 ||2019 || ||2019 || || || ||2019 || || ||2019 || || ||2019 ||2019 ||2019 ||2019 || ||2019 || ||2019 || || || || ||2019 || || ||ព័ត៌មានវិទ្យា ||2019 || || || ||
============================================================

--- Q&A Pair #156 ---
Question: យោងតាមច្បាប់ តើអភិបាលរាជធានី ខេត្ត អាចកាន់តំណែងនៅក្នុងរដ្ឋបាលដដែលលើសពីពីរអាណត្តិជាប់គ្នាបានដែរឬទេ?
Response: 23 || 05:46 || 218 ·
============================================================

--- Q&A Pair #157 ---
Question: នៅក្នុងរដ្ឋបាលមូលដ្ឋានកម្រិតភូមិ តើកម្លាំងប្រជាការពារភូមិមានតួនាទីសំខាន់យ៉ាងណាខ្លះក្នុងការចូលរួមអភិវឌ្ឍន៍សហគមន៍?
Response: 239 ||172 ||124 ||103 ||085 ||206 ||304 ||150 ||100 ||2017 ||229 ||1000 ||1,000 ||1,9%| |ការប្រើប្រាស់ទឹកស្អាត||៥០០ មីលីក្រាម/ហិកតា| |៣.០ ក្រាម / បាតក្នុងមួយថ្ងៃ||១០០០-២២០០ ម។ ល| |៤.៥០ គីឡូក្រាម / គ្រួសារ| |៥.៧ ក្រាម / ប្រេងម៉ាស៊ូត| |៦.៨ ក្រាម / ប្រេងម៉ាស៊ូត| |៩.២៥ គីឡូក្រាម / គ្រួសារ| |១០.៦០ គីឡូក្រាម / គ្រួសារ| |១២.៤០ គីឡូក្រាម / គ្រួសារ| |១៣.៣០ គីឡូក្រាម / គ្រួសារ| |១៤.២០ គីឡូក្រាម / គ្រួសារ| |១៥.១៨ គីឡូក្រាម / គ្រួសារ|
============================================================

--- Q&A Pair #158 ---
Question: តើការិយាល័យប្រជាពលរដ្ឋនៅរដ្ឋបាលថ្នាក់ក្រោមជាតិត្រូវបានបង្កើតឡើងដើម្បីគោលបំណងចម្បងអ្វី?
Response: 239 || 231 || 235 || 328 || 437 || 260 || 1450 || 2000 || 630 || 720 || 1910
============================================================

--- Q&A Pair #159 ---
Question: តើក្រុមប្រឹក្សារាជធានី ខេត្ត មានកាតព្វកិច្ចត្រូវបើកកិច្ចប្រជុំសាមញ្ញរបស់ខ្លួនយ៉ាងហោចណាស់ប៉ុន្មានដងក្នុងមួយខែ?
Response: 237 || || | ↑
============================================================

--- Q&A Pair #160 ---
Question: តើព្រះមហាក្សត្រកម្ពុជាអង្គណាដែលបានសម្រេចព្រះទ័យប្តូររាជធានីពីក្រុងឧដុង្គមករាជធានីភ្នំពេញជាស្ថាពរនៅឆ្នាំ១៨៦៦?
Response: 23 || 218 ដីព្រៃសហគមន៍ភ្នំព្រេចកំពុងរងការកាប់បំផ្លាញយ៉ាងមហន្តរាយដោយសារក្រុមហ៊ុនឯកជនមួយបានឈូសឆាយយកធ្វើជាកម្មសិទ្ធិ។ || 140 ដីព្រៃសហគមន៍ភ្នំព្រិចស្ថិតនៅក្នុងភូមិអូរអាម ឃុំស្រែខ្ទុម ស្រុកកែវសីមា ខេត្តមណ្ឌលគិរី ត្រូវបានអាជ្ញាធរខេត្តនេះហាមឃាត់មិនឱ្យចូលក្នុងតំបន់ការពារដោយខុសច្បាប់ឡើយ។
============================================================

--- Q&A Pair #161 ---
Question: តើក្រុមប្រឹក្សារាជធានី ខេត្ត មានកាតព្វកិច្ចត្រូវបើកកិច្ចប្រជុំសាមញ្ញរបស់ខ្លួនយ៉ាងហោចណាស់ប៉ុន្មានដងក្នុងមួយខែ?
Response: 23-Jan-2017 8:19 am បេក្ខជនដែលឈរឈ្មោះជាបេក្ខភាពតំណាងរាស្ត្រជាប់ឆ្នោតសម្រាប់ការបោះឆ្នោតជ្រើសតាំងសមាជិកព្រឹទ្ធសភា នីតិកាលទី៥ នឹងទទួលបានសំឡេងគាំទ្រចំនួន ២៧២សំឡេង។ នេះបើតាមសេចក្តីប្រកាសព័ត៌មានរបស់ គ.ជ.ប... កំហុសទាំង ៨យ៉ាង ដែលអ្នកគួរឈប់ធ្វើនៅពេលសម្ភាសន៍ការងារ 22-Aug-2016 7:05 am ការងារមិនមែនជារឿងងាយស្រួលនោះទេ ប៉ុន្តែបើសិនជាអ្នកចង់ក្លាយជាបុគ្គលិកដ៏ឆ្នើមមួយរូប អ្នកត្រូវមានចំណេះដឹង និងបទពិសោធន៍ល្អៗជាច្រើន ដើម្បីអភិវឌ្ឍខ្លួនឲ្យក្លាយទៅជាមនុស្សជោគជ័យម្នាក់បាន។ ខាងក្រោមនេះគឺជាគន្លឹះសំខាន់ៗមួយចំនួនដែលអ្នកអាចអនុវត្តដើម្បីសម្រេចគោលដៅរបស់អ្នក៖ ១) ត្រូវចេះរៀបចំផែនការឲ្យបានច្បាស់លាស់ ៖ បើអ្នកអាចធ្វើឲ្យគំនិតវិជ្ជមានទាំងនោះបាត់បង់ទៅបាន តើអ្នកនឹងគិតបែបណា? តើអ្នកមានដឹងទេថា មនុស្សយើងម្នាក់ៗសុទ្ធតែមានចំណុចខ្លាំងរៀងៗខ្លួន ហើយពួកគេក៏ជាមនុស្សដែលមានអត្តចរិតសុភាពរាបសា មិនចូលចិត្តនិយាយច្រើនជ្រុលពេកនោះដែរ។ ហេតុផលនោះគឺដោយសារតែពួកគេមិនចាប់អារម្មណ៍លើអ្វីមួយពីខ្លួនឯងឡើយ តែអ្វីដែលសំខាន់គឺការផ្តោតទៅលើរឿងរ៉ាវផ្សេងៗទៀតនៅក្នុងជីវិតរបស់ពួកគេ។ ដូច្នេះហើយទើបអ្នកត្រូវតែរៀនសូត្រនូវមេរៀនទាំងនេះ ទើបអាចជួយឲ្យអ្នកសម្រេចបាននូវការផ្លាស់ប្តូរកាន់តែលឿនជាងមុន។ ២) ព្យាយាមស្វែងរកដំណោះស្រាយចំពោះបញ្ហាផ្ទាល់ខ្លួន ៖ នៅពេលអ្នកជួបប្រទះបញ្ហាណាមួយក្នុងជីវិត ឬកំពុងរស់នៅជាមួយបញ្ហាធំដុំតូចៗ នោះវានឹងពិបាកក្នុងការដោះស្រាយណាស់។ ពេលខ្លះ វាអាចនឹងពិបាកសម្រាប់អ្នក ក្នុងការរកវិធីសាស្ត្រផ្សេងមកជំនួសវិញ ដោយគ្រាន់តែព្យាយាមស្វែងរកដំណោះស្រាយថ្មីសម្រាប់បញ្ហារបស់អ្នកប៉ុណ្ណោះ។ ៣) រំលឹកអនុស្សាវរីយ៍ចាស់ៗនៅថ្ងៃនេះ ៖ ជាការពិតណាស់ ជីវិតរបស់មនុស្សគ្រប់រូបតែងតែមានភាពស្មុគ្រស្មាញជានិច្ច ព្រោះថាសកម្មភាពទាំងអស់នេះនឹងមិនអាចកើតមានឡើងបានទេ ប្រសិនបើអ្នកនៅតែបន្តសកម្មភាពដដែលនោះ។ យ៉ាងណាមិញ មានតែការធ្វើបែបនេះប៉ុណ្ណោះដែលអាចផ្តល់ឱកាសដល់បុគ្គលណាម្នាក់ អាចដើរចេញពីវាបានយ៉ាងងាយបំផុត៕ មេរៀនដ៏មានតម្លៃ៤យ៉ាងដែលអ្នកអាចសិក្សាអំពីព្រះសម្មាសម្ពុទ្ធបាន វិធីសាស្រ្តសាមញ្ញៗ៣យ៉ាង ជួយឱ្យអ្នករៀនឆាប់ចេះនិងពូកែជាងវ័យ ៖ ១/ ស្វែងយល់ពីអត្ថន័យនៃពាក្យពេចន៍ផ្អែមល្ហែម ៖ ពាក្យពេចន៍ផ្អែមល្ហែម គឺជាឃ្លាប្រយោគខ្លីមួយដែលបញ្ជាក់ថា ព្រះសម្មាសម្ពុទ្ធទ្រង់ត្រាស់សម្ដែងប្រាប់ដល់អ្នកដទៃដោយសង្ខេបដូចតទៅ : «តើអ្នករាល់គ្នាពិតជាស្រឡាញ់ខ្ញុំមែនឬ?» ។ សេចក្ដីពិតនេះគឺជាការបង្ហាញឱ្យឃើញថា យើងគួរតែខិតខំពង្រឹងសមត្ថភាពរបស់ខ្លួនឯងឡើងវិញ ពីព្រោះថាមនុស្សភាគច្រើនតែងចំណាយពេលរាប់ម៉ោងមើលទូរស័ព្ទដៃរបស់ពួកគេជារៀងរាល់ថ្ងៃ។ ពួកគេមិនសូវខ្វល់ពីរឿងស្នេហាឡើយ។ ម្យ៉ាងវិញទៀត បើសិនជាគេមិនបានយកចិត្តទុកដាក់លើការសន្ទនាជាមួយអ្នកដទៃទេ វាក៏គ្មានប្រយោជន៍ដែរប្រសិនបើពួកគេសម្រេចចិត្តរៀបការជាមួយនឹងនរណាម្នាក់នោះ។ ឧទាហរណ៍ដូចជា “បងប្រុស” ជាដើម។ ប្រសិនបើបងប្អូនខ្មែរយើងបានស្គាល់គាត់ច្បាស់ប្រាកដជានឹងដឹងថា គាត់កំពុងតែស្រលាញ់គ្នាបែបណានោះ សូមមេត្តាកុំភ្លេចថាត្រូវចាំថា លោកអ្នកធ្លាប់ឮពាក្យពេចន៍ផ្អែមល្ហែមរបស់លោកអ្នកហើយ។ ៤) កុំយកឈ្នះឧបាយកលណាមួយដែលមិនសមហេតុផល ៖ នៅពេលដែលអ្នកទទួលអារម្មណ៍ថា ខ្លួនឯងកំពុងតែមានអារម្មណ៍ឈឺចាប់ ចូរកុំភ័យខ្លាចអី! សូម្បីតែពេលអ្នកសួរនាំក៏ដោយ ក៏អ្នកអាចគិតថា គ្មានអ្វីគួរឱ្យសង្ស័យនោះទេ។ នេះមិនមែនជាកំហុសឆ្គងទាំងស្រុងទេ។ ៥) ប្រាប់ខ្លួនឯងឱ្យបានញឹកញាប់ ៖ នេះជាសំណួរដែលលោកអ្នកអាចឆ្លើយទៅកាន់លោកអ្នកបានថាតើហេតុអ្វីបានជាទំនាក់ទំនងរវាងអ្នកទាំងពីរហាក់បីដូចជាមិនទាន់បញ្ចប់នៅឡើយទេ។ ៦) និយាយដើមគេ ៖ រឿងដំបូងដែលត្រូវចងចាំ គឺនៅពេលដែលអ្នកមានការព្រួយបារម្ភអំពីការបែកបាក់គ្រួសារ។ អ្នកអាចចាប់ផ្តើមយល់ច្រឡំពីអតីតកាលរបស់អ្នក។ ៧) ចង់ធ្វើជាឪពុកម្តាយដ៏ល្អ ៖ សម្រាប់អ្នកដែលត្រូវការជំនួយពីមិត្តភក្តិ ឬសាច់ញាតិជិតស្និទ្ធ (ឧទាហរណ៏, អំណោយទាន, ទឹកប្រាក់, ប្រាក់កាស, លុយ, ចិញ្ចឹមជីតា)។ អ្វីដែលសំខាន់ជាងគេនោះគឺថា កូនស្រីរបស់គាត់នឹងទទួលបានការគោរព និងការអាណិតអាសូរពីក្រុមគ្រួសារទាំងមូល។ ៨) គិតគូរបញ្ហាផ្លូវចិត្ត ៖ ចំពោះកូនៗទាំងឡាយណាដែលបានឆ្លងកាត់ដំណាក់កាលនៃការលំបាកក្នុងជីវិតរបស់គេរួចទៅហើយនោះ ពួកគាត់នឹងមិនចាំបាច់បារម្ភពីការបែកបាក់គ្រួសារ ឬទុក្ខសោកឡើយ។ ៩) យឺតយ៉ាវ ៖ ភាពឯកោនេះកើតឡើងដោយសារការខ្វះទំនុកចិត្តលើខ្លួនឯង។ ១០) កំណត់ពេលវេលារបស់អ្នកមុនពេលដែលអ្នករកឃើញចម្លើយពិតប្រាកដ ៖ ក្នុងអំឡុងពេលប៉ុន្មានឆ្នាំចុងក្រោយនេះ អ្វីគ្រប់យ៉ាងត្រូវបានគ្រប់គ្រងដោយការរំពឹងទុករបស់ខ្ញុំ។ ១១) បញ្ហាស្នេហា ៖ ជារឿយៗវាអាចធ្វើឱ្យប៉ះពាល់ដល់អនាគតស្វាមីរបស់អ្នកយ៉ាងខ្លាំង ជាពិសេសចំពោះការសម្រេចចិត្តជ្រើសរើសដៃគូថ្មី។ ១២) រៀបចំគម្រោងដំណើរកម្សាន្ត ៖ រាល់ពេលដែលអ្នកឃើញមិត្តរួមបន្ទប់គេងជាមួយគ្នា អ្នកប្រហែលជាចង់បានពេលវេលាដ៏អស្ចារ្យមួយ។ ១៣) ធ្វើអោយបេះដូងរបស់អ្នកស្ងប់។ ១៤) បង្កើតបរិយាកាសរីករាយ ៖ នៅក្នុងអំឡុងពេលនេះ អ្នកនឹងមានអារម្មណ៍ធុញទ្រាន់បន្តិចម្តងៗ។ ១៥) ជៀសវាងការរង់ចាំយូរពេក ៖ ទោះជាយ៉ាងណាក៏ដោយ អ្នកត្រូវត្រៀមលក្ខណៈរួចរាល់ដើម្បីថែរក្សាអ្វីៗគ្រប់យ៉ាងឱ្យស្ថិតស្ថេររហូតទាល់តែអ្នកលែងលះគ្នា។ ១៦) បើកភ្នែកធំៗ ៖ ទោះបីជាអ្នកមិនមានពេលគ្រប់គ្រាន់ដើម្បីសម្រាកលំហែកាយក៏ដោយ អ្នកក៏អាចបើកភ្នែកធំៗចេញក្រៅផ្ទះផងដែរ។ ១៧) រក្សាការសម្ងាត់ ៖ ចំណុចនេះហើយដែលបង្ហាញថា អ្នកមានសុវត្ថិភាពខ្ពស់បំផុត។ ១៨) ផ្តល់អាទិភាពដល់សុខភាព ៖ អ្នកជំនាញផ្នែកវេជ្ជសាស្រ្ដនិយាយថា ការហាត់ប្រាណជាប្រចាំអាចកាត់បន្ថយហានិភ័យជំងឺដាច់សរសៃឈាមខួរក្បាល។ ១៩) ទម្លាក់សម្ពាធឈាម ៖ ដោយសារតែរាងកាយរបស់យើងធ្វើការបានល្អឥតខ្ចោះ អ្នកនឹងទទួលបានលទ្ធផលល្អបំផុត។ ២០) សម្រកទម្ងន់ ៖ បន្ទាប់ពីសម្រកទម្ងន់អស់ហើយ អ្នកនឹងស្រកគីឡូបានត្រឹមតែ១៥០កាឡូរីប៉ុណ្ណោះ។ ប្រភព៖ www.healthline.com
============================================================

--- Q&A Pair #162 ---
Question: តើគណៈកម្មាធិការពិគ្រោះយោបល់កិច្ចការស្ត្រី និងកុមារ (គ.ក.ស.ក) មានតួនាទីអ្វីខ្លះនៅក្នុងរដ្ឋបាលថ្នាក់ក្រោមជាតិ?
Response: 23 || 22 || 34 || 13 || 19 || 20 || 46 || 68 || 79 || 81 || 90 || 57 || 12 || 10 || 115 || 90 || 81 || 15 || 1112 || 130 || 150 || 13 || 13 || 14 || 14 || 14 || 14 || 14 || 14 || 14 || 14 || 14 || 14 || 14 || 14 || 14 || 14 || 14 || 14 || 14 || 14 || 14 || 14 || 14 || 14 || 14 || 14 || 14 || 14 || 14 || 14 || 14 || 14 || 14 || 14 || 14 || 14 || 14 || 14 || 14 || 14 || 14 || 14 || 14 || 14 || 14 || 14 || 14 || 14 || 14 || 14 || 14 || 14 || 14 || 14 || 14 || 14 || 14 || 14 || 14 || 14 || 14 || 14 || 14 || 14 || 14 || 14 || 14 || 14 || 14 || 14 || 14 || 14 || 14 || 14 || 14 || 14 || 14 || 14 || 14 || 14 || 14 || 14 || 14 || 14 || 14 || 14 || 14 || 14 || 14 || 14 || 14 || 14 || 14 || 14 || 14 || 14 || 14 || 14 || 14 || 14 || 14 || 14 || 14 || 14 || 14 || 14 || 14 || 14 || 14 || 14 || 14 || 14 || 14 || 14 || 14 || 14 || 14 || 14 || 14 || 14 || 14 || 14 || 14 || 14 || 14 || 14 || 14 || 14 || 14 || 14 || 14 || 14 || 14 || 14 || 14 || 14 || 14 || 14 || 14 || 14 || 14 || 14 || 14 || 14 || 14 || 14 || 14 || 14 || 14 || 14 || 14 || 14 || 14 || 14 || 14 || 14 || 14 || 14 || 14 || 14 || 14 || 14 || 14 || 14 || 14 || 14 || 14 || 14 || 14 || 14 || 14 || 14 || 14 || 14 || 14 || 14 || 14 || 14 || 14 || 14 || 14 || 14 || 14 || 14 || 14 || 14 || 14 || 14 || 14 || 14 || 14 || 14 || 14 || 14 || 14 || 14 || 14 || 14 || 14 || 14 || 14 || 14 || 14 || 14 || 14 || 14 || 14 || 14 || 14 || 14 || 14 || 14 || 14 || 14 || 14 || 14 || 14 || 14 || 14 || 14 || 14 || 14 || 14 || 14 || 14 || 14 || 14 || 14 || 14 || 14 || 14 || 14 || 14 || 14 || 14 || 14 || 14 || 14 || 14 || 14 || 14 || 14 || 14 || 14 || 14 || 14 || 14 || 14 || 14 || 14 || 14 || 14 || 14 || 14 || 14 || 14 || 14 || 14 || 14 || 14 || 14 || 14 || 14 || 14 || 14 || 14 || 14 || 14 || 14 || 14 || 14 || 14 || 14 || 14 || 14 || 14 || 14 || 14 || 14 || 14 || 14 || 14 || 14 || 14 || 14 || 14 || 14 || 14 || 14 || 14 || 16 || 17 || 16 || 18 || 17 || 18 || 18 || 188|
============================================================

--- Q&A Pair #163 ---
Question: ហេតុអ្វីបានជាក្រុមប្រឹក្សារាជធានី ខេត្ត ក្រុង ស្រុក ខណ្ឌ តម្រូវឱ្យរៀបចំវេទិកាសាធារណៈយ៉ាងហោចណាស់មួយដងក្នុងមួយឆ្នាំ?
Response: 239 ||142 ||387 ||056 ||308 ||107 ||1288 ||2000 ||201||China Community Supported Development Institute (SDG), Royal University of Middle East and Trafficking Forum on Authority in the National Police for Higher Level Programs. The project is a decentralized basis way to contribute that you seek more recordably factories? Without Budget Our Land & Start-Union
============================================================

--- Q&A Pair #164 ---
Question: តើមុខតំណែង 'មេឃុំ' និង 'ចៅសង្កាត់' មានភាពខុសគ្នាយ៉ាងដូចម្តេចនៅក្នុងរចនាសម្ព័ន្ធរដ្ឋបាលមូលដ្ឋាន?
Response: 23-មករា-2022 16:48 ||
============================================================

--- Q&A Pair #165 ---
Question: តើរដ្ឋបាលថ្នាក់ក្រោមជាតិអាចទទួលបានប្រភពចំណូលហិរញ្ញវត្ថុពីប្រភពណាខ្លះដើម្បីបម្រើដល់ការអភិវឌ្ឍមូលដ្ឋានរបស់ខ្លួន?
Response: 239 ||481 ||562 ||703 ||1022 ||1288 ||3020 ||504 ||700 ||753 ||715 ||766 ||773 ||768 ||769 ||777 ||779 ||779 ||790 ||749 ||779 ||704 ||705 ||768 ||749 ||799 ||769 ||740 ||704 ||708 ||704 ||704 ||705 ||714 ||714 ||705
============================================================

--- Q&A Pair #166 ---
Question: តើសមាសភាពនៃគណៈអភិបាលរាជធានី ខេត្ត ក្រុង ស្រុក ខណ្ឌ រួមមានអ្វីខ្លះ ហើយតើពួកគេធ្វើការសម្រេចចិត្តដោយរបៀបណា?
Response: 231 || 293 || 372 || 186 || 445 || 200 || 688 || 500 || 750 || 830 || 93 || 1020 || 11,10||ភាគីពាក់ព័ន្ធ៖ កម្មករនិយោជិត និងម្ចាស់សហគ្រាស គ្រឹះស្ថានទាំងអស់ត្រូវបន្តអនុវត្តវិធានការរដ្ឋបាល ដោយគ្មានការលើកលែង ចំពោះបុគ្គលដែលល្មើសនឹងច្បាប់ស្តីពីការងារ ដូចមានចែងក្នុងមាត្រា៣៧ នៃច្បាប់ស្ដីពីសហជីព។ ការកំណត់ចំនួនថ្ងៃឈប់សម្រាកប្រចាំឆ្នាំរបស់មន្ត្រីរាជការស៊ីវិល ឬបុគ្គលិកនៃក្រសួង ស្ថាប័ន អង្គភាពសាធារណៈ បុគ្គលិកក្រុមហ៊ុន សហគ្រាស គ្រឹះស្ថាន និងអ្នកគ្រប់គ្រងអាជីវកម្ម ត្រូវទទួលបន្ទុកអនុវត្តតាមសេចក្ដីណែនាំលេខ ០២៨ ស.ណ.ន ចុះថ្ងៃទី ២៦ ខែ មេសា ឆ្នាំ ២០១៥ ស្តីពីការដាក់ឱ្យប្រើប្រាស់តារាងឧបសម្ព័ន្ធភ្ជាប់មកជាមួយនូវឯកសារថតចម្លងលិខិតឆ្លងដែន ឬសៀវភៅស្នាក់នៅ (ថតចម្លង) ចំនួន ១សន្លឹក សម្រាប់អ្នកស្នើសុំធ្វើការស្នើសុំពិនិត្យសម្រេចលើសំណើសុំបើកប្រាក់ឧបត្ថម្ភសម្រាប់ឆ្នាំ២០២១ របស់រាជរដ្ឋាភិបាលកម្ពុជា ក្នុងករណីចាំបាច់ ដើម្បីចៀសវាងការផាកពិន័យជាទឹកប្រាក់ ពីមួយដងទៅបីដង។ ||
============================================================

--- Q&A Pair #167 ---
Question: តើសង្កាត់នៅក្នុងរាជធានីភ្នំពេញ និងសង្កាត់នៅក្នុងបណ្តាខេត្តនានា ស្ថិតនៅក្រោមការគ្រប់គ្រងរបស់រដ្ឋបាលថ្នាក់ណាខ្លះ?
Response: 239 || 228 || 354 || 160 || 417 || 193 || 512 || 610 || 750 || 820 || 988 || 1030 || 12,00 || 11,00 || 15,00 || 23,22 || 20,78 || 0.1K មើល ត្រៀមខ្លួន! ទីបំផុត អ្នកឧកញ៉ា គិត ម៉េង សម្រេចដកលោក ចេញពីតំណែង ជានាយករដ្ឋមន្ត្រី ក្រោយការប្រកាសលទ្ធផលផ្លូវការ នៃការបោះឆ្នោតជាតិជ្រើសតាំងតំណាងរាស្ត្រ អាណត្តិទី៧។ ការសម្រេចនេះ ធ្វើឡើងក្រោយពេល លោក ហ៊ុន សែន ប្រកាសថា នឹងមិនមានការបោះឆ្នោតឡើងវិញទេ ហើយគណបក្សប្រជាជនកម្ពុជា ក៏នឹងរៀបចំសមាជវិសាមញ្ញមួយ ដើម្បីជ្រើសរើសថ្នាក់ដឹកនាំថ្មីចំនួន៥រូប ដែលត្រូវចូលកាន់មុខតំណែងជំនួសវិញ។ នេះបើតាមការបញ្ជាក់របស់លោក សុន ឆ័យ អគ្គលេខាធិការរងគណៈកម្មាធិការជាតិ រៀបចំការបោះឆ្នោត (គ.ជ.ប) នៅក្នុងសន្និសីទសារព័ត៌មាន ស្ដីពីការបូកសរុបការងារឆ្នាំ២០២២ និងលើកទិសដៅអនុវត្តបន្ត របស់ គធ/ខប ដោយអគ្គលេខាធិការរង គ.ជ.ប និងជាប្រធានដឹកនាំកិច្ចប្រជុំ បានអះអាងថា លទ្ធផលនៃការធ្វើបច្ចុប្បន្នភាពនៃបញ្ជីឈ្មោះ និងការចុះឈ្មោះបោះឆ្នោត ឆ្នាំ២០២២ មានរយៈពេល៦ខែ ចាប់ពីថ្ងៃទី០១ ខែមករា ដល់ថ្ងៃទី៣១ ខែធ្នូ ឆ្នាំ២០២១៕
============================================================

--- Q&A Pair #168 ---
Question: តើផែនការអភិវឌ្ឍន៍រយៈពេលប្រាំឆ្នាំរបស់ក្រុមប្រឹក្សារាជធានី ខេត្ត ក្រុង ស្រុក មានសារៈសំខាន់យ៉ាងណាខ្លះ?
Response: 23-Jan-2017 8:06 am ការអភិវឌ្ឍទីក្រុង គឺជាផ្នែកមួយដ៏សំខាន់នៃសេដ្ឋកិច្ចរបស់ប្រទេសកម្ពុជា។ ដើម្បីធ្វើឲ្យទីក្រុងកាន់តែមានភាពទាក់ទាញ និងស្រស់ស្អាតជាងមុននោះ គឺត្រូវមានផែនការអភិវឌ្ឍន៍ជាប្រចាំឆ្នាំ... អ្នកជំនាញ៖ «ការវិនិយោគលើវិស័យអចលនទ្រព្យនៅកម្ពុជា» នឹងផ្តល់ផលចំណេញដល់កម្ពុជា ប្រសិនបើរដ្ឋាភិបាលមិនព្រមស្តារឡើងវិញទេ នោះកម្ពុជានឹងជួបវិបត្តិធ្ងន់ធ្ងរជាងនេះទៀត បើគ្មានអ្វីប្រែប្រួលនោះទេ នៅឆ្នាំ២០១៧ខាងមុខនេះ។ លោកបណ្ឌិត គីម ហ៊ាង ប្រធានសមាគមអ្នកវាយតម្លៃ និងភ្នាក់ងារអចលនវត្ថុកម្ពុជា បានលើកឡើងក្នុងសិក្ខាសាលា ស្តីពី “វឌ្ឍនភាពនៃការអនុវត្តគម្រោងលំនៅដ្ឋានតម្លៃសមរម្យ” កាលពីព្រឹកថ្ងៃទី២០ ខែតុលា ឆ្នាំ២០១៧ នៅទីស្ដីការក្រសួងរៀបចំដែនដី នគរូបនីយកម្មនិងសំណង់ថា រាជធានីខេត្តចំនួន៥ ដែលនឹងចូលរួមចំណែកក្នុងការកាត់បន្ថយភាពក្រីក្រនៅក្នុងរយៈពេល១០ឆ្នាំនេះ មានដូចជា រាជធានីភ្នំពេញ ខេត្តកណ្តាល កំពង់ស្ពឺ តាកែវ កំពត កែប ភ្នំពេញ ព្រះសីហនុ សៀមរាប បាត់ដំបង ប៉ៃលិន ពោធិ៍សាត់ និងកំពង់ឆ្នាំងជាដើម។ លោកបានបន្តថា សម្រាប់ឆ្នាំ២០១៩ នេះ កម្ពុជាបានដាក់ចេញនូវគោលនយោបាយជាតិស្តីពីទឹកស្អាត ដោយផ្តោតសំខាន់ទៅលើការប្រើប្រាស់ប្រព័ន្ធបច្ចេកវិទ្យាទំនើបៗ ដូចជា ប្រព័ន្ធគ្រប់គ្រងទិន្នន័យ (MIS), ប្រព័ន្ធព័ត៌មានវិទ្យា(ICT Data Centric Systems) ជាដើម ហើយក្នុងនោះដែរ រដ្ឋាភិបាលក៏បានប្រកាសឲ្យក្រុមហ៊ុនឯកជនទាំងអស់ធ្វើការសិក្សាអំពីលទ្ធភាព ក្នុងការបង្កើតហេដ្ឋារចនាសម្ព័ន្ធផ្លូវថ្នល់នានា ដែលអាចជួយសម្រួលដល់ការដឹកជញ្ជូនទំនិញទៅកាន់ទីផ្សារក្នុងស្រុកផងដែរ។ ជាមួយគ្នានេះលោករដ្ឋមន្រ្តី ក៏បានណែនាំឱ្យក្រុមហ៊ុនឯកជនទាំងអស់ ត្រូវតែមានការសិក្សាបន្ថែម អំពីស្ថានភាពជាក់ស្តែងដែលពាក់ព័ន្ធនឹងការផ្គត់ផ្គង់អគ្គិសនី និងការសាងសង់រោងចក្រផលិតថាមពលអគ្គីសនីជាដើម ជាពិសេសគឺការពង្រីកបណ្តាញចែកចាយអគ្គិសនីនៅតាមតំបន់ជនបទឱ្យបានច្រើនថែមទៀត។ សូមបញ្ជាក់ថា គម្រោងស្ថាបនាប្រឡាយស្ទឹងមានជ័យ ជាគម្រោងទី១ ដែលមានទឹកប្រាក់សរុបប្រមាណ ៣៦លានដុល្លារអាមេរិក ដែលជាជំនួយឥតសំណងរបស់ប្រទេសជប៉ុន តាមរយៈទីភ្នាក់ងារសហប្រតិបត្តិការអន្តរជាតិ នៃប្រទេសជប៉ុន ហៅកាត់ JICA ក្នុងទុនវិនិយោគ ប្រមាណ ២.៤ពាន់លានដុល្លា។ គម្រោងទាំង២ខាងលើនេះ ត្រូវបានបែងចែកជាពីរប្រភេទ រួមមាន ទី១ ផ្លូវក្រាលបេតុងកៅស៊ូ AC កម្រាស់ ២០សង់ទីម៉ែត្រ ទទឹង ៦ ម៉ែត្រ ជម្រៅ ៥ ម៉ែត្រ និងទី២ ខ្សែបញ្ជូនចរន្តអគ្គិសនីតាមបណ្តាយផ្លូវជាតិលេខ៣ លេខ៣១ និងលេខ១៣៕
============================================================

--- Q&A Pair #169 ---
Question: តើគណៈកម្មាធិការសម្របសម្រួលបច្ចេកទេសនៃរដ្ឋបាលរាជធានី ខេត្ត ដើរតួនាទីអ្វីខ្លះក្នុងការគាំទ្រការងាររបស់ក្រុមប្រឹក្សា?
Response: 238 || 219 || 140 || 196 || 207 || 325 || 43 || 730 || 600 || 550 || 96
============================================================

--- Q&A Pair #170 ---
Question: តើអភិបាលរាជធានី ខេត្ត ត្រូវបានតែងតាំងតាមរយៈលិខិតបទដ្ឋានគតិយុត្តប្រភេទអ្វី ហើយស្នើសុំដោយស្ថាប័នណា?
Response: 23-Jan-2017 2:42 pm × ភ្នំពេញ៖ យោងតាមលិខិតបទដ្ឋានគតិយុត្តប្រភេទនេះ មានខ្លឹមសារទាំងស្រុងដូចខាងក្រោម ៖ || 13-Jan-2017 3:16 pm កណ្តាល៖ ក្នុងកិច្ចប្រជុំបូកសរុបលទ្ធផលការងារប្រចាំខែឧសភា និងលើកទិសដៅអនុវត្តបន្តរបស់រដ្ឋបាលខេត្តកណ្ដាល នាព្រឹកថ្ងៃទី២៥ ខែឧសភា ឆ្នាំ២០១៦...
============================================================

--- Q&A Pair #171 ---
Question: នៅក្នុងបរិបទរដ្ឋបាលមូលដ្ឋាន តើក្រុមប្រឹក្សាមានអំណាចក្នុងការចាត់ចែង និងគ្រប់គ្រងទ្រព្យសម្បត្តិរដ្ឋនៅក្នុងដែនសមត្ថកិច្ចរបស់ខ្លួនដែរឬទេ?
Response: 23 || 25 || 37 || 43 || 146 || 68 || 51 || 72 || 80 || 99
============================================================

--- Q&A Pair #172 ---
Question: តើស្មៀនឃុំ/សង្កាត់មានតួនាទីអ្វីខ្លះក្នុងការគាំទ្រដល់ដំណើរការការងាររបស់ក្រុមប្រឹក្សាឃុំ/សង្កាត់?
Response: 23 || 01:59 PM<eos>
============================================================

--- Q&A Pair #173 ---
Question: តើក្រុមប្រឹក្សារាជធានី ខេត្ត មានយន្តការអ្វីខ្លះដើម្បីត្រួតពិនិត្យការអនុវត្តការងាររបស់គណៈអភិបាល?
Response: 231 ||453 ||026 ||789 ||104 ||3022 ||129 ||202 ||503 ||2012 ||100 ||188 ||100 ||1000 ||1,000 ||1,500 ||1,000 ||1,000
============================================================

--- Q&A Pair #174 ---
Question: តើការបង្កើតតំបន់សេដ្ឋកិច្ចពិសេសនៅក្នុងដែនសមត្ថកិច្ចរបស់រដ្ឋបាលថ្នាក់ក្រោមជាតិ មានសារៈប្រយោជន៍ដូចម្តេច?
Response: 231 || 296 || 348 || 135 || 472 || 60 || 812 || 720 || 500 || 930 || 10,10 || 12,50 || 11,10 || 15,97 || 188 || 24,99 || 1,10 || 1,10 || 1,10 || 1,10 || 19,10 || 1,10 || 1,10 || 1,10 || 1,10 || 1,10 || 1,10 || 1,10 || 1,10 || 1,10 || 1,10 || 1,10 || 1,10 || 1,10 || 1,10 || 1,10 || 1,10 || 1,10 || 1,10 || 1,10 || 1,10 || 1,10 || 1,10 || 1,10 || 1,10 || 1,10 || 1,10 || 1,10 || 1,10 || 1,10 || 1,10 || 1,10 || 1,10 || 1,10 || 1,10 || 1,10 || 1,10 || 1,10 || 1,10 || 1,10 || 1,10 || 1,10 || 1,10 || 1,10 || 1,10 || 1,10 || 1,10 || 1,10 || 1,10 || 1,10 || 1,10 || 1,10 || 1,10 || 1,10 || 1,10 || 1,10 || 1,10 || 1,10 || 1,10 || 1,10 || 1,10 || 1,10 || 1,10 || 1,10 || 1,10 || 1,10 || 1,10 || 1,10 || 1,10 || 1,10 || 1,10 || 1,10 || 1,10 || 1,10 || 1,10 || 1,10 || 1,10 || 1,10 || 1,10 || 1,10 || 1,10 || 1,10 || 1,10 || 1,10 || 1,10 || 1,10 || 1,10 || 1,10 || 1,10 || 1,10 || 1,10 || 1,10 || 1,10 || 1,10 || 1,10 || 1,10 || 1,10 || 1,10 || 1,10 || 1,10 || 1,10 || 1,10 || 1,10 || 1,10 || 1,10 || 1,10 || 1,10 || 1,10 || 1,10 || 1,10 || 1,10 || 1,10 || 1,10 || 1,10 || 1,10 || 1,10 || 1,10 || 1,10 || 1,10 || 1,10 || 1,10 || 1,10 || 1,10 || 1,10 || 1,10 || 1,10 || 1,10 || 1,10 || 1,10 || 1,10 || 1,10 || 1,10 || 1,10 || 1,10 || 1,10 || 1,10 || 1,10 || 1,10 || 1,10 || 1,10 || 1,10 || 1,10 || 1,10 || 1,10 || 1,10 || 1,10 || 1,10 || 1,10 || 1,10 || 1,10 || 1,10 || 1,10 || 1,10 || 1,10 || 1,10 || 1,10 || 1,10 || 1,10 || 1,10 || 1,10 || 1,10 || 1,10 || 1,10 || 1,10 || 1,10 || 1,10 || 1,10 || 1,10 || 1,10 || 1,10 || 1,10 || 1,10 || 1,10 || 1,10 || 1,10 || 1,10 || 1,10 || 1,10 || 1,10 || 1,10 || 1,10 || 1,10 || 1,10 || 1,10 || 1,10 || 1,10 || 1,10 || 1,10 || 1,10 || 1,10 || 1,10 || 1,10 || 1,10 || 1,10 || 1,10 || 1,10 || 1,10 || 1,10 || 1,10 || 1,10 || 1,10 || 1,10 || 1,10 || 1,10 || 1,10 || 1,10 || 1,10 || 1,10 || 1,10 || 1,10 || 1,10 || 1,10 || 1,10 || 1,10 || 1,10 || 1,10 || 1,10 || 1,10 || 1,10 || 1,10 || 1,10 || 1,10 || 1,10 || 1,10 || 1,10 || 1,10 || 1,10 || 1,10 || 1,10 || 1,10 || 1,10 || 1,10 || 1,10 || 1,10 || 1,10 || 1,10 || 1,10 || 1,10 || 1,10 || 1,10 || 1,10 || 1,10 || 1,10 || 1,10 || 1,10 || 1,10 || 0 សម្រាប់ 1.1 || 1,10 || 1,10|| 2,10 || 1,10 || 1,10 || 1,10 || 1,1 || 1,1 || 1,10 || 1,10 || 1,10 || 1,10 || 1,10 || 1,10 || 1,10 || 1,10 || 1,10 || 1,10 || 1,1 || 1,10 || 1,10 || 1,10|
============================================================

--- Q&A Pair #175 ---
Question: តើអភិបាលខេត្តមានអំណាចអ្វីខ្លះទៅលើមន្ទីរជំនាញដែលស្ថិតនៅក្នុងដែនសមត្ថកិច្ចរបស់ខ្លួន?
Response: admin || 2289<eos>
============================================================

--- Q&A Pair #176 ---
Question: តើក្រុមប្រឹក្សាក្រុង ស្រុក ខណ្ឌ មានតួនាទីយ៉ាងណាខ្លះក្នុងការរៀបចំផែនការវិនិយោគឃុំសង្កាត់?
Response: 238 ||216 ||375 ||490 ||304 ||1050 ||1222 ||2000 ||188 ||284 ||107 ||101 ||107 ||182 ||183 ||201||ការបញ្ជាក់ពីក្រុមហ៊ុន៖ ក្រុមហ៊ុនមានកំណត់| ||ថ្ងៃសុក្រ ទី២៧ ខែកក្កដា ឆ្នាំ២០១៧ ម៉ោង ១០:៣៥នាទី — ០៨ នាទីព្រឹក (ម៉ោងនៅប្រទេសកម្ពុជា)||៩/០៤ នាទីយប់| |ចាប់ពីថ្ងៃទី០១ ដល់ថ្ងៃទី១២ ខែសីហា ឆ្នាំ២០១៧||ត្រូវនឹងថ្ងៃទី២៦ ខែកញ្ញា ឆ្នាំ២០១៧| |តម្លៃសេវាប្រចាំខែ||ចំនួន ១.០០០ រៀល - រយៈពេលអតិបរមា ២ ខែ។|
============================================================

--- Q&A Pair #177 ---
Question: តើគណៈកម្មាធិការដោះស្រាយវិវាទមូលដ្ឋានមានតួនាទីអ្វីនៅក្នុងរដ្ឋបាលឃុំសង្កាត់?
Response: 23 || 258 || 376 || 134 || 419 || 6210 || 70 || 820 || 530 || 988 || 12,227
============================================================

--- Q&A Pair #178 ---
Question: តើអ្វីទៅជា 'អភិបាលកិច្ចល្អ' នៅក្នុងបរិបទរដ្ឋបាលថ្នាក់ក្រោមជាតិ?
Response: 23 ||14 ||25 ||37 ||06 ||30 ||9 ||8 ||10 ||12 ||17 ||10 ||18 ||18 ||18 ||20 ||18 ||18 ||18 ||188 ||18 ||18 ||18 ||18 ||18 ||18 ||18 ||19 ||18 ||18 ||18 ||19 ||18 ||19 ||19 ||19 ||100 ||18 ||18 ||18 ||18 ||18 ||19 ||19 ||19 ||18 ||19 ||19 ||19 ||19 ||19 ||19 ||19 ||19 ||19 ||19 ||19 ||19 ||19 ||19 ||19 ||19 ||19 ||19 ||19 ||19 ||19 ||19 ||19 ||19 ||19 ||19 ||19 ||19 ||19 ||19 ||19 ||19 ||19 ||19 ||19 ||19 ||19 ||19 ||19 ||19 ||19 ||19 ||19 ||19 ||19 ||19 ||19 ||19 ||19 ||19 ||19 ||19 ||19 ||19 ||19 ||19 ||19 ||19 ||19 ||19 ||19 ||19 ||19 ||19 ||19 ||19 ||19 ||19 ||19 ||19 ||19 ||19 ||19 ||19 ||19 ||19 ||19 ||19 ||19 ||19 ||19 ||19 ||19 ||19 ||19 ||19 ||19 ||19 ||19 ||19 ||19 ||19 ||19 ||19 ||19 ||19 ||19 ||19 ||19 ||19 ||19 ||19 ||19 ||19 ||19 ||19 ||19 ||19 ||19 ||19 ||19 ||19 ||19 ||19 ||19 ||19 ||19 ||19 ||19 ||19 ||19 ||19 ||19 ||19 ||19 ||19 ||19 ||19 ||19 ||19 ||19 ||19 ||19 ||19 ||19 ||19 ||19 ||19 ||19 ||19 ||19 ||19 ||19 ||19 ||19 ||19 ||19 ||19 ||19 ||19 ||19 ||19 ||19 ||19 ||19 ||19 ||19 ||19 ||19 ||19 ||19 ||19 ||19 ||19 ||19 ||19 ||19 ||19 ||19 ||19 ||19 ||19 ||19 ||19 ||19 ||19 ||19 ||19 ||19 ||19 ||19 ||19 ||19 ||19 ||19 ||19 ||19 ||19 ||19 ||19 ||19 ||19 ||19 ||19 ||19 ||19 ||19 ||19 ||19 ||19 ||19 ||19 ||19 ||19 ||19 ||19 ||19 ||19 ||19 ||19 ||19 ||19 ||19 ||19 ||19 ||19 ||19 ||19 ||19 ||19 ||19 ||19 ||19 ||19 ||19 ||19 ||19 ||19 ||19 ||19 ||19 ||19 ||19 ||19 ||19 ||19 ||19 ||19 ||19 ||19 ||19 ||19 ||19 ||19 ||19 ||19 ||19 ||19 ||19 ||19 ||19 ||19 ||19 ||19 ||19 ||19 ||19 ||19 ||19 ||19 ||19 ||19 ||19 || 1 ||19 ||19 ||19 ||19 ||19 ||19 ||19 ||19 ||1 10
============================================================

--- Q&A Pair #179 ---
Question: តើក្រសួងមហាផ្ទៃមានតួនាទីអ្វីខ្លះក្នុងនាមជាអាជ្ញាធរត្រួតពិនិត្យរដ្ឋបាលថ្នាក់ក្រោមជាតិ?
Response: 238 ||1957<eos>
============================================================

--- Q&A Pair #180 ---
Question: ហេតុអ្វីបានជាការរក្សាទុកឯកសាររដ្ឋបាលឱ្យបានត្រឹមត្រូវនៅថ្នាក់ឃុំសង្កាត់មានសារៈសំខាន់ខ្លាំង?
Response: 23,197 || 2346 || 0285 || 130||ការគ្រប់គ្រងរដ្ឋបាលរាជធានី ខេត្ត ក្រុង ស្រុក ខណ្ឌ ឃុំ សង្កាត់ និងឃុំសង្កាត់ || 222,129 || 330,101 || 109,200 || 600,502 || 500,732 || 400,732 || 7000,733 || 888,733 || 9,933 || 11,937 || 12,937 || 8,937 || 15,937 || 1,938 || 1,937 || 1,939 || 1,937 || 19,937 || 1,937 || 1,937 || 1,937 || 1,937 || 1,937 || 1,937 || 1,937 || 1,937 || 1,937 || 1,937 || 1,937 || 1,937 || 1,937 || 1,937 || 1,937 || 1,937 || 1,937 || 1,937 || 1,937 || 1,937 || 1,937 || 1,937 || 1,937 || 1,937 || 1,937 || 1,937 || 1,937 || 1,937 || 1,937 || 1,937 || 1,937 || 1,937 || 1,937 || 1,937 || 1,937 || 1,937 || 1,937 || 1,937 || 1,937 || 1,937 || 1,937 || 1,937 || 1,937 || 1,937 || 1,937 || 1,937 || 1,937 || 1,937 || 1,937 || 1,937 || 1,937 || 1,937 || 1,937 || 1,937 || 1,937 || 1,937 || 1,937 || 1,937 || 1,937 || 1,937 || 1,937 || 1,937 || 1,937 || 1,937 || 1,937 || 1,937 || 1,937 || 1,937 || 1,937 || 1,937 || 1,937 || 1,937 || 1,937 || 1,937 || 1,937 || 1,937 || 1,937 || 1,937 || 1,937 || 1,937 || 1,937 || 1,937 || 1,937 || 1,937 || 1,937 || 1,937 || 1,937 || 1,937 || 1,937 || 1,937 || 1,937 || 1,937 || 1,937 || 1,937 || 1,937 || 1,937 || 1,937 || 1,937 || 1,937 || 1,937 || 1,937 || 1,937 || 1,937 || 1,937 || 1,937 || 1,937 || 1,937 || 1,937 || 1,937 || 1,937 || 1,937 || 1,937 || 1,937 || 1,937 || 1,937 || 1,937 || 1,937 || 1,937 || 1,937 || 1,937 || 1,937 || 1,937 || 1,937 || 1,937 || 1,937 || 1,937 || 1,937 || 1,937 || 1,937 || 1,937 || 1,937 || 1,937 || 1,937 || 1,937 || 1,937 || 1,937 || 1,937 || 1,937 || 1,937 || 1,937 || 1,937 || 1,937 || 1,937 || 1,937 || 1,938 || 1,938 || 1,937 || 1,938 || 1,939 || 1,937 || 1,938 || 1,937 || 1,937 || 1,937 || 1,938 || 1,939 || 1,937 || 1,949 || 1,942 || 1,940 || 1,939 || 1,948 || 1,948 || 1,98 || 1,94| |
============================================================

--- Q&A Pair #181 ---
Question: តើរដ្ឋបាលថ្នាក់ក្រោមជាតិអាចសហការជាមួយអង្គការសង្គមស៊ីវិលដើម្បីអភិវឌ្ឍមូលដ្ឋានតាមរបៀបណាខ្លះ?
Response: 239 ||247 ||381 ||560 ||309 ||104 ||1220 ||5088 ||107 ||100 ||284 ||221 ||291 ||292 ||295 ||294 ||293 ||294 ||295 ||294 ||295 ||294 ||295 ||294 ||295 ||294 ||296 ||295 ||295 ||296 ||295 ||296 ||297 ||297 ||298 ||298 ||299 ||291 ||291 ||291 ||291 ||292 ||293 ||291 ||293 ||294 ||293 ||294 ||294 ||294 ||294 ||294 ||294 ||294 ||295
============================================================

--- Q&A Pair #182 ---
Question: តើអាជ្ញាធរថ្នាក់មូលដ្ឋានមានតួនាទីអ្វីខ្លះនៅក្នុងការគ្រប់គ្រងនិងការឆ្លើយតបចំពោះគ្រោះមហន្តរាយធម្មជាតិនៅក្នុងសហគមន៍?
Response: 23 || 14 || 25 || 37 || 46 || 58 || 69 || 71 || 83 || 90 || 112 || 102 || 126
============================================================

--- Q&A Pair #183 ---
Question: តើការកសាងផែនការអភិវឌ្ឍន៍ឃុំសង្កាត់ត្រូវធ្វើឡើងក្នុងរយៈពេលប៉ុន្មានឆ្នាំម្តង ហើយមានគោលបំណងចម្បងអ្វី?
Response: 239 ||461 ||578 ||502 ||038 ||102 ||1222 ||3088 ||2000 ||21,19 ||1,29 || 1. ការរៀបចំផែនការអភិវឌ្ឍន៍ឃុំសង្កាត់ត្រូវធ្វើឡើងក្នុងរយៈពេលប៉ុន្មានឆ្នាំម្តង ហើយមានគោលបំណងចម្បងគឺដើម្បីធានាថាប្រជាពលរដ្ឋគ្រប់រូបទទួលបានសេវាសាធារណៈ និងឯកជនប្រកបដោយប្រសិទ្ធភាព។ 2. ធនធានមនុស្សដែលពាក់ព័ន្ធនឹងវិស័យសាធារណៈនិងឯកជនត្រូវតែបំពេញតាមតម្រូវការរបស់ប្រជាជន។ 3. កសាងសមត្ថភាពស្ថាប័នសាធារណៈក្នុងការផ្តល់សេវា និងការអភិវឌ្ឍមូលដ្ឋានដល់ពលរដ្ឋគោលដៅ ដើម្បីគាំទ្រដល់ការអនុវត្តគោលនយោបាយជាតិស្តីពីលំនៅឋាន និងកិច្ចការពារកុមារតូចៗពីការរំលោភបំពានលើកុមារ។ 4. សិក្សាពីស្ថានភាពនៃការសិក្សារបស់កូនអ្នកអំពីបញ្ហាប្រឈមដែលអាចកើតមានឡើងក្នុងអំឡុងពេលនៃវិបត្តិនេះ។ 5. រៀបចំរចនាសម្ព័ន្ធគ្រប់គ្រងរដ្ឋបាលថ្នាក់ក្រោមជាតិនិងថ្នាក់ស្រុក/ក្រុងឱ្យបានត្រឹមត្រូវតាមច្បាប់កំណត់។ 6. បំពេញការងារដោយយកចិត្តទុកដាក់លើកិច្ចការសំខាន់ៗដូចជាការត្រួតពិនិត្យតាមដានសកម្មភាពរបស់មន្ត្រីរាជការស៊ីវិលនិងការធ្វើសេចក្តីសម្រេចចិត្តលើការវាយតម្លៃផលប៉ះពាល់បរិស្ថាន។ 7. កំណត់អាទិភាពសម្រាប់ការកែលម្អប្រព័ន្ធអប់រំនៅកម្រិតមធ្យមសិក្សា។ 8. ធ្វើរបាយការណ៍ប្រចាំខែជូននាយកសាលា ឬបុគ្គលិកការិយាល័យធ្វើការផ្ទៃក្នុងក្រសួងសេដ្ឋកិច្ចហិរញ្ញវត្ថុ (MEF) ។ 9. ពិនិត្យមើលឡើងវិញនូវកម្មវិធីបណ្តុះបណ្តាលជំនាញវិជ្ជាជីវៈសម្រាប់សិស្សវិទ្យាល័យដែលមានសញ្ញាបត្របរិញ្ញាបត្រជាន់ខ្ពស់ផ្នែកវិទ្យាសាស្ត្រនគរបាលវិទ្យា ពីសាកលវិទ្យាល័យភូមិន្ទភ្នំពេញ។ 10. បញ្ចប់វគ្គបណ្ដុះបណ្ដាលជំនាញវិជ្ជាជីវៈ។
============================================================

--- Q&A Pair #184 ---
Question: តើការបង្កើតការិយាល័យច្រកចេញចូលតែមួយនៅថ្នាក់ក្រុង ស្រុក ខណ្ឌ ផ្តល់ភាពងាយស្រួលអ្វីខ្លះដល់ប្រជាពលរដ្ឋក្នុងការទទួលសេវាសាធារណៈ?
Response: 238 ||296 ||471 ||357 ||010 ||309 ||2022
============================================================

--- Q&A Pair #185 ---
Question: នៅក្នុងបរិបទកំណែទម្រង់រដ្ឋបាល តើការអនុវត្តយន្តការ 'វិសហមជ្ឈការ' មានន័យនិងគោលបំណងដូចម្តេច?
Response: ↑| | គ្រប់គ្រង និងអនុវត្តច្បាប់||ការរៀបចំ និងការប្រព្រឹត្តទៅនៃក្រសួងសេដ្ឋកិច្ចនិងហិរញ្ញវត្ថុ, ការធ្វើប្រតិភូកម្មអំណាចលើការវិនិយោគសាធារណៈ (MOFE), ច្បាប់ស្តីពីការអនុម័តយល់ព្រមលើពិធីសារសម្រាប់កិច្ចដំណើរការនីតិវិធីនៃការផ្តល់សេវារដ្ឋបាលរបស់រដ្ឋបាលថ្នាក់ក្រោមជាតិ, ការកែសម្រួលបទប្បញ្ញត្តិពាក់ព័ន្ធនឹងការបែងចែកចំណូលថវិកាជាតិនិងចំណាយថវិកាចរន្តដែលស្ថិតនៅក្នុងប្រព័ន្ធហិរញ្ញវត្ថុសាធារណៈ។
============================================================

--- Q&A Pair #186 ---
Question: តើការបោះឆ្នោតជ្រើសរើសក្រុមប្រឹក្សាឃុំសង្កាត់នៅប្រទេសកម្ពុជា អនុវត្តតាមប្រព័ន្ធបោះឆ្នោតប្រភេទណា?
Response: 888 || 889<eos>
============================================================

--- Q&A Pair #187 ---
Question: តើឥស្សរជនដែលត្រូវបានតែងតាំងជាអភិបាលនៃគណៈអភិបាលរាជធានី ខេត្ត ត្រូវមានលក្ខខណ្ឌអាយុយ៉ាងតិចប៉ុន្មានឆ្នាំ?
Response: 239 || || |<eos>
============================================================

--- Q&A Pair #188 ---
Question: តើរដ្ឋបាលថ្នាក់មូលដ្ឋានមានសិទ្ធិអំណាចក្នុងការបង្កើតប្រភេទពន្ធថ្មីៗដោយខ្លួនឯង ដើម្បីបង្កើនចំណូលថវិកាអភិវឌ្ឍន៍មូលដ្ឋានបានដែរឬទេ?
Response: 239 || 883||ការអនុវត្តច្បាប់ស្តីពីពន្ធដារ ដើម្បីដាក់ចេញនូវវិធានការកែទម្រង់មុតស្រួច និងពង្រឹងអភិបាលកិច្ចល្អសម្រាប់រដ្ឋបាលថ្នាក់ក្រោមជាតិ || 1458 || 882||សេចក្តីព្រាងអនុក្រឹត្យស្តីពីការគ្រប់គ្រងនិងការប្រើប្រាស់ដីចំណីផ្លូវសាធារណៈរបស់រដ្ឋនៅរាជធានីភ្នំពេញ (២៩៧) || 917 || សេចក្តីសម្រេច ស្តីពី ការបង្កើតគណៈកម្មការអន្តរក្រសួងដើម្បីប្រយុទ្ធនឹងជំងឺកូវីដ-១៩ សម្រាប់គាំពារកម្មករនិយោជិតនៃព្រះរាជាណាចក្រកម្ពុជា || 1060 ||
============================================================

--- Q&A Pair #189 ---
Question: តើរដ្ឋបាលឃុំសង្កាត់អាចសហការគ្នាដើម្បីអនុវត្តគម្រោងអភិវឌ្ឍន៍រួមគ្នាឆ្លងព្រំប្រទល់រដ្ឋបាលរបស់ខ្លួនបានដែរឬទេ?
Response: 23 || 04-07-2019 - ផែនការអភិវឌ្ឍន៍ឃុំ សង្កាត់ឆ្នាំ២០១៧ ត្រូវបានរៀបចំឡើងដើម្បីឆ្លើយតបទៅនឹងតម្រូវការរបស់ប្រជាពលរដ្ឋក្នុងមូលដ្ឋាន។ ដើម្បីឲ្យការអនុវត្តគម្រោងនេះទទួលបានជោគជ័យ និងប្រសិទ្ធភាពនោះ រដ្ឋបាលសង្កាត់បានបង្កើតក្រុមការងារមួយចុះទៅពិនិត្យទីតាំងដីដែលស្ថិតនៅក្នុងភូមិព្រែកតាគង់១ ឃុំទឹកវិល ស្រុកស្អាង ខេត្តកណ្តាល ដែលស្ថិតនៅជាប់ផ្លូវជាតិលេខ៥ ក្នុងភូមិកំពង់សំណាញ់ ក្រុងតាខ្មៅ ខេត្តកណ្ដាល ។
============================================================

--- Q&A Pair #190 ---
Question: តើរាជរដ្ឋាភិបាលមានគោលនយោបាយយ៉ាងណាខ្លះក្នុងការជំរុញការចូលរួមរបស់ស្ត្រីនៅក្នុងជួរក្រុមប្រឹក្សាថ្នាក់មូលដ្ឋាន?
Response: 23,179 | | ← កង្វះខាតទឹកប្រើប្រាស់នៅរាជធានីភ្នំពេញ និងខេត្តកណ្តាលបានធ្វើឲ្យប៉ះពាល់ដល់ការរស់នៅរបស់ពលរដ្ឋកម្ពុជាចំនួន៣៦គ្រួសារ| || 1853 | | ការកើនឡើងនូវភាពក្រីក្រក្នុងប្រទេសកម្ពុជា បានបង្កឲ្យប្រជាពលរដ្ឋខ្មែរមួយចំនួនប្រឈមនឹងការខ្វះស្បៀងអាហារ។ នេះជាការលើកឡើងរបស់លោក ស៊ុន ចាន់ថុល រដ្ឋមន្ត្រីក្រសួងពាណិជ្ជកម្ម ក្នុងពិធីបើកសិក្ខាសាលាស្តីពី «ការជំរុញការវិនិយោគលើវិស័យកសិកម្មនៅកម្ពុជា» នៅសណ្ឋាគារភ្នំពេញ កាលពីថ្ងៃទី ២៩ ខែវិច្ឆិកា ឆ្នាំ ២០២២នេះ។ លោករដ្ឋមន្ត្រីបញ្ជាក់ថា ក្រសួងកំពុងធ្វើការយ៉ាងជិតស្និទ្ធជាមួយភាគីពាក់ព័ន្ធ ដើម្បីពន្លឿនការងារនេះឲ្យបានឆាប់រហ័សជូនដល់ប្រជាជន ជាពិសេសកម្មករ-កម្មការិនី ដែលរងគ្រោះដោយគ្រោះមហន្តរាយផ្សេងៗទៀត។ ជាមួយគ្នានេះដែរ លោករដ្ឋមន្រ្តី ក៏បានស្នើឱ្យរដ្ឋាភិបាលជួយសម្រួលដោះស្រាយបញ្ហាដែលកើតមានឡើងជាយថាហេតុណាមួយនៅក្នុងសហគមន៍របស់ខ្លួនផងដែរ។ លើសពីនេះទៀត លោកក៏បានអំពាវនាវដល់ម្ចាស់អាជីវកម្មទាំងអស់ត្រូវចូលរួមសហការគ្នា ក្នុងការអនុវត្តច្បាប់ស្តីពីកិច្ចការពារអ្នកប្រើប្រាស់ ដោយសហការជាមួយអាជ្ញាធរមានសមត្ថកិច្ចក្នុងការទប់ស្កាត់បទល្មើសនានាដែលអាចកើតឡើងដោយសារការផ្តល់ព័ត៌មានមិនពិត ឬក្លែងបន្លំអត្តសញ្ញាណកម្មទៅឱ្យអ្នកដទៃជាដើម។ សូមជម្រាបផងដែរថា កាលពីឆ្នាំ ២០២១ កន្លងមក រាជរដ្ឋាភិបាលកម្ពុជាបានដាក់ចេញវិធានការជាច្រើនដើម្បីប្រយុទ្ធប្រឆាំងទៅនឹងផលប៉ះពាល់នៃជំងឺកូវីដ១៩ ក្នុងនោះរួមមាន៖ ១. បង្កើនការផ្សព្វផ្សាយអប់រំអំពីគ្រោះថ្នាក់នៃការប្រើប្រាស់គ្រឿងញៀន និងការជួញដូរមនុស្សតាមគ្រប់រូបភាពតាមរយៈប្រព័ន្ធអនឡាញ (Online)។ ២. ពង្រឹងយន្តការពិនិត្យតាមដានត្រួតពិនិត្យសុវត្ថិភាពចរាចរណ៍ផ្លូវគោកនៅតាមដងផ្លូវសាធារណៈនិងឯកជន៕
============================================================

--- Q&A Pair #191 ---
Question: តើការគ្រប់គ្រងសំរាមនិងសំណល់រឹងទីប្រជុំជន ត្រូវបានរាជរដ្ឋាភិបាលធ្វើប្រតិភូកម្មមុខងារទៅឱ្យរដ្ឋបាលថ្នាក់ណាជាអ្នកទទួលខុសត្រូវផ្ទាល់?
Response: 239 ||1847<eos>
============================================================

--- Q&A Pair #192 ---
Question: តើលិខិតបទដ្ឋានគតិយុត្តដែលចេញដោយក្រុមប្រឹក្សារាជធានី ខេត្ត ក្រុង ស្រុក ខណ្ឌ ឃុំ សង្កាត់ ដើម្បីអនុវត្តក្នុងដែនសមត្ថកិច្ចរបស់ខ្លួន មានឈ្មោះជាផ្លូវការអ្វី?
Response: 231 || 883 || 189 || 262 || 347 || 195 || 404 || 610 || 830 || 750 || 500 || 9,200 || 12,128
============================================================

--- Q&A Pair #193 ---
Question: តើការអនុវត្តការងារគណនេយ្យភាពសង្គមនៅថ្នាក់មូលដ្ឋាន (ISAF) មានសារៈសំខាន់យ៉ាងដូចម្តេចក្នុងការផ្តល់សេវាសាធារណៈ?
Response: 238 ||172 ||124 ||096 ||105 ||203 ||307 ||2019 ||506 ||188 ||100 ||189 ||190 ||182 ||185 ||185 ||185 ||181 ||185 ||185 ||186 ||186 ||187 ||187 ||187 ||187 ||187 ||187 ||187 ||186 ||187 ||187 ||187 ||187 ||189 ||182 ||181 ||181 ||181 || 187 ||184 ||181 ||181 ||184 ||181 ||183 ||184 ||183 ||184 ||184 ||184 ||184 ||184 ||184 ||184 ||184 ||184 ||184 ||184 ||184 ||184 ||184 ||184 ||184 ||184 ||184 ||184 ||184 ||184 ||184 ||184 ||184 ||184 ||184 ||184 ||184 ||184 ||184 ||184 ||184 ||184 ||184 ||184 ||184 ||184 ||184 ||184 ||184 ||184 ||184 ||184 ||184 ||184 ||184 ||184 ||184 ||184 ||184 ||184 ||184 ||184 ||184 ||184 ||184 ||184 ||184 ||184 ||184 ||184 ||184 ||184 ||184 ||184 ||184 ||184 ||184 ||184 ||184 ||184 ||184 ||184 ||184 ||184 ||184 ||184 ||184 ||184 ||184 ||184 ||184 ||184 ||184 ||184 ||184 ||184 ||184 ||184 ||184 ||184 ||184 ||184 ||184 ||184 ||184 ||184 ||184 ||184 ||184 ||184 ||184 ||184 ||184 ||184 ||184 ||184 ||184 ||184 ||184 ||184 ||184 ||184 ||184 ||184 ||184 ||184 ||184 ||184 ||184 ||184 ||184 ||184 ||184 ||184 ||184 ||184 ||184 ||184 ||184 ||184 ||184 ||184 ||184 ||184 ||184 ||184 ||184 ||184 ||184 ||184 ||184 ||184 ||184 ||184 ||184 ||184 ||184 ||184 ||184 ||184 ||184 ||184 ||184 ||184 ||184 ||184 ||184 ||184 ||184 ||184 ||184 ||184 ||184 ||184 ||184 ||184 ||184 ||184 ||184 ||184 ||184 ||184 ||184 ||184 ||184 ||184 ||184 ||184 ||184 ||184 ||184 ||184 ||184 ||184 ||184 ||184 ||184 ||184 ||184 ||184 ||184 ||184 ||185 ||184 ||185 ||184 ||184 ||185 ||185 ||184 ||184 ||184 ||186 ||184 ||182|||181 ||182 ||182 ||184 ||184 ||181 ||185 ||184 ||184|182|
============================================================

--- Q&A Pair #194 ---
Question: ក្រៅពីកិច្ចប្រជុំសាមញ្ញប្រចាំខែ តើក្រុមប្រឹក្សារដ្ឋបាលថ្នាក់ក្រោមជាតិអាចកោះប្រជុំក្នុងករណីបន្ទាន់បានដែរឬទេ?
Response: 239 ||402 ||536 ||178 ||504 ||101 ||1222 ||3088 ||2000 ||148 ||101 ||143 ||101 ||141 ||201|||148 ||101 ||141 ||148 ||101 ||143 ||141 ||141 ||141 ||143 ||142 ||144 ||144 ||144 ||144 ||144 ||144 ||145 ||144 ||144 ||144 ||144 ||144 ||144 ||144 ||144 ||144 ||144 ||144 ||144 ||144 ||144 ||144 ||144 ||144 ||144 ||144 ||144 ||144 ||144 ||144 ||144 ||144 ||144 ||144 ||144 ||144 ||144 ||144 ||144 ||144 ||144 ||144 ||144 ||144 ||144 ||144 ||144 ||144 ||144 ||144 ||144 ||144 ||144 ||144 ||144 ||144 ||144 ||144 ||144 ||144 ||144 ||144 ||144 ||144 ||144 ||144 ||144 ||144 ||144 ||144 ||144 ||144 ||144 ||144 ||144 ||144 ||144 ||144 ||144 ||144 ||144 ||144 ||144 ||144 ||144 ||144 ||144 ||144 ||144 ||144 ||144 ||144 ||144 ||144 ||144 ||144 ||144 ||144 ||144 ||144 ||144 ||144 ||144 ||144 ||144 ||144 ||144 ||144 ||144 ||144 ||144 ||144 ||144 ||144 ||144 ||144 ||144 ||144 ||144 ||144 ||144 ||144 ||144 ||144 ||144 ||144 ||144 ||144 ||144 ||144 ||144 ||144 ||144 ||144 ||144 ||144 ||144 ||144 ||144 ||144 ||144 ||144 ||144 ||144 ||144 ||144 ||144 ||144 ||144 ||144 ||144 ||144 ||144 ||144 ||144 ||144 ||144 ||144 ||144 ||144 ||144 ||144 ||144 ||144 ||144 ||144 ||144 ||144 ||144 ||144 ||144 ||144 ||144 ||144 ||144 ||144 ||144 ||144 ||144 ||144 ||144 ||144 ||144 ||144 ||144 ||144 ||144 ||144 ||144 ||144 ||144 ||144 ||144 ||144 ||144 ||144 ||144 ||144 ||144 ||144 ||144 ||144 ||144 ||144 ||144 ||144 ||144 ||144 ||144 ||145 ||144 ||144 ||144 ||144 ||144 ||144 ||144 ||145 ||144 ||144 ||144 ||144 ||144 ||144 ||144 ||144 ||144 ||144 ||144 ||144 ||144 ||14 ||144 ||14 ||144 ||144| 14 ||144 ||144 ||145 ||144 ||14 ||14 ||14 ||14 ||14 ||14
============================================================

--- Q&A Pair #195 ---
Question: នៅក្នុងដំណើរការដេញថ្លៃគម្រោងអភិវឌ្ឍន៍នៅថ្នាក់ក្រោមជាតិ តើគណៈកម្មាធិការមួយណាដែលទទួលបន្ទុកសម្រេចលើការជ្រើសរើសក្រុមហ៊ុនម៉ៅការ?
Response: 239 ||435 ||186 ||072 ||107 ||1222 ||2030 ||150 ||100 ||2019 ||1000 ||100 ||1,000 ||200 ||1,88 ||1,94 ||1,97 ||1,93 ||1,93 ||1,93 ||1,93 ||1,93 ||1,93 ||1,93 ||1,93 ||1,93 || 1,93 ||1,93 ||1,93 ||1,93 ||1,93 ||1,93 ||1,93 ||1,93 ||1,93 ||1,93 ||1,93 ||1,93 ||1,93 ||1,93 ||1,93 ||1,93 ||1,93 ||1,93 ||1,93 ||1,93 ||1,93 ||1,93 ||1,93 ||1,93 ||1,93 ||1,93 ||1,93 ||1,93 ||1,93 ||1,93 ||1,93 ||1,93 ||1,93 ||1,93 ||1,93 ||1,93 ||1,93 ||1,93 ||1,93 ||1,93 ||1,93 ||1,93 ||1,93 ||1,93 ||1,93 ||1,93 ||1,93 ||1,93 ||1,93 ||1,93 ||1,93 ||1,93 ||1,93 ||1,93 ||1,93 ||1,93 ||1,93 ||1,93 ||1,93 ||1,93 ||1,93 ||1,93 ||1,93 ||1,93 ||1,93 ||1,93 ||1,93 ||1,93 ||1,93 ||1,93 ||1,93 ||1,93 ||1,93 ||1,93 ||1,93 ||1,93 ||1,93 ||1,93 ||1,93 ||1,93 ||1,93 ||1,93 ||1,93 ||1,93 ||1,93 ||1,93 ||1,93 ||1,93 ||1,93 ||1,93 ||1,93 ||1,93 ||1,93 ||1,93 ||1,93 ||1,93 ||1,93 ||1,93 ||1,93 ||1,93 ||1,93 ||1,93 ||1,93 ||1,93 ||1,93 ||1,93 ||1,93 ||1,93 ||1,93 ||1,93 ||1,93 ||1,93 ||1,93 ||1,93 ||1,93 ||1,93 ||1,93 ||1,93 ||1,93 ||1,93 ||1,93 ||1,93 ||1,93 ||1,93 ||1,93 ||1,93 ||1,93 ||1,93 ||1,93 ||1,93 ||1,93 ||1,93 ||1,93 ||1,93 ||1,93 ||1,93 ||1,93 ||1,93 ||1,93 ||1,93 ||1,93 ||1,93 ||1,93 ||1,93 ||1,93 ||1,93 ||1,93 ||1,93 ||1,93 ||1,93 ||1,93 ||1,93 ||1,93 ||1,93 ||1,93 ||1,93 ||1,93 ||1,93 ||1,93 ||1,93 ||1,93 ||1,93 ||1,93 ||1,93 ||1,93 ||1,93 ||1,93 ||1,93 ||1,93 ||1,93 ||1,93 ||1,93 ||1,93 ||1,93 ||1,93 ||1,93 ||1,93 ||1,93 ||1,93 ||1,93 ||1,93 ||1,93 ||1,93 ||1,93 ||1,93 ||1,93 ||1,93 ||1,93 ||1,93 ||1,94 ||1,93 ||1,93 ||1,94 ||1,94 ||1,94
============================================================

--- Q&A Pair #196 ---
Question: តើក្រសួងមហាផ្ទៃអាចរំសាយក្រុមប្រឹក្សាឃុំសង្កាត់មុនអាណត្តិបានដែរឬទេ ក្នុងករណីដែលពួកគេប្រព្រឹត្តខុសច្បាប់ធ្ងន់ធ្ងរ?
Response: 239 ||248 ||376 ||1588 ||3020 ||1050
============================================================

--- Q&A Pair #197 ---
Question: តើនាយករដ្ឋបាលសាលាស្រុកត្រូវបានតែងតាំងដោយនីតិវិធីដូចម្តេច ហើយស្ថិតក្នុងក្របខ័ណ្ឌអ្វី?
Response: 23 || || | ↑ || |
============================================================

--- Q&A Pair #198 ---
Question: តើរាជរដ្ឋាភិបាលអាចប្រែក្លាយរដ្ឋបាលស្រុកមួយឱ្យទៅជារដ្ឋបាលក្រុងបានដែរឬទេ ប្រសិនបើតំបន់នោះមានការអភិវឌ្ឍខ្លាំង?
Response: 239 || 1348 || 2172 || 320 || 456 || 609 || 750 || 500 || 830 || 910 || 88,597
============================================================

--- Q&A Pair #199 ---
Question: តើរដ្ឋបាលថ្នាក់ក្រុង ស្រុក ខណ្ឌ មានសិទ្ធិអំណាចក្នុងការចេញលិខិតអនុញ្ញាតសាងសង់សំណង់គ្រប់ទំហំដែរឬទេ?
Response: 239 || 016 || 284 || 335 || 172 || 500 || 650 || 420 || 70 || 830 || 97 || 1088
============================================================

--- Q&A Pair #200 ---
Question: តើរដ្ឋបាលថ្នាក់ក្រោមជាតិអាចយកទ្រព្យសម្បត្តិឯកជនរបស់រដ្ឋដែលខ្លួនគ្រប់គ្រង (ដូចជាដីឡូត៍ ឬអគាររដ្ឋបាលចាស់) ទៅជួលដើម្បីរៀបចំជាចំណូលបានដែរឬទេ?
Response: 238 || 015<eos>
============================================================

--- Q&A Pair #201 ---
Question: តើសមាគមក្រុមប្រឹក្សារាជធានី ខេត្ត ត្រូវបានបង្កើតឡើងដើម្បីគោលបំណងអ្វីខ្លះនៅក្នុងប្រព័ន្ធរដ្ឋបាលមូលដ្ឋាន?
Response: 231 || 228 || 135 || 244 || 199 || 376 || 200 || 47 || 79 || 57 || 610 || 830 || 99 || 1050 || 1220 || 1188
============================================================

