--- Q&A Pair #1 ---
Question: តើរាជធានីរបស់អាណាចក្រចេនឡាក្នុងរជ្ជកាលព្រះបាទឦសានវរ្ម័នទី១ មានឈ្មោះថាអ្វី?
Response: 239 || | ↑<eos>
============================================================

--- Q&A Pair #2 ---
Question: តើកំពង់ផែពាណិជ្ជកម្មដ៏ធំនិងសំខាន់ជាងគេបំផុតរបស់អាណាចក្រហ្វូណនមានឈ្មោះអ្វី ដែលបច្ចុប្បន្នស្ថិតនៅកម្ពុជាក្រោម?
Response: 239 || 0281 | © រក្សាសិទ្ធិគ្រប់យ៉ាងដោយ៖ ក្រសួងមុខងារសាធារណ: | ឆ្នាំ២០២១
============================================================

--- Q&A Pair #3 ---
Question: តើនៅក្នុងសតវត្សទី៨ អាណាចក្រចេនឡាត្រូវបានបែងចែកជាពីរភាគធំៗអ្វីខ្លះ ដោយសារតែវិបត្តិនយោបាយផ្ទៃក្នុង?
Response: 239 || 140 | | ← ជប៉ុនជាប្រទេសមហាអំណាចមួយក្នុងចំណោមប្រទេសមហាអំណាចទាំង៥នៅលើពិភពលោក ដែលគេទទួលស្គាល់ថា ជាប្រទេសមានសេដ្ឋកិច្ចរីកចម្រើនបំផុតលើលោក។ ប្រទេសនេះត្រូវបានគេចាត់ទុកថាជាប្រទេសដែលមានប្រជាជនច្រើនជាងគេបង្អស់ក្នុងពិភពលោក។ ប៉ុន្តែបើតាមរបាយការណ៍របស់អង្គការសហប្រជាជាតិបានបង្ហាញថា មានតែជប៉ុនទេដែលទទួលបានផលប្រយោជន៍ពីគំនិតផ្តួចផ្តើមនេះ។ ការពិតទៅ គឺកម្ពុជាគឺជាប្រទេសមួយដែលពោរពេញទៅដោយភាពរុងរឿង និងអាប់ឱនបំផុត។ នៅក្នុងបរិបទនៃវិបត្តិនយោបាយផ្ទៃក្នុងដ៏ធ្ងន់ធ្ងរមួយនេះ កម្ពុជាក៏ធ្លាប់ទទួលរងនូវការរិះគន់ជាច្រើនពីសំណាក់សហគមន៍អន្តរជាតិផងដែរ។ ជាក់ស្តែងដូចជាការចោទប្រកាន់ទៅលើអតីតនាយករដ្ឋមន្ត្រី លោក ហ៊ុន សែន ថាជាអ្នកនៅពីក្រោយខ្នងនៃការធ្វើរដ្ឋប្រហារខុសច្បាប់ និងការរំលោភបំពានសិទ្ធិមនុស្សជាដើម។ ដូច្នេះហើយបានជាប្រទេសកម្ពុជាត្រូវបានរំដោះខ្លួនចេញពីរបបប្រល័យពូជសាសន៍ ប៉ុល ពត ហើយឥឡូវនេះ គឺជាពេលដែលកម្ពុជាត្រូវប្រឈមមុខនឹងបញ្ហាធ្ងន់ធ្ងរបំផុតនៅក្នុងប្រវត្តិសាស្ត្ររបស់ខ្លួន។ ម្យ៉ាងទៀត ក៏ដោយសារមានការគាំទ្រយ៉ាងខ្លាំងក្លាពីសំណាក់បណ្តាប្រទេសនានា ក្នុងការទប់ស្កាត់នូវអំពើឃោឃៅទាំងឡាយណាដែលអាចកើតមានឡើងចំពោះប្រជាពលរដ្ឋខ្មែរទូទៅ ជាពិសេសគឺពលរដ្ឋខ្មែរកាន់តែខ្លាំងជាងមុនទៅទៀត៕
============================================================

--- Q&A Pair #4 ---
Question: តើព្រះមហាក្សត្រកម្ពុជាអង្គណាដែលបានខិតខំស្តារប្រទេសជាតិឡើងវិញ ទប់ទល់នឹងការឈ្លានពានរបស់សៀមនិងយួន?
Response: 237 || 148 || 1996 || 251 || 332 || 240 || 500 || 450 || 6,2022
============================================================

--- Q&A Pair #5 ---
Question: តើព្រឹត្តិការណ៍អ្វីបានកើតឡើងចំពោះសាសនានៅកម្ពុជា ក្នុងរជ្ជកាលព្រះបាទជ័យវរ្ម័នទី៨ នៅសតវត្សទី១៣?
Response: 238 || 239 || 233 || 015 || 224 || 360 || 176 || 47,20 || 588 || 610 || 750 || 98 || 830 || 109 || 1222 || 1112 || 1500 || 99 || 209 || 49 || 199 || 137 || 1.1K មើលព័ត៌មានបន្ថែមអំពីគម្រោង (Project Management) របស់ក្រសួងអភិវឌ្ឍន៍ជនបទ។
============================================================

--- Q&A Pair #6 ---
Question: តើប្រាសាទព្រះខ័ននៅខេត្តសៀមរាបត្រូវបានកសាងឡើងដោយព្រះបាទជ័យវរ្ម័នទី៧ ដើម្បីឧទ្ទិសដល់ឥស្សរជនរូបណា?
Response: 23 || 142 || 253 || 376 || 208 || 491 || 70 || 650 || 500 || 930 || 820 || 12,88 || 1,107 || 11,129
============================================================

--- Q&A Pair #7 ---
Question: តើកិច្ចព្រមព្រៀងសន្តិភាពទីក្រុងប៉ារីស ដែលបញ្ចប់ជម្លោះប្រដាប់អាវុធនៅកម្ពុជា ត្រូវបានចុះហត្ថលេខាជាផ្លូវការនៅថ្ងៃទីខែឆ្នាំណា?
Response: 238 || 015 || 229 || 134 || 367 || 40 || 588 || 650 || 720 || 930 || 810 || 12,00 || 10,12 || 11,22 || 1,53 || 15,98 || 23,99 || 1,72 || 19,94 || 1,70 || 1,72 || 1,72 || 1,73 || 1,73 || 1,72 || 1,72 || 1,72 || 1,73 || 1,72 || 1,72 || 1,72 || 1,72 || 1,72 || 1,72 || 1,72 || 1,72 || 1,72 || 1,72 || 1,72 || 1,72 || 1,72 || 1,72 || 1,72 || 1,72 || 1,72 || 1,72 || 1,72 || 1,72 || 1,72 || 1,72 || 1,72 || 1,72 || 1,72 || 1,72 || 1,72 || 1,72 || 1,72 || 1,72 || 1,72 || 1,72 || 1,72 || 1,72 || 1,72 || 1,72 || 1,72 || 1,72 || 1,72 || 1,72 || 1,72 || 1,72 || 1,72 || 1,72 || 1,72 || 1,72 || 1,72 || 1,72 || 1,72 || 1,72 || 1,72 || 1,72 || 1,72 || 1,72 || 1,72 || 1,72 || 1,72 || 1,72 || 1,72 || 1,72 || 1,72 || 1,72 || 1,72 || 1,72 || 1,72 || 1,72 || 1,72 || 1,72 || 1,72 || 1,72 || 1,72 || 1,72 || 1,72 || 1,72 || 1,72 || 1,72 || 1,72 || 1,72 || 1,72 || 1,72 || 1,72 || 1,72 || 1,72 || 1,72 || 1,72 || 1,72 || 1,72 || 1,72 || 1,72 || 1,72 || 1,72 || 1,72 || 1,72 || 1,72 || 1,72 || 1,72 || 1,72 || 1,72 || 1,72 || 1,72 || 1,72 || 1,72 || 1,72 || 1,72 || 1,72 || 1,72 || 1,72 || 1,72 || 1,72 || 1,72 || 1,72 || 1,72 || 1,72 || 1,72 || 1,72 || 1,72 || 1,72 || 1,72 || 1,72 || 1,72 || 1,72 || 1,72 || 1,72 || 1,72 || 1,72 || 1,72 || 1,72 || 1,72 || 1,72 || 1,72 || 1,72 || 1,72 || 1,72 || 1,72 || 1,72 || 1,72 || 1,72 || 1,72 || 1,72 || 1,72 || 1,72 || 1,72 || 1,72 || 1,72 || 1,72 || 1,72 || 1,72 || 1,72 || 1,72 || 1,72 || 1,72 || 1,72 || 1,72 || 1,72 || 1,72 || 1,72 || 1,72 || 1,72 || 1,72 || 1,72 || 1,72 || 1,72 || 1,72 || 1,72 || 1,72 || 1,72 || 1,72 || 1,72 || 1,72 || 1,72 || 1,72 || 1,72 || 1,72 || 1,72 || 1,72 || 1,72 || 1,72 || 1,72 || 1,72 || 1,72 || 1,72 || 1,72 || 1,72 || 1,72 || 1,72 || 1,72 || 1,72 || 1,72 || 1,72 || 1,72 || 1,72||តើ 1,72 || 1,72 || 1,72 || 1,72 || 1.1 || 1,72 || 1 2.7 || ១-១ ការទូទាត់ដោយគ្មានការ 1 - 1 2 ។ តើ 1x 1 (ការចុះឈ្មោះចូលទៅកាន់ 1m 2) ប្រសិនបើក្នុងចំណាំ៖ អ្នកដែលត្រូវការ 13 || 13 || 13 || 1,7 || 13 ||
============================================================

--- Q&A Pair #8 ---
Question: តើសន្និសីទអន្តរជាតិនៅទីក្រុងសឺណែវ ឆ្នាំ១៩៥៤ មានសារៈសំខាន់យ៉ាងណាខ្លះចំពោះប្រទេសកម្ពុជា?
Response: 238 || 889 || ចំនួនទស្សនា: 17241 || សេចក្តីថ្លែងការណ៍របស់រាជរដ្ឋាភិបាលកម្ពុជា ស្តីពីលទ្ធផលនៃកិច្ចប្រជុំកំពូលអាស៊ានលើកទី៣៤ និងកិច្ចប្រជុំពាក់ព័ន្ធ នៅទីក្រុងសឺណែវ ប្រទេសស្វីស 1963 || 2540 ||
============================================================

--- Q&A Pair #9 ---
Question: តើព្រឹត្តិការណ៍បែកបន្ទាយលង្វែកនៅឆ្នាំ១៥៩៣ បណ្តាលមកពីកត្តាចម្បងអ្វីខ្លះ ដែលធ្វើឱ្យកម្ពុជាបាត់បង់ឯកសារនិងទ្រព្យសម្បត្តិជាតិយ៉ាងច្រើន?
Response: 239 ||1467 ||2580 ||310 ||3088 ||2000 ||1250 ||21,822 ||17,998 ||2019 ||2,998 ||14,998 ||13,998 ||18,998 ||13,998 ||14,998 ||13,998 ||14,998 ||17,998 ||14,998 ||18,998
============================================================

--- Q&A Pair #10 ---
Question: តើប្រាសាទណាដែលត្រូវបានគេស្គាល់ថាមានដើមឈើធំៗដុះលើប្រាសាទ ដែលឆ្លុះបញ្ចាំងពីការប្រយុទ្ធគ្នារវាងធម្មជាតិនិងស្នាដៃមនុស្ស?
Response: 231 || 135 || 196 || 282 || 207 || 349 || 230 || 410 || 500 || 630 || 750 || 820 || 9,99 || 1088 || 159 || 11.12 || 125 || 539 || 539 || 134 || 639 || 649 || 144 || 649 || 148 || 144 || 539 || 144 || 144 || 144 || 244 || 144 || 144 || 144 || 144 || 144 || 144 || 144 || 144 || 144 || 144 || 144 || 144 || 144 || 144 || 144 || 144 || 144 || 144 || 144 || 144 || 144 || 144 || 144 || 144 || 144 || 144 || 144 || 144 || 144 || 144 || 144 || 144 || 144 || 144 || 144 || 144 || 144 || 144 || 144 || 144 || 144 || 144 || 144 || 144 || 144 || 144 || 144 || 144 || 144 || 144 || 144 || 144 || 144 || 144 || 144 || 144 || 144 || 144 || 144 || 144 || 144 || 144 || 144 || 144 || 144 || 144 || 144 || 144 || 144 || 144 || 144 || 144 || 144 || 144 || 144 || 144 || 144 || 144 || 144 || 144 || 144 || 144 || 144 || 144 || 144 || 144 || 144 || 144 || 144 || 144 || 144 || 144 || 144 || 144 || 144 || 144 || 144 || 144 || 144 || 144 || 144 || 144 || 144 || 144 || 144 || 144 || 144 || 144 || 144 || 144 || 144 || 144 || 144 || 144 || 144 || 144 || 144 || 144 || 144 || 144 || 144 || 144 || 144 || 144 || 144 || 144 || 144 || 144 || 144 || 144 || 144 || 144 || 144 || 144 || 144 || 144 || 144 || 144 || 144 || 144 || 144 || 144 || 144 || 144 || 144 || 144 || 144 || 144 || 144 || 144 || 144 || 144 || 144 || 144 || 144 || 144 || 144 || 144 || 144 || 144 || 144 || 144 || 144 || 144 || 144 || 144 || 144 || 144 || 144 || 144 || 144 || 144 || 144 || 144 || 144 || 144 || 144 || 144 || 144 || 144 || 144 || 144 || 144 || 144 || 144 || 144 || 144 || 144 || 144 || 144 || 144 || 144 || 144 || 144 || 144 || 144 || 144 || 144 || 144 || 144 || 144 || 144 || 144 || 144 || 144 || 144 || 144 || 144 || 144 || 144 || 144 || 144 || 144 || 144 || 144 || 144 || 144 || 144
============================================================

--- Q&A Pair #11 ---
Question: តើប្រព័ន្ធកសិកម្មនាសម័យអង្គរមានតួនាទីយ៉ាងដូចម្តេចក្នុងការជួយឱ្យចក្រភពក្លាយជាមហាអំណាច?
Response: 23 || 14 || 25 || 36 || 47 || 69 || 73 || 58 || 81 || 90 || 102 || 114 || 121 || 196 || 153 || 88 || 130 || 150 || 206 || 120 || 110 || 1,500 || 1000
============================================================

--- Q&A Pair #12 ---
Question: តើព្រះមហាក្សត្រខ្មែរនាសម័យអង្គរត្រូវបានប្រជានុរាស្ត្រចាត់ទុកជាអ្វី?
Response: 239 ||186 ||247 ||035 ||104 ||124 ||304 ||2000 ||150 ||1000 ||1,000 ||1,88 ||1,95 ||1,95 ||1,95 ||1,95 ||1,95 ||1,95 ||1,95 || 1,95 ||1,95 ||1,95 ||1,95 ||1,95 ||1,95 ||1,95 ||1,95 ||1,95 ||1,95 ||1,95 ||1,95 ||1,95 ||1,95 ||1,95 ||1,95 ||1,95 ||1,95 ||1,95 ||1,95 ||1,95 ||1,95 ||1,95 ||1,95 ||1,95 ||1,95 ||1,95 ||1,95 ||1,95 ||1,95 ||1,95 ||1,95 ||1,95 ||1,95 ||1,95 ||1,95 ||1,95 ||1,95 ||1,95 ||1,95 ||1,95 ||1,95 ||1,95 ||1,95 ||1,95 ||1,95 ||1,95 ||1,95 ||1,95 ||1,95 ||1,95 ||1,95 ||1,95 ||1,95 ||1,95 ||1,95 ||1,95 ||1,95 ||1,95 ||1,95 ||1,95 ||1,95 ||1,95 ||1,95 ||1,95 ||1,95 ||1,95 ||1,95 ||1,95 ||1,95 ||1,95 ||1,95 ||1,95 ||1,95 ||1,95 ||1,95 ||1,95 ||1,95 ||1,95 ||1,95 ||1,95 ||1,95 ||1,95 ||1,95 ||1,95 ||1,95 ||1,95 ||1,95 ||1,95 ||1,95 ||1,95 ||1,95 ||1,95 ||1,95 ||1,95 ||1,95 ||1,95 ||1,95 ||1,95 ||1,95 ||1,95 ||1,95 ||1,95 ||1,95 ||1,95 ||1,95 ||1,95 ||1,95 ||1,95 ||1,95 ||1,95 ||1,95 ||1,95 ||1,95 ||1,95 ||1,95 ||1,95 ||1,95 ||1,95 ||1,95 ||1,95 ||1,95 ||1,95 ||1,95 ||1,95 ||1,95 ||1,95 ||1,95 ||1,95 ||1,95 ||1,95 ||1,95 ||1,95 ||1,95 ||1,95 ||1,95 ||1,95 ||1,95 ||1,95 ||1,95 ||1,95 ||1,95 ||1,95 ||1,95 ||1,95 ||1,95 ||1,95 ||1,95 ||1,95 ||1,95 ||1,95 ||1,95 ||1,95 ||1,95 ||1,95 ||1,95 ||1,95 ||1,95 ||1,95 ||1,95 ||1,95 ||1,95 ||1,95 ||1,95 ||1,95 ||1,95 ||1,95 ||1,95 ||1,95 ||1,95 ||1,95 ||1,95 ||1,95 ||1,95 ||1,95 ||1,95 ||1,95 ||1,95 ||1,95 ||1,95 ||1,95 ||1,95 ||1,95 ||1,95 ||1,95 ||1,95 ||1,95 ||1,95 ||1,95 ||1,95 ||1,95 ||1,95 ||1,95 ||1,95 ||1,95 ||1,95 ||1,95 ||1,95 ||1,95 ||1,95 ||1,95 ||1,95 ||1,95 ||1,95 ||3|||1,95 ||1,9 || ||ប្រសិនបើគ្មានការកំណត់| |,9 ||ការណាណា |,9 || | | ណី (ជាភាសាខ្មែរន្រា/1 ||1,9 ||1,9 ||1 ||ដោយ: 9 ||1,9 ||1,9 ||1,9 ||1,9 ||2 ||2 ||1,9 ||1,9 ||1,9 ||1 ||1,9 ||1 ||2.9 ||2,9 ||1,9 ||1,9 ||1,9 ||1,9 ||2 ||1,9 ||1,9 ||1,9 ||1,9 ||1,9 ||1,9 ||1,9 ||1,9 ||1 ||1,9 ||1,9 ||1,9 ||1,9 ||1 ||សម្រាប់ក្រុមហ៊ុន
============================================================

--- Q&A Pair #13 ---
Question: តើអាណាចក្រភ្នំឬហ្វូណនទទួលបានឥទ្ធិពលវប្បធម៌និងសាសនាពីប្រទេសណាជាចម្បង?
Response: 231 || 292 || 184 || 357 || 196 || 43.0 || 54.00 || 630 || 850 || 720 || 127 || 10,1088
============================================================

--- Q&A Pair #14 ---
Question: តើនៅក្នុងសតវត្សទី៨ អាណាចក្រចេនឡាបានបែកបាក់ជាប៉ុន្មានផ្នែក?
Response: 23-មករា-2017 1:28 pm <plient(s) / '>
============================================================

--- Q&A Pair #15 ---
Question: តើព្រះមហាក្សត្រអង្គណាដែលបានប្រកាសឯករាជ្យនិងបង្កើតលទ្ធិទេវរាជនៅលើភ្នំគូលែនក្នុងឆ្នាំ៨០២?
Response: 239 || 1352 || 218 || 190 || 2000 || 320 || 474 || 764 || 610 || 550 || 930 || 80 || 1012 || 1588
============================================================

--- Q&A Pair #16 ---
Question: តើប្រាសាទអង្គរវត្តត្រូវបានកសាងឡើងនៅក្នុងរជ្ជកាលព្រះមហាក្សត្រអង្គណា?
Response: 239 || 1342 || 2186 || 1970 || 3522 || 2000 || 450 || 620 || 530 || 788 || 810 || 9,097 || 23.12 || 12.18 || 1080 || 11.18 || 15.18 || 1.16 || 1.16 || 1.16 || 1.16 || 1.16 || 1.16 || 1.16 || 1.16 || 1.16 || 1.16 || 1.16 || 1.16 || 1.16 || 1.16 || 1.16 || 1.16 || 1.16 || 1.16 || 1.16 || 1.16 || 1.16 || 1.16 || 1.16 || 1.16 || 1.16 || 1.16 || 1.16 || 1.16 || 1.16 || 1.16 || 1.16 || 1.16 || 1.16 || 1.16 || 1.16 || 1.16 || 1.16 || 1.16 || 1.16 || 1.16 || 1.16 || 1.16 || 1.16 || 1.16 || 1.16 || 1.16 || 1.16 || 1.16 || 1.16 || 1.16 || 1.16 || 1.16 || 1.16 || 1.16 || 1.16 || 1.16 || 1.16 || 1.16 || 1.16 || 1.16 || 1.16 || 1.16 || 1.16 || 1.16 || 1.16 || 1.16 || 1.16 || 1.16 || 1.16 || 1.16 || 1.16 || 1.16 || 1.16 || 1.16 || 1.16 || 1.16 || 1.16 || 1.16 || 1.16 || 1.16 || 1.16 || 1.16 || 1.16 || 1.16 || 1.16 || 1.16 || 1.16 || 1.16 || 1.16 || 1.16 || 1.16 || 1.16 || 1.16 || 1.16 || 1.16 || 1.16 || 1.16 || 1.16 || 1.16 || 1.16 || 1.16 || 1.16 || 1.16 || 1.16 || 1.16 || 1.16 || 1.16 || 1.16 || 1.16 || 1.16 || 1.16 || 1.16 || 1.16 || 1.16 || 1.16 || 1.16 || 1.16 || 1.16 || 1.16 || 1.16 || 1.16 || 1.16 || 1.16 || 1.16 || 1.16 || 1.16 || 1.16 || 1.16 || 1.16 || 1.16 || 1.16 || 1.16 || 1.16 || 1.16 || 1.16 || 1.16 || 1.16 || 1.16 || 1.16 || 1.16 || 1.16 || 1.16 || 1.16 || 1.16 || 1.16 || 1.16 || 1.16 || 1.16 || 1.16 || 1.16 || 1.16 || 1.16 || 1.16 || 1.16 || 1.16 || 1.16 || 1.16 || 1.16 || 1.16 || 1.16 || 1.16 || 1.16 || 1.16 || 1.16 || 1.16 || 1.16 || 1.16 || 1.16 || 1.16 || 1.16 || 1.16 || 1.16 || 1.16 || 1.16 || 1.16 || 1.16 || 1.16 || 1.16 || 1.16 || 1.16 || 1.16 || 1.16 || 1.16 || 1.16 || 1.16 || 1.16 || 1.16 || 1.17 || 1.18 || 1.11 || 1.17 || 1.18 || 1.17 || 1.11 || 1.18||| 1.18 || 1.11 || 1.18 || 1.13 || 1.11 || 1.14 || 1.13 || 1.11 || 1.1 0|
============================================================

--- Q&A Pair #17 ---
Question: តើព្រះបាទជ័យវរ្ម័នទី៧ បានកសាងសមិទ្ធផលសង្គមសំខាន់ៗអ្វីខ្លះសម្រាប់ប្រជារាស្ត្ររបស់ព្រះអង្គ?
Response: 23 || 149 || 258 || 376 || 432 || 618 || 512 || 70 || 810 || 91 || 1088 || 1120 || 1530
============================================================

--- Q&A Pair #18 ---
Question: តើព្រះមហាក្សត្រអង្គណាដែលបានសម្រេចព្រះទ័យបោះបង់ចោលរាជធានីអង្គរ ហើយមកកសាងរាជធានីថ្មីនៅចតុមុខ?
Response: 239 || 017 888 334
============================================================

--- Q&A Pair #19 ---
Question: តើបន្ទាយលង្វែកត្រូវបានកសាងឡើងដោយមានរចនាសម្ព័ន្ធការពារបែបណាដើម្បីទប់ទល់នឹងសត្រូវ?
Response: 239 || 234 || 185 || 226 || 193 || 371 || 200 || 450 || 73 || 500 || 630 || 86 || 98 || 1020 || 1188
============================================================

--- Q&A Pair #20 ---
Question: តើអតីតរាជធានីឧដុង្គមានទីតាំងស្ថិតនៅក្នុងខេត្តណា?
Response: admin 2317 || 012 808 169, អីម៉ែល [email protected] ព័ត៌មានពេញនិយម - ព័ត៌មានជាតិ2 ថ្ងៃ ago ម្ចាស់សំណង់របងថ្មនៅរមណីយដ្ឋានឆ្នេរនេសាទ នៅតែរឹងទទឹងមិនព្រមវាយកម្ទេចរបងចេញ - សេដ្ឋកិច្ច១ សប្តាហ៍ ago តាសក់ផ្អែម ៥ តោន របស់ កសិករម្នាក់ លក់បានតម្លៃល្អ ! USAID ព្រមានថា «អ្នកចង់ចោលគ្រាប់បាល់ចាប៉ីដងវែង» នឹងទៅជំនួសតំណែងជាប្រធានសហព័ន្ធបាល់ទាត់អាស៊ាន បើសិនចាប់ឆ្នោតប៉ះគ្នា 3 days ago សម្តេចតេជោ ហ៊ុន សែន អញ្ជើញគោរពវិញ្ញាណក្ខន្ធសពលោកតាឧបាសក ឌី បូ ត្រូវជាឪពុកមារបស់សម្តេច នៅគេហដ្ឋាន 4 weeks មុន វីដេអូព័ត៌មានជាតិ ក្រសួងសុខាភិបាល៖ ថ្ងៃនេះកម្ពុជាគ្មានករណីឆ្លងជំងឺកូវីដ១៩នោះទេ ខណៈជាសះស្បើយក៏មិនមែនដែរ 5 months កន្លងទៅ 7 ខែនេះ កម្ពុជា រកឃើញវីរុសកូវីដ-១៩បំប្លែងខ្លួនថ្មីប្រភេទដែលរកឃើញលើកដំបូងនៅលើពិភពលោក 15 months កន្លងទៅ 2 ខែនេះ កម្ពុជា រកឃើញវីរុសកូវីដ- ១៩ ប្រភេទ ដែលមានការរាតត្បាតខ្លាំងជាងគេ ក្នុងប្រទេសកម្ពុជា និងប្រទេសផ្សេងទៀត 12 months កន្លងទៅ 2043 views
============================================================

--- Q&A Pair #21 ---
Question: តើប្រទេសកម្ពុជាបានធ្លាក់ក្រោមរបបអាណាព្យាបាលបារាំងជាផ្លូវការតាមរយៈការចុះសន្ធិសញ្ញានៅឆ្នាំណា?
Response: 239 ||167 ||340 ||285 ||1288 ||308 ||109 ||2000 ||150 ||1000 ||1,22,000 ||1,500 ||1,700 ||1,700 ||1,700 || 1,700 ||1,700 ||1,700 ||1,700 ||1,700 ||1,700 ||1,700 ||1,700 ||1,700 ||1,700 ||1,700 ||1,700 ||1,700 ||1,700 ||1,700 ||1,700 ||1,700 ||1,700 ||1,700 ||1,700 ||1,700 ||1,700 ||1,700 ||1,700 ||1,700 ||1,700 ||1,700 ||1,700 ||1,700 ||1,700 ||1,700 ||1,700 ||1,700 ||1,700 ||1,700 ||1,700 ||1,700 ||1,700 ||1,700 ||1,700 ||1,700 ||1,700 ||1,700 ||1,700 ||1,700 ||1,700 ||1,700 ||1,700 ||1,700 ||1,700 ||1,700 ||1,700 ||1,700 ||1,700 ||1,700 ||1,700 ||1,700 ||1,700 ||1,700 ||1,700 ||1,700 ||1,700 ||1,700
============================================================

--- Q&A Pair #22 ---
Question: តើព្រះរាជបូជនីយកិច្ចទាមទារឯករាជ្យពីប្រទេសបារាំងទទួលបានជោគជ័យជាស្ថាពរដឹកនាំដោយព្រះមហាក្សត្រអង្គណា?
Response: admin_kt Jan 21, 2017 || © រក្សាសិទ្ធិគ្រប់យ៉ាងដោយ CAMDONEWS.COM
============================================================

--- Q&A Pair #23 ---
Question: តើព្រះមហាក្សត្រអង្គណាដែលបានឡើងគ្រងរាជ្យបន្តពីព្រះបាទនរោត្តម សីហនុ នៅឆ្នាំ១៩៥៥?
Response: 239 ||140 ||127 ||328 ||530 ||600 ||1050 ||2022 ||188 ||174 ||141 ||188 ||188 ||181 ||188 ||188 ||188 ||188 ||188 ||188 ||188 ||188 ||188 ||188 ||188 ||188 ||188 ||188 ||188 ||188 ||188 ||188 ||188 ||188 ||188 ||188 ||188 ||188 ||188 ||188 ||188 ||188 ||188 ||188 ||188 ||188 ||188 ||188 ||188 ||188 ||188 ||188 ||188 ||188 ||188 ||188 ||188 ||188 ||188 ||188 ||188 ||188 ||188 ||188 ||188 ||188 ||188 ||188 ||188 ||188 ||188 ||188 ||188 ||188 ||188 ||188 ||188 ||188 ||188 ||188 ||188 ||188 ||188 ||188 ||188 ||188 ||188 ||188 ||188 ||188 ||188 ||188 ||188 ||188 ||188 ||188 ||188 ||188 ||188 ||188 ||188 ||188 ||188 ||188 ||188 ||188 ||188 ||188 ||188 ||188 ||188 ||188 ||188 ||188 ||188 ||188 ||188 ||188 ||188 ||188 ||188 ||188 ||188 ||188 ||188 ||188 ||188 ||188 ||188 ||188 ||188 ||188 ||188 ||188 ||188 ||188 ||188 ||188 ||188 ||188 ||188 ||188 ||188 ||188 ||188 ||188 ||188 ||188 ||188 ||188 ||188 ||188 ||188 ||188 ||188 ||188 ||188 ||188 ||188 ||188 ||188 ||188 ||188 ||188 ||188 ||188 ||188 ||188 ||188 ||188 ||188 ||188 ||188 ||188 ||188 ||188 ||188 ||188 ||188 ||188 ||188 ||188 ||188 ||188 ||188 ||188 ||188 ||188 ||188 ||188 ||188 ||188 ||188 ||188 ||188 ||188 ||188 ||188 ||188 ||188 ||188 ||188 ||188 ||188 ||188 ||188 ||188 ||188 ||188 ||188 ||188 ||188 ||188 ||188 ||188 ||188 ||188 ||188 ||188 ||188 ||188 ||188 ||188 ||188 ||188 ||188 ||188 ||188 ||188 ||188 ||188 ||188 ||188 ||188 ||188 ||188 ||188 ||188 ||188 ||188 ||188 ||188 ||188 ||188 ||188 ||188 ||188 ||188 ||188 ||188 ||188 ||188 ||188 ||188 ||188 ||188 ||188 ||188 ||188 ||188 ||188 ||188 ||188 ||188 ||188 ||188 ||188 ||188 ||188 ||188 ||188 ||188 ||188 ||188 ||188 ||188 ||188 ||188 ||188 ||188 ||188 ||188 ||188 ||188 ||188 ||188 ||188 ||188 ||188 ||188 ||188 ||188 ||188 ||188 ||188 ||188 ||188 ||188 ||188 ||188 ||188 ||188 ||188 ||188 ||188 ||188 ||188 ||188 ||188 ||188 ||188 ||188 ||188 ||188 ||188 ||188 ||188 ||188 ||188 ||188 ||188 ||188 ||188 ||188 ||188 ||188 ||188 ||188 ||188 ||188 ||188 ||188 ||188 ||188 ||188 ||188 ||188 ||188 ||188 ||188 ||188 ||188 ||188 ||1 ||188 ||188 ||188 ||188 ||188 ||188 ||188 ||188 ||188 ||188 ||188 ||188 ||188 ||188 ||188 ||188||Em 188 ||188|188 ||188 ||188 ||188 ||188 ||188 ||188 ||188|
============================================================

--- Q&A Pair #24 ---
Question: តើភ្នំព្រះរាជទ្រព្យ ឬភ្នំឧដុង្គ ជាទីតាំងប្រវត្តិសាស្ត្រដែលត្រូវបានគេស្គាល់ថាតម្កល់នូវអ្វីខ្លះ?
Response: ភ្នំព្រះរាជទ្រព្យ || ភ្នំបូកគោ || ភ្នំបូកគោ || ភ្នំបូកគោ || ភ្នំបូកគោ || ភ្នំបូកគោ || ភ្នំបូកគោ || ភ្នំបូកគោ || ភ្នំបូកគោ || ភ្នំនាងកង្រី || ភ្នំបូកគោ || ភ្នំបូកគោ || ភ្នំបូកគោ || ភ្នំបូកគោ || ភ្នំបូកគោ || ភ្នំបូកគោ || ភ្នំបូកគោ || ភ្នំបូកគោ || ភ្នំបូកគោ || ភ្នំបូកគោ || ភ្នំបូកគោ || ភ្នំបូកគោករាក់ || ភ្នំបូកគោ || ភ្នំបូកគោ || ភ្នំបូកគោ || ភ្នំបូកគោ || ភ្នំបូកគោ || ភ្នំបូកគោ || ភ្នំបូកគោ || ភ្នំបូកគោ || ភ្នំបូកគោ || ភ្នំបូកគោ || ភ្នំបូកគោ || ភ្នំបូកគោ || ភ្នំបូកគោ || ភ្នំបូកគោ || ភ្នំបូកគោ || ភ្នំបូកគោ || ភ្នំបូកគោ || ភ្នំបូកគោ || ភ្នំបូកគោ || ភ្នំបូកគោ || ភ្នំបូកគោ || ភ្នំបូកគោ || ភ្នំបូកគោ || ភ្នំបូកគោ || ភ្នំបូកគោ || ភ្នំបូកគោ || ភ្នំបូកគោ || ភ្នំបូកគោ || ភ្នំបូកគោ || ភ្នំបូកគោ || ភ្នំបូកគោ || ភ្នំបូកគោ || ភ្នំបូកគោ || ភ្នំបូកគោ || ភ្នំបូកគោ || ភ្នំបូកគោ || ភ្នំបូកគោ || ភ្នំបូកគោ || ភ្នំបូកគោ || ភ្នំបូកគោ || ភ្នំបូកគោ || ភ្នំបូកគោ || ភ្នំបូកគោ || ភ្នំបូកគោ || ភ្នំបូកគោ || ភ្នំបូកគោ || ភ្នំបូកគោ || ភ្នំបូកគោ || ភ្នំបូកគោ || ភ្នំបូកគោ || ភ្នំបូកគោ || ភ្នំបូកគោ || ភ្នំបូកគោ || ភ្នំបូកគោ || ភ្នំបូកគោ || ភ្នំបូកគោ || ភ្នំបូកគោ || ភ្នំបូកគោ || ភ្នំបូកគោ || ភ្នំបូកគោ || ភ្នំបូកគោ || ភ្នំបូកគោ || ភ្នំបូកគោ || ភ្នំបូកគោ || ភ្នំបូកគោ || ភ្នំបូកគោ || ភ្នំបូកគោ || ភ្នំបូកគោ || ភ្នំបូកគោ || ភ្នំបូកគោ || ភ្នំបូកគោ || ភ្នំបូកគោ || ភ្នំបូកគោ || ភ្នំបូកគោ || ភ្នំបូកគោ || ភ្នំបូកគោ || ភ្នំបូកគោ || ភ្នំបូកគោ || ភ្នំបូកគោ || ភ្នំបូកគោ || ភ្នំបូកគោ || ភ្នំបូកគោ || ភ្នំបូកគោ || ភ្នំបូកគោ || ភ្នំបូកគោ || ភ្នំបូកគោ || ភ្នំបូកគោ || ភ្នំបូកគោ || ភ្នំបូកគោ || ភ្នំបូកគោ || ភ្នំបូកគោ || ភ្នំបូកគោ || ភ្នំបូកគោ || ភ្នំបូកគោ || ភ្នំបូកគោ || ភ្នំបូកគោ || ភ្នំបូកគោ || ភ្នំបូកគោ || ភ្នំបូកគោ || ភ្នំបូកគោ || ភ្នំបូកគោ || ភ្នំបូកគោ || ភ្នំបូកគោ || ភ្នំបូកគោ || ភ្នំបូកគោ || ភ្នំបូកគោ || ភ្នំបូកគោ || ភ្នំបូកគោ || ភ្នំបូកគោ || ភ្នំបូកគោ || ភ្នំបូកគោ || ភ្នំបូកគោ || ភ្នំបូកគោ || ភ្នំបូកគោ || ភ្នំបូកគោ || ភ្នំបូកគោ || ភ្នំបូកគោ || ភ្នំបូកគោ || ភ្នំបូកគោ || ភ្នំបូកគោ || ភ្នំបូកគោ || ភ្នំបូកគោ || ភ្នំបូកគោ || ភ្នំបូកគោ || ភ្នំបូកគោ || ភ្នំបូកគោ || ភ្នំបូកគោ || ភ្នំបូកគោ || ភ្នំបូកគោ || ភ្នំបូកគោ || ភ្នំបូកគោ || ភ្នំបូកគោ || ភ្នំបូកគោ || ភ្នំបូកគោ || ភ្នំបូកគោ || ភ្នំបូកគោ || ភ្នំបូកគោ || ភ្នំបូកគោ || ភ្នំបូកគោ || ភ្នំបូកគោ || ភ្នំបូកគោ || ភ្នំបូកគោ || ភ្នំបូកគោ || ភ្នំបូកគោ || ភ្នំបូកគោ || ភ្នំបូកគោ || ភ្នំបូកគោ || ភ្នំបូកគោ || ភ្នំបូកគោ || ភ្នំបូកគោ || ភ្នំបូកគោ || ភ្នំបូកគោ || ភ្នំបូកគោ || ភ្នំបូកគោ || ភ្នំបូកគោ || ភ្នំបូកគោ || ភ្នំបូកគោ || ភ្នំបូកគោ || ភ្នំបូកគោ || ភ្នំបូកគោ || ភ្នំបូកគោ
============================================================

--- Q&A Pair #25 ---
Question: តើប្រាសាទធំនៅតំបន់កោះកេរមានលក្ខណៈស្ថាបត្យកម្មពិសេសខុសប្លែកពីប្រាសាទដទៃយ៉ាងដូចម្តេច?
Response: 23-Jan-2017 8:42 am សិល្បៈនៃការរស់នៅប្រចាំថ្ងៃរបស់មនុស្សម្នាក់ៗមានលក្ខណៈខុសៗគ្នាទៅតាមប្រភេទនៃវប្បធម៌ផ្សេងៗគ្នា។ យ៉ាងណាមិញ បើយើងក្រឡេកមើលពីភាពជោគជ័យវិញ យើងនឹងឃើញថាយុវវ័យមួយចំនួនបាន... តើគួរធ្វើយ៉ាងណាដើម្បីទទួលបាននូវគំនិតថ្មីៗក្នុងនាមជាសហគ្រិន? 21-May-2016 1:58 pm តើអ្នកធ្លាប់ឆ្ងល់ទេថា ហេតុអ្វីបានជាគេតែងតែនិយាយថា ការធ្វើអាជីវកម្មគឺជាជម្រើសដ៏ល្អបំផុតសម្រាប់មនុស្សគ្រប់គ្នានៅក្នុងជីវិត។ ប៉ុន្តែអ្នកប្រហែលជាមិនដឹងនោះទេ ថាហេតុអ្វីពួកគេអាចរកចំណូលបានយ៉ាងច្រើនសន្ធឹកសន្ធាប់ទៅថ្ងៃមុខទៀតនោះទេ។ ខាងក្រោមនេះ ជាគន្លឹះសំខាន់ៗដែលអ្នកត្រូវអនុវត្តក្នុងការចាប់ផ្តើមរកស៊ី៖ ១) ត្រូវចេះសន្សំប្រាក់ទុកចោល និងរៀបចំផែនការហិរញ្ញវត្ថុឲ្យបានត្រឹមត្រូវ ២) ជៀសវាងការខ្ជះខ្ជាយលុយដែលនាំឲ្យខាតបង់ពេលវេលា ឬលុយកាក់ជាដើម ៣) កុំចំណាយទៅលើរបស់របរប្រើប្រាស់ផ្ទាល់ខ្លួន ៤) ចេះគ្រប់គ្រងបំណុលរបស់អ្នកដោយប្រើដើមទុនតិច ៥) មិនត្រូវធ្វើការវិនិយោគលើធនាគារឬមីក្រូហិរញ្ញវត្ថុ ៦) ធ្វើកិច្ចការផ្ទះសម្បែងឱ្យបានល្អ ៧) រៀបចំគម្រោងលំនៅដ្ឋានឲ្យមានសណ្តាប់ធ្នាប់ ៨) រៀនសូត្រពីបទពិសោធន៍ការងារ ៩) មានចំណេះដឹងផ្នែកហិរញ្ញវត្ថុនិងអចលនទ្រព្យ ១០) អ្នកជំនាញខាងវិស័យអចលទ្រព្យគួរតែដឹងពីចំណុចសំខាន់ទាំង៥យ៉ាងនេះសិន មុនសម្រេចចិត្តទិញដីឡូត៍ណាមួយ ៖ ១. បង្កើតគណនីធនាគារជាមួយធនាគារ (Perfect Bank) ដើម្បីស្នើសុំឥណទានគេហដ្ឋានដំបូង ៖ អ្នកអាចបង្កើតគណនីធនាគារមួយដោយខ្លួនឯងផ្ទាល់ ហើយអ្នកអាចដាក់ពាក្យសុំឥណទានដោយផ្ទាល់តាមរយៈកម្មវិធី PRESSION COBAY LTD ។ សម្រាប់ព័ត៌មានលម្អិត សូមទាក់ទងទៅកាន់លេខទូរស័ព្ទ 093 90 66 77 / 012 588 400 3000៕
============================================================

--- Q&A Pair #26 ---
Question: តើអក្សរសិល្ប៍រឿងរាមកេរ្តិ៍ខ្មែរ មានប្រភពដើមចេញពីវីរកថាឥណ្ឌាដែលមានឈ្មោះអ្វី?
Response: kampuchea Krom Penh at the Phnom Sun, 28 March 2017 || 01:45 pm Back to top button with Cambodians and supported clicking on his real money.
============================================================

--- Q&A Pair #27 ---
Question: តើប្រាសាទនាគព័ន្ធដែលកសាងដោយព្រះបាទជ័យវរ្ម័នទី៧ តំណាងឱ្យអ្វីនៅក្នុងជំនឿសាសនាសម័យនោះ?
Response: 231 || 132 || 196 || 254 || 207 || 389 || 408 || 610 || 750 || 500 || 820 || 930 || 10,12 || 11.9K មើលវីដេអូផ្សេងទៀត ព័ត៌មានថ្មីៗពី MetaTrader News ឥឡូវនេះ ផ្សាយឡើងវិញរៀងរាល់ថ្ងៃច័ន្ទទី ២១ ខែ មេសា ឆ្នាំ ២០២០ ម៉ោង ១៥:៥២ ការពិតគួរឱ្យចាប់អារម្មណ៍អំពីរឿងរ៉ាវរបស់ក្មេងស្រីម្នាក់ដែលធ្វើឱ្យនាងមានមោទនភាព។ នាងបានជួបជាមួយឪពុករបស់នាងនៅអាយុ ១៦ឆ្នាំហើយបន្ទាប់មកពួកគេទាំងពីរនាក់ក៏ចាប់ផ្តើមទំនាក់ទំនងស្នេហាដំបូងរបស់ពួកគេផងដែរ។ នៅពេលនោះម្តាយរបស់ក្មេងប្រុសនេះបានដឹងថានាងកំពុងព្យាយាមស្វែងរកការផ្សះផ្សារវាងគ្នានិងគ្នាទៅវិញទៅមកដើម្បីឱ្យគាត់អាចក្លាយជាមិត្តល្អនឹងគ្នា។ ពួកគេទាំងបីនាក់គឺពិតជាអស្ចារ្យណាស់! ក្មេងជំទង់ដ៏ស្រស់ស្អាតនេះគឺជាអ្នកនិពន្ធនិងជាអ្នកបង្កើតសៀវភៅកំប្លែងដ៏អស្ចារ្យបំផុតមួយនៅក្នុងពិភពលោក។ ហើយវាជាការល្អបំផុតក្នុងការមើលភាពយន្តនេះ។ រឿងកុមារភាព Adam Lancaster របស់យើងបូករួមទាំងជីវប្រវត្តិការពិតនាំមកជូនលោកអ្នកនូវកំណត់ហេតុពេញលេញនៃព្រឹត្ដិការណ៍ដែលគួរអោយរំភើបចិត្ត។ នៅឆ្នាំនេះយើងបានចងក្រងបញ្ជីរូបថតនៃខ្សែភាពយន្តចំនួន ៦ ដែលត្រូវជ្រើសរើសសម្រាប់រដូវកាលថ្មី 2021-2023 ។ សូមពិនិត្យមើលវីដេអូចម្រៀងនីមួយៗដែលអ្នកចូលចិត្ត៖ ------------------------------->
============================================================

--- Q&A Pair #28 ---
Question: តើសន្ធិសញ្ញាបារាំង-សៀម ឆ្នាំ១៩០៧ បានផ្តល់លទ្ធផលប្រវត្តិសាស្ត្រអ្វីខ្លះដល់ទឹកដីប្រទេសកម្ពុជា?
Response: 231 || 88 || អាស៊ាន-ថៃ ឆ្នាំ១៩០៧៖ កម្ពុជា និងសៀម បានឯកភាពគ្នាថា នឹងបន្តកិច្ចចរចាជាមួយគ្នានៅទីក្រុងបាងកក ប្រទេសថៃ។ ការសម្រេចរបស់តុលាការយុត្តិធម៌អន្តរជាតិក្រុងឡាអេឆ្នាំ១៩៦១ ដែលនាំឲ្យកម្ពុជាមានសិទ្ធិសេរីភាពពេញលេញក្នុងការបញ្ចេញមតិ និងការជួបជុំគ្នា។ || 229 || សន្ធិសញ្ញាបារាំង-សៀម ឆ្នាំ១៩៥៣ ត្រូវបានចុះហត្ថលេខារវាងប្រទេសទាំងពីរនៅថ្ងៃទី២៩ ខែវិច្ឆិកា ឆ្នាំ២០១២ ដោយលោក ហោ ណាំហុង រដ្ឋមន្ត្រីក្រសួងការបរទេសកម្ពុជា។ លោក ហោ ណាំហុង បានថ្លែងប្រាប់អ្នកកាសែតថា៖ «ខ្ញុំសូមជម្រាបជូនឯកឧត្តម សម រង្ស៊ី ថា ខ្ញុំបានយល់ព្រមជាឯកច្ឆ័ន្ទ ដើម្បីចូលរួមកិច្ចប្រជុំកំពូលអាស៊ាន នៅឆ្នាំ២០០៨ ហើយខ្ញុំបានបញ្ជាក់អំពីជំហររបស់ខ្ញុំក្នុងនាមជារដ្ឋមន្ត្រីការបរទេសនៃប្រទេសយើងទាំងពីរ»។ || 134 || សន្ធិសញ្ញាព្រំដែនសមុទ្ររវាងប្រទេសកម្ពុជា និងវៀតណាម ឆ្នាំ១៩៥០ មានលក្ខណៈមិនច្បាស់លាស់ - ប្រវត្តិការកំណត់ខ្សែបន្ទាត់ព្រំដែនរវាងព្រះរាជាណាចក្រកម្ពុជា ជាមួយប្រទេសជិតខាង គឺខេត្តត្បូងឃ្មុំ ខេត្តកំពង់ចាម ខេត្តព្រៃវែង និងខេត្តកំពង់ឆ្នាំង។ តុលាការខ្មែរក្រហមដែលគ្រប់គ្រងតំបន់នេះ ត្រូវគេរំពឹងថានឹងកាត់ទោសប្រហារជីវិតដល់ប្រជាពលរដ្ឋកម្ពុជានៅក្នុងអំឡុងទសវត្សរ៍ ១៩៦០ ដល់ដើមខែមករា ឆ្នាំ១៩៧៩។ || 155 || សន្ធិសញ្ញាកំណត់ព្រំដែនរដ្ឋរវាងកម្ពុជានិងវៀតណាម ឆ្នាំ១៩៨៤ ជាផែនទីផ្លូវការមួយត្រូវបានអនុម័តដោយក្រុមប្រឹក្សាធម្មនុញ្ញនៃអង្គការសហប្រជាជាតិ (អ.ស.ប) ដែលមានសមាជិកចំនួន ៦រូប។ ក្រុមប្រឹក្សានេះត្រូវបង្កើតឡើងដើម្បីតាក់តែងច្បាប់ស្ដីពីការបង្កើតអង្គការពាណិជ្ជកម្មពិភពលោក ឬហៅថាសេដ្ឋកិច្ចពិភពលោក។ || 56 || សន្ធិសញ្ញាកំណត់ព្រំដែនរដ្ឋ រវាងកម្ពុជា និង វៀតណាម ឆ្នាំ១៩៨៤ គឺជាសន្ធិសញ្ញាបំពេញបន្ថែមឆ្នាំ២០០៥ នៃអនុសញ្ញាទោលស្តីពីដែនទឹកប្រចាំអាស៊ីបូព៌ា។ យោងតាមកិច្ចព្រមព្រៀងនោះ កិច្ចព្រមព្រៀងនេះនឹងត្រូវបញ្ចប់នៅឆ្នាំក្រោយ៕
============================================================

--- Q&A Pair #29 ---
Question: តើពហុកីឡដ្ឋានជាតិអូឡាំពិក ដែលជានិមិត្តរូបនៃយុគសម័យស្ថាបត្យកម្មខ្មែរថ្មី ត្រូវបានរចនាដោយស្ថាបត្យកររូបណា?
Response: 239 || 163 || 254 || 198 || 371 || 200 || 42.12 || 70 || 500 || 650 || 820 || 930 || 10,10 || 11,10 || 12,10 || 88 || 15,10 || 1,10 || 0 (cookie) || 1,18 || 100 || 1,18 || 24,10 || 1,18 || 1,18 || 2,18 || 1,18 || 1,18 || 1,18 || 2,18 || 1,18 || 1,18 || 1,18 || 1,18 || 1,18 || 1,18 || 1,18 || 1,18 || 1,18 || 1,18 || 1,18 || 1,18 || 1,18 || 1,18 || 1,18 || 1,18 || 1,18 || 1,18 || 1,18 || 1,18 || 1,18 || 1,18 || 1,18 || 1,18 || 1,18 || 1,18 || 1,18 || 1,18 || 1,18 || 1,18 || 1,18 || 1,18 || 1,18 || 1,18 || 1,18 || 1,18 || 1,18 || 1,18 || 1,18 || 1,18 || 1,18 || 1,18 || 1,18 || 1,18 || 1,18 || 1,18 || 1,18 || 1,18 || 1,18 || 1,18 || 1,18 || 1,18 || 1,18 || 1,18 || 1,18 || 1,18 || 1,18 || 1,18 || 1,18 || 1,18 || 1,18 || 1,18 || 1,18 || 1,18 || 1,18 || 1,18 || 1,18 || 1,18 || 1,18 || 1,18 || 1,18 || 1,18 || 1,18 || 1,18 || 1,18 || 1,18 || 1,18 || 1,18 || 1,18 || 1,18 || 1,18 || 1,18 || 1,18 || 1,18 || 1,18 || 1,18 || 1,18 || 1,18 || 1,18 || 1,18 || 1,18 || 1,18 || 1,18 || 1,18 || 1,18 || 1,18 || 1,18 || 1,18 || 1,18 || 1,18 || 1,18 || 1,18 || 1,18 || 1,18 || 1,18 || 1,18 || 1,18 || 1,18 || 1,18 || 1,18 || 1,18 || 1,18 || 1,18 || 1,18 || 1,18 || 1,18 || 1,18 || 1,18 || 1,18 || 1,18 || 1,18 || 1,18 || 1,18 || 1,18 || 1,18 || 1,18 || 1,18 || 1,18 || 1,18 || 1,18 || 1,18 || 1,18 || 1,18 || 1,18 || 1,18 || 1,18 || 1,18 || 1,18 || 1,18 || 1,18 || 1,18 || 1,18 || 1,18 || 1,18 || 1,18 || 1,18 || 1,18 || 1,18 || 1,18 || 1,18 || 1,18 || 1,18 || 1,18 || 1,18 || 1,18 || 1,18 || 1,18 || 1,18 || 1,18 || 1,18 || 1,18 || 1,18 || 1,18 || 1,18 || 1,18 || 1,18 || 1,18 || 1,18 || 1,18 || 1,18 || 1,18 || 1,18 || 1,18 || 1,18 || 1,18 || 1,18 || 1,18 || 1,19 || 1,18 || 1,18 || 1,18 || 1,18 || 1,18 || 1,19 || 1,18 || 1,19 || 1,19 || 1,18 || 1,19 || 1,19 || 1,18 || 1,18 || 1,19 || 1,19 || 1,18 || 1,18 || 1,11 || 1,18 || 1,1||1,18 || 1,1 || 1,1 || 13 || 1,1 || 1,1 || 1,1 || 1,1 || 1,1 || 1,1 || 1,1 || 1,1,1 || 1,1 || 1,1 || 1,1 || 1,1,1 || 1,1 || 1,1 || 1,1 || 1,1,1 || 1,1 || 1,1 || 1,1 || 1,1 || 1,1,1 || |
============================================================

--- Q&A Pair #30 ---
Question: តើរបបសង្គមរាស្ត្រនិយមដែលដឹកនាំដោយសម្តេចព្រះនរោត្តម សីហនុ បានចាប់ផ្តើមនៅឆ្នាំណា?
Response: 239 ||143 ||127 ||286 ||105 ||043 ||304 ||204 ||008 ||501 ||225 ||288 ||118 ||148 ||192 ||119 ||293 ||191 ||193 ||194 ||193 ||194 ||194 ||194 ||195 ||194 ||194 ||195 ||194 ||194 ||194 ||194 ||194 ||194 ||194 ||194 ||194 ||194 ||194 ||194 ||194 ||194 ||194 ||194 ||194 ||194 ||194 ||194 ||194 ||194 ||194 ||194 ||194 ||194 ||194 ||194 ||194 ||194 ||194 ||194 ||194 ||194 ||194 ||194 ||194 ||194 ||194 ||194 ||194 ||194 ||194 ||194 ||194 ||194 ||194 ||194 ||194 ||194 ||194 ||194 ||194 ||194 ||194 ||194 ||194 ||194 ||194 ||194 ||194 ||194 ||194 ||194 ||194 ||194 ||194 ||194 ||194 ||194 ||194 ||194 ||194 ||194 ||194 ||194 ||194 ||194 ||194 ||194 ||194 ||194 ||194 ||194 ||194 ||194 ||194 ||194 ||194 ||194 ||194 ||194 ||194 ||194 ||194 ||194 ||194 ||194 ||194 ||194 ||194 ||194 ||194 ||194 ||194 ||194 ||194 ||194 ||194 ||194 ||194 ||194 ||194 ||194 ||194 ||194 ||194 ||194 ||194 ||194 ||194 ||194 ||194 ||194 ||194 ||194 ||194 ||194 ||194 ||194 ||194 ||194 ||194 ||194 ||194 ||194 ||194 ||194 ||194 ||194 ||194 ||194 ||194 ||194 ||194 ||194 ||194 ||194 ||194 ||194 ||194 ||194 ||194 ||194 ||194 ||194 ||194 ||194 ||194 ||194 ||194 ||194 ||194 ||194 ||194 ||194 ||194 ||194 ||194 ||194 ||194 ||194 ||194 ||194 ||194 ||194 ||194 ||194 ||194 ||194 ||194 ||194 ||194 ||194 ||194 ||194 ||194 ||194 ||194 ||194 ||194 ||194 ||194 ||194 ||194 ||194 ||194 ||194 ||194 ||194 ||194 ||194 ||194 ||194 ||194 ||194 ||194 ||194 ||194 ||194 ||194 ||194 ||194 ||194 ||194 ||194 || 145 ||194 ||194 ||194 ||195 ||194 ||194 ||194 ||195 ||194 ||194 ||194 ||194 ||145 ||195
============================================================

--- Q&A Pair #31 ---
Question: ហេតុអ្វីបានជាព្រះបាទបរមរាជាចៅពញាយ៉ាតសម្រេចព្រះទ័យបោះបង់ចោលរាជធានីអង្គរជាស្ថាពរនៅសតវត្សទី១៥?
Response: 23 || 148 © Copyright 2017 -
============================================================

--- Q&A Pair #32 ---
Question: តើប្រាសាទបន្ទាយឆ្មារ ដែលជាស្នាព្រះហស្តដ៏លេចធ្លោមួយរបស់ព្រះបាទជ័យវរ្ម័នទី៧ មានទីតាំងស្ថិតនៅក្នុងខេត្តណា?
Response: 237 || 238 || លោកបណ្ឌិត ហង់ ជួនណារ៉ុន រដ្ឋមន្ត្រីក្រសួងអប់រំ យុវជន និងកីឡា បានលើកឡើងថា ការប្រកួតកីឡាសិស្សមធ្យមសិក្សាថ្នាក់ជាតិ ២០១៩-២០២០ នឹងប្រព្រឹត្តទៅចាប់ពីថ្ងៃទី២៦ ដល់ថ្ងៃទី៣០ ខែវិច្ឆិកា ឆ្នាំ២០២០ នៅសាលសន្និសីទបាយ័ន នៃសាកលវិទ្យាល័យភូមិន្ទភ្នំពេញ។ សូមបញ្ជាក់ថា ព្រឹត្តិការណ៍នេះ មានប្រតិភូ គ្រូបង្វឹក កីឡាករ កីឡាការិនីសរុបចំនួន ២៩នាក់ មកពីក្លិប សមាគមកីឡាប្រដាល់ក្រសួងមហាផ្ទៃ, ក្លិប បឹងកេត, ក្រសួងការពារជាតិ, ព្រះខ័នរាជស្វាយរៀង, អគ្គិសនីកម្ពុជា, សូលទីឡូអង្គរ, ភ្នំពេញក្រោន, អាស៊ីអឺរ៉ុបយូណាយធីត, ណាហ្គាវើលដ៍, គិរីវង្សខេមរា, ខេមបូឌានថាយហ្គឺរ, អង្គភាពកីឡាបាល់ទាត់កងយោធពលខេមរៈភូមិន្ទ, សហព័ន្ធខ្មែរកីឡាទោចក្រយានកម្ពុជា, ក្រុមបាល់ទាត់អគ្គស្នងការដ្ឋាននគរបាលជាតិ, មជ្ឈមណ្ឌលកំចាត់មីនកម្ពុជា, សាលាតម្រង់ទិសវិទ្យាល័យ ហ៊ុន សែន កំពង់លួង, មន្ទីរសាធារណការ និងដឹកជញ្ជូនរាជធានីភ្នំពេញ, កងរាជអាវុធហត្ថរាជធានីភ្នំពេញ, នគរបាលជាតិ, សមត្ថកិច្ចជំនាញពាក់ព័ន្ធខណ្ឌពោធិ៍សែនជ័យ រាជធានីភ្នំពេញ៕
============================================================

--- Q&A Pair #33 ---
Question: តើហេតុអ្វីបានជាក្រុងអង្គរធំត្រូវបានគេចាត់ទុកថាជាទីក្រុងដ៏អស្ចារ្យបំផុតមួយនាសម័យនោះ?
Response: 23-Jan-2017 2:19 pm ពុទ្ធិកសកលវិទ្យាល័យព្រះសីហនុរាជ (UP) បានបង្កើតឡើងក្នុងឆ្នាំ២០១១ ដោយលោកបណ្ឌិត កៅ ថាច អគ្គនាយកនៃក្រុមហ៊ុន MSMEs។ លោកជាស្ថាបនិក និងជានាយកប្រតិបត្តិរបស់ក្រុមហ៊ុន... អត្ថបទពេញនិយម បើរៀនទំនាក់ទំនងអន្តរជាតិ តើចប់ហើយគួរធ្វើការខាងផ្នែកអ្វី? ឈប់បំបាត់ការខ្ជិលច្រអូសរបស់អ្នក! 10-Dec-2018 6:04 am អ្នកចិត្តសាស្ត្រមិនអាចនិយាយរឿងអនាគតបានទេ ប៉ុន្តែបើអ្នកចង់ជោគជ័យនិងព្យាយាមឲ្យបានទិសតំបន់វិញ 13-Dec-2018 12:25 am បុគ្គលដែលចូលចិត្តចំណាយពេលច្រើននៅម្នាក់ឯងតែងមាន ៣ចំណុចនេះរួមគ្នាជានិច្ច 11-Dec-2018 8:30 am Facebook ចំនួនអ្នកចូលអាន អត្រាប្តូរប្រាក់ BizKhmer ថ្ងៃនេះ 3,600 ម្សិលមិញ 57,10 ខែមុន 1,227,តំណក់ទឹកភ្នែកទាំំងពីអារម្មណ៍ដែលអ្នកកំពុងជួបប្រទះ 09-Dec-2018 5:50 pm មីក្រូហិរញ្ញវត្ថុនៅពេលដែលសេដ្ឋកិច្ចពិភពលោកប្រឈមមុខនឹងវិបត្តិ ដែលកំពុងយាយីលើអាជីវកម្មជាច្រើនប្រភេទ និងការមិនជឿជាក់លើខ្លួនឯងនោះ ឥឡូវនេះធនាគារ ABA សូមមកចាប់អារម្មណ៍រៀនសូត្រតាមវិធីទាំងនេះ។ ការធ្វើបែបនេះ ដើម្បីឱ្យជីវិតលោកអ្នកកាន់តែមានភាពរីករាយ និងមានសុភមង្គលជាងមុនថែមទៀត។ ដូច្នេះដើម្បីកុំឲ្យខាតពេលយូរ តម្រូវការបន្ទាន់មួយចំនួនអាចប្រែប្រួល លឿនរហ័សទាន់ចិត្ត ពិសេសសម្រាប់អ្នកមានបញ្ហាសុខភាពតែម្តង។ ១. បរិភោគអាហារដែលមានសុខភាពល្អ អាហារដែលមិនប៉ះពាល់ដល់ក្រពះពោះវៀនធំដូចជា ទឹកដោះគោស្រស់ ឬយ៉ាអួជាដើម។ ២.... ប្រិយមិត្តប្រាកដជាបានដឹងរួចមកហើយថា កាលពីប៉ុន្មានឆ្នាំមុន តារាសម្ដែងស្រីថៃល្បីឈ្មោះ Sitthichai ដែលត្រូវគេស្គាល់ថាជាតារាម៉ូឌែលដ៏ស្រស់ស្អាតមួយរូបប្រចាំប្រទេសថៃ នាង Prang Kannarun ត្រូវបានគេចាត់ទុកថាជាតារាស្រីវ័យក្មេង ដែលមានទេពកោសល្យខ្ពស់ ថែមទាំងទទួលបានការគាំទ្រយ៉ាងខ្លាំងពីសំណាក់មហាជនទូទៅផងដែរ។ យ៉ាងណាមិញ បើទោះបីជាបច្ចុប្បន្ននាងក៏នៅតែទទួលបានប្រជាប្រិយភាពខ្លាំងដដែល ពីសំណាក់អ្នកគាំទ្ររបស់នាងក៏ដោយ ក៏ប៉ុន្តែបើនិយាយពីការតុបតែងខ្លួនរបស់តារាប្រុសរូបនេះ គឺពិតជាធ្វើឲ្យប្រិយមិត្តមានការភ្ញាក់ផ្អើលខ្លាំងណាស់ ព្រោះមើលទៅរូបរាងតូចស្រឡូនស្អាតបែបធម្មជាតិពិតៗតែម្ដង៕
============================================================

--- Q&A Pair #34 ---
Question: តើបឹងទន្លេសាបមានតួនាទីយ៉ាងដូចម្តេចខ្លះចំពោះកំណើនសេដ្ឋកិច្ចនៃចក្រភពអង្គរ?
Response: 239 ||185 ||076 ||243 ||304 ||124 ||2022 ||107 ||150 ||2019 ||100 ||1000 ||1,000 ||1,288
============================================================

--- Q&A Pair #35 ---
Question: តើប្រព័ន្ធធារាសាស្ត្រនាសម័យអង្គរមានលក្ខណៈបច្ចេកទេសពិសេសយ៉ាងណាខ្លះ?
Response: 23-Jan-2017 2:59 pm × ភ្នំពេញ៖ យោងតាមសេចក្តីជូនដំណឹងរបស់ ក្រសួងសាធារណការ និងដឹកជញ្ជូន នៅថ្ងៃទី១៨ ខែកញ្ញា ឆ្នាំ២០១៦នេះ បានឱ្យដឹងថា ផ្លូវជាតិលេខ៣ និងលេខ៤ នឹងត្រូវស្ថាបនារួចរាល់ជាស្ថាពរ... ការងារសាងសង់ផ្លូវល្បឿនលឿនភ្នំពេញ-ព្រះសីហនុ សម្រេចបានជាង ៩០ភាគរយហើយ ដោយគ្រោងនឹងបញ្ចប់នៅឆ្នាំ២០២៦ || 1832 អគ្គនាយកដ្ឋានប្រព័ន្ធចម្រោះទឹកកខ្វក់ ចុះពិនិត្យវឌ្ឍនភាពការងារគម្រោងអភិវឌ្ឍន៍ផ្លូវជាតិលេខ២១ ជាមួយក្រុមហ៊ុនទីប្រឹក្សាបច្ចេកទេស KC Construction Supervisor (KSPE) ដើម្បីត្រៀមដាក់ឱ្យដំណើរការសាកល្បងដោយឥតគិតថ្លៃ ចាប់ពីថ្ងៃទី០៥ ដល់ថ្ងៃទី៣០ ខែមិថុនា ឆ្នាំ២០១៩ ខាងមុខនេះ។ នេះបើតាមការបញ្ជាក់របស់លោក ស៊ុន ចាន់ថុល រដ្ឋមន្រ្តីក្រសួងសាធារណការ និងដឹកជញ្ជូន។ លោករដ្ឋមន្រ្តី បានលើកឡើងដូច្នេះថា «យើងមានផែនការក្នុងការរៀបចំកែលម្អហេដ្ឋារចនាសម្ព័ន្ធដឹកជញ្ជូនតាមផ្លូវទឹកក្នុងក្រុងសៀមរាប ឲ្យកាន់តែមានភាពល្អប្រសើរឡើងថែមទៀត»៕
============================================================

--- Q&A Pair #36 ---
Question: តើចម្លាក់លិបនៅតាមជញ្ជាំងថែវនៃប្រាសាទអង្គរវត្តបង្ហាញពីអ្វីខ្លះ?
Response: 231 || 025 || 036 || 298 || 174 || 30.12 || 500 || 650 || 430 || 720 || 99 || 810 || 10,88 || 12,99 || 11,99 || 9,99 || 23,99 || 15,99 || 1,922
============================================================

--- Q&A Pair #37 ---
Question: តើអរិយធម៌ខ្មែរបុរាណទទួលបានឥទ្ធិពលពីអរិយធម៌អ្វីខ្លះ?
Response: 23-07-2016 ||13-12-2022 1 2 3 4 5 6 7 8 9 10 11 12 13 • • • 154
============================================================

--- Q&A Pair #38 ---
Question: តើព្រាហ្មណ៍មានតួនាទីអ្វីខ្លះក្នុងរាជវាំងនាសម័យអង្គរ?
Response: 236 ||182 ||124 ||107 ||095 ||203 ||304 ||508 ||018 ||014 ||004 ||221 ||019 ||018 ||019 ||0188 ||019 ||019 ||019 ||019 ||018 ||019 ||019 ||019 ||019 ||019 ||019 ||019 ||019 ||019 ||019 ||019 ||019 ||019 ||019 ||019 ||019 ||019 ||019 ||019 ||019 ||019 ||019 ||019 ||019 ||019 ||019 ||019 ||019 ||019 ||019 ||019 ||019 ||019 ||019 ||019 ||019 ||019 ||019 ||019 ||019 ||019 ||019 ||019 ||019 ||019 ||019 ||019 ||019 ||019 ||019 ||019 ||019 ||019 ||019 ||019 ||019 ||019 ||019 ||019 ||019 ||019 ||019 ||019 ||019 ||019 ||019 ||019 ||019 ||019 ||019 ||019 ||019 ||019 ||019 ||019 ||019 ||019 ||019 ||019 ||019 ||019 ||019 ||019 ||019 ||019 ||019 ||019 ||019 ||019 ||019 ||019 ||019 ||019 ||019 ||019 ||019 ||019 ||019 ||019 ||019 ||019 ||019 ||019 ||019 ||019 ||019 ||019 ||019 ||019 ||019 ||019 ||019 ||019 ||019 ||019 ||019 ||019 ||019 ||019 ||019 ||019 ||019 ||019 ||019 ||019 ||019 ||019 ||019 ||019 ||019 ||019 ||019 ||019 ||019 ||019 ||019 ||019 ||019 ||019 ||019 ||019 ||019 ||019 ||019 ||019 ||019 ||019 ||019 ||019 ||019 ||019 ||019 ||019 ||019 ||019 ||019 ||019 ||019 ||019 ||019 ||019 ||019 ||019 ||019 ||019 ||019 ||019 ||019 ||019 ||019 ||019 ||019 ||019 ||019 ||019 ||019 ||019 ||019 ||019 ||019 ||019 ||019 ||019 ||019 ||019 ||019 ||019 ||019 ||019 ||019 ||019 ||019 ||019 ||019 ||019 ||019 ||019 ||019 ||019 ||019 ||019 ||019 ||019 ||019 ||019 ||019 ||019 ||019 ||019 ||019 ||019 ||019 ||019 ||019 ||019 ||019 ||019 ||019 ||019 ||019 ||019 ||019 ||019 ||019 ||019 ||019 ||019 ||019 ||019 ||019 ||019 ||019 ||019 ||019 ||019||Smirrors01 |19 ||019 ||019 ||019 ||019 ||019 ||019 ||019 ||019 ||019 ||019 ||011 ||01 ||01/1 ||019 ||01 ||01 ||01 ||01 - (M119 ||01|
============================================================

--- Q&A Pair #39 ---
Question: តើស្ពានបុរាណដូចជាស្ពានកំពង់ក្តី មានលក្ខណៈពិសេសយ៉ាងណាខ្លះ?
Response: 23-Jun-2017 8:34 am ការសិក្សាថ្មីមួយបានរកឃើញថា មនុស្សដែលមានទម្លាប់រស់នៅជាក្រុមៗ គឺពួកគេមានគំនិតខុសគ្នាពីមនុស្សដែលរស់នៅក្នុងផ្ទះ។ ពួកគេអាចធ្វើការ... អ្នកជំនាញផ្នែកហិរញ្ញវត្ថុ៖ «តើអ្នកគួរវិនិយោគលើអ្វី ដើម្បីគេចចេញពីបំណុល?» 21-Feb-2021 16:09 Copyright © 2018 BayKdang. All rights reserved. Powered by DAP News
============================================================

--- Q&A Pair #40 ---
Question: តើការប្រើប្រាស់អក្សរខ្មែរមានប្រវត្តិវិវត្តយ៉ាងណានាសម័យបុរាណ?
Response: 239 ||135 ||246 ||087 ||2000 ||1050 ||128 ||304 ||188 ||2019||ការប្រើប្រាស់អក្សរខ្មែរជាពាក្យកាត់ខ្លីៗ ឬហៅថា «ក្រដាសប្រាក់» ជាភាសាអង់គ្លេស (English)។ ពាក្យនេះប្រើសម្រាប់សំដៅទៅលើពាក្យដែលគេតែងនិយាយថា “ក” និង“ក្រដាសប្រាក់" ដែលសរសេរដោយដៃផ្ទាល់ ហើយមានន័យថា ឃ្លាប្រយោគមួយម៉ាត់។ ឧទាហរណ៍៖ លោក អង់ដ្រេ ហ្គូហ្គោ កូឡុំប៊ី ម៉ាឡាវី សាធារណរដ្ឋឆេក ស៊ីរី លីប៊ី ឡាវ វៀតណាម ថៃនិងវៀតណាម។ល។ ក្នុងករណីខ្លះ ការប្រើអក្សរក្លែងក្លាយអាចបង្កគ្រោះថ្នាក់ដល់មនុស្សគ្រប់រូបក្នុងសង្គម។ ប៉ុន្តែប្រសិនបើអ្នកចង់ឱ្យពួកគេធ្វើដូច្នោះ អ្នកគួរតែអនុវត្តតាមជំហានទាំងនេះដើម្បីការពារខ្លួនពីការវាយប្រហារណាមួយ។ - តើអ្វីទៅជាអក្សរសិល្ប៍? - ហេតុផលនៃការបង្កើតអក្សរសាស្ត្រ គឺជាប្រភេទនៃអត្ថបទមួយដែលត្រូវបានបោះពុម្ពផ្សាយនៅក្នុងឆ្នាំ ១៩៩០ ។ វាគឺជាផ្នែកមួយនៃឯកសារយោងដែលត្រូវបានបង្កើតឡើងពីមុនមក។ នៅក្នុងសៀវភៅនោះ មានចំណងជើងដូចជា "ព្រះគម្ពីរមរមន", "ព្រះគុណរបស់ព្រះជាម្ចាស់" និង "ព្រះគុណរបស់ទ្រង់"។ - តើស្ត្រីម្នាក់ក្នុងចំណោមស្ត្រីទាំងនោះបានស្លាប់ដោយសារជំងឺមហារីកដែរឬទេ? ចម្លើយគឺបាទ! ខ្ញុំសូមប្រាប់អ្នករាល់គ្នាអំពីរឿងរ៉ាវទាំងអស់ដែលអ្នកត្រូវដឹងអំពីការឈឺចាប់របស់អ្នកចំពោះជំងឺនេះ។ យើងនឹងបង្ហាញជូនអ្នកនូវអ្វីដែលយើងគួរនិយាយអំពីវា។
============================================================

--- Q&A Pair #41 ---
Question: តើទ័ពដំរីមានតួនាទីយ៉ាងណាខ្លះក្នុងកងទ័ពនាសម័យបុរាណ?
Response: 23 || 136 || 258 || 1997-12-2023 || 340 || 2000-01 ក្រសួងការបរទេសអាមេរិក៖ «ការដាក់ទណ្ឌកម្មប្រឆាំងនឹងប្រទេសកូរ៉េខាងជើង» អាចបង្កជាផលវិបាកធ្ងន់ធ្ងរដល់ទំនាក់ទំនងរវាងសហរដ្ឋអាមេរិក និងចិន។ ការលើកឡើងនេះ ធ្វើឡើងក្រោយពេលប្រធានាធិបតីអាមេរិក លោក ដូណាល់ ត្រាំ បានព្រមានថា អាមេរិកនឹងចាត់វិធានការតបតវិញ ប្រសិនបើទីក្រុងវ៉ាស៊ីនតោន មិនព្រមអនុវត្តតាមកិច្ចព្រមព្រៀងនុយក្លេអ៊ែរឆ្នាំ២០១៥នោះ។
============================================================

--- Q&A Pair #42 ---
Question: តើរបាំព្រះរាជទ្រព្យមានប្រវត្តិទាក់ទងយ៉ាងណានឹងវប្បធម៌ខ្មែរ ហើយតើវាមានតួនាទីអ្វីខ្លះក្នុងពិធីបុណ្យជាតិ?
Response: 231 ||342 ||578 ||690 ||1076 ||1220 ||3088 ||507 ||7100 ||722 ||1000 ||706 ||776 ||727 ||779 ||739 ||777 ||789 ||749 ||759 ||748 ||749 ||719 ||729 ||749 ||749 ||791 ||792
============================================================

--- Q&A Pair #43 ---
Question: តើព្រះមហាក្សត្រអង្គណាជាប្អូនរបស់ព្រះបាទភវវរ្ម័នទី១ ដែលបានបន្តសង្គ្រាមវាយដណ្តើមទឹកដីហ្វូណនរហូតដល់បានសម្រេចជាស្ថាពរ?
Response: 231 || 328 || 296 || 188 || 637 || 445 || 80 || 750 || 930 || 500 || 1020 || 12,10 || 11,12 || 15,18 || 23,17 || 1,22 || 9,17 || 1,40 || 20,14 || 19,18 || 1,40 || 1,40 || 1,40 || 1,40 || 1,40 || 1,40 || 1,40 || 1,40 || 1,40 || 1,40 || 1,40 || 1,40 || 1,40 || 1,40 || 1,40 || 1,40 || 1,40 || 1,40 || 1,40 || 1,40 || 1,40 || 1,40 || 1,40 || 1,40 || 1,40 || 1,40 || 1,40 || 1,40 || 1,40 || 1,40 || 1,40 || 1,40 || 1,40 || 1,40 || 1,40 || 1,40 || 1,40 || 1,40 || 1,40 || 1,40 || 1,40 || 1,40 || 1,40 || 1,40 || 1,40 || 1,40 || 1,40 || 1,40 || 1,40 || 1,40 || 1,40 || 1,40 || 1,40 || 1,40 || 1,40 || 1,40 || 1,40 || 1,40 || 1,40 || 1,40 || 1,40 || 1,40 || 1,40 || 1,40 || 1,40 || 1,40 || 1,40 || 1,40 || 1,40 || 1,40 || 1,40 || 1,40 || 1,40 || 1,40 || 1,40 || 1,40 || 1,40 || 1,40 || 1,40 || 1,40 || 1,40 || 1,40 || 1,40 || 1,40 || 1,40 || 1,40 || 1,40 || 1,40 || 1,40 || 1,40 || 1,40 || 1,40 || 1,40 || 1,40 || 1,40 || 1,40 || 1,40 || 1,40 || 1,40 || 1,40 || 1,40 || 1,40 || 1,40 || 1,40 || 1,40 || 1,40 || 1,40 || 1,40 || 1,40 || 1,40 || 1,40 || 1,40 || 1,40 || 1,40 || 1,40 || 1,40 || 1,40 || 1,40 || 1,40 || 1,40 || 1,40 || 1,40 || 1,40 || 1,40 || 1,40 || 1,40 || 1,40 || 1,40 || 1,40 || 1,40 || 1,40 || 1,40 || 1,40 || 1,40 || 1,40 || 1,40 || 1,40 || 1,40 || 1,40 || 1,40 || 1,40 || 1,40 || 1,40 || 1,40 || 1,40 || 1,40 || 1,40 || 1,40 || 1,40 || 1,40 || 1,40 || 1,40 || 1,40 || 1,40 || 1,40 || 1,40 || 1,40 || 1,40 || 1,40 || 1,40 || 1,40 || 1,40 || 1,40 || 1,40 || 1,40 || 1,40 || 1,40 || 1,40 || 1,40 || 1,40 || 1,40 || 1,40 || 1,40 || 1,40 || 1,40 || 1,40 || 1,40 || 1,40 || 1,40 || 1,40 || 1,40 || 1,40 || 1,40 || 1,40 || 1,40 || 1,40 || 1,40 || 1,40 || 1,40 || 1,40 || 0,40 || 1,40 || 1,40 || 1,40 || 1,40 || 1,40 || 1,40 || 1,40 || 1,40 || 1,40 || 1,40 || 1,40 || 1,40 || 1,40 || 1,40 || 1,40 || 1,40 || 1,40 || 1,40 || 1,40 || 1,40||7|
============================================================

--- Q&A Pair #44 ---
Question: តើប្រាសាទអង្គរវត្តដ៏ល្បីល្បាញត្រូវបានស្ថាបនាឡើងឧទ្ទិសដល់ព្រះអាទិទេពអ្វី?
Response: 239 |<eos>
============================================================

--- Q&A Pair #45 ---
Question: តើព្រះបាទជ័យវរ្ម័នទី៧ បានកសាងមន្ទីរពេទ្យចំនួនប៉ុន្មាននៅទូទាំងចក្រភពអង្គរដើម្បីព្យាបាលប្រជានុរាស្ត្រ?
Response: 23 || 143 || 216 || 328 || 495 || 570 || 688 || 810 || 720 || 930 || 10,00 || 23.12 || 11.22 || 12.13 || 15.13 || 1.12 || 1.13 || 1.13 || 1.13 || 1.13 || 1.13 || 1.13 || 1.13 || 1.13 || 1.13 || 1.13 || 1.13 || 1.13 || 1.13 || 1.13 || 1.13 || 1.13 || 1.13 || 1.13 || 1.13 || 1.13 || 1.13 || 1.13 || 1.13 || 1.13 || 1.13 || 1.13 || 1.13 || 1.13 || 1.13 || 1.13 || 1.13 || 1.13 || 1.13 || 1.13 || 1.13 || 1.13 || 1.13 || 1.13 || 1.13 || 1.13 || 1.13 || 1.13 || 1.13 || 1.13 || 1.13 || 1.13 || 1.13 || 1.13 || 1.13 || 1.13 || 1.13 || 1.13 || 1.14 || 1.13 || 1.13 || 1.13 || 1.13 || 1.13 || 1.13 || 1.13 || 1.13 || 1.13 || 1.13 || 1.13 || 1.13 || 1.13 || 1.13 || 1.13 || 1.13 || 1.13 || 1.13 || 1.13 || 1.13 || 1.13 || 1.13 || 1.13 || 1.13 || 1.13 || 1.13 || 1.13 || 1.13 || 1.13 || 1.13 || 1.13 || 1.13 || 1.13 || 1.14 || 1.14 || 1.13 || 1.14 || 1.14 || 1.14 || 1.14 || 1.14 || 1.14 || 1.14 || 1.14 || 1.14 || 1.14 || 1.14 || 1.14 || 1.14 || 1.14 || 1.14 || 1.14 || 1.14 || 1.14 || 1.14 || 1.14 || 1.14 || 1.14 || 1.14 || 1.14 || 1.14 || 1.14 || 1.14 || 1.14 || 1.14 || 1.14 || 1.14 || 1.14 || 1.14 || 1.14 || 1.14 || 1.14 || 1.14 || 1.14 || 1.14 || 1.14 || 1.14 || 1.14 || 1.14 || 1.14 || 1.14 || 1.14 || 1.14 || 1.14 || 1.14 || 1.14 || 1.14 || 1.14 || 1.14 || 1.14 || 1.14 || 1.14 || 1.14 || 1.14 || 1.14 || 1.14 || 1.14 || 1.14 || 1.14 || 1.14 || 1.14 || 1.14 || 1.14 || 1.14 || 1.14 || 1.14 || 1.14 || 1.14 || 1.14 || 1.14 || 1.14 || 1.14 || 1.14 || 1.14 || 1.14 || 1.14 || 1.14 || 1.14 || 1.14 || 1.14 || 1.14 || 1.14 || 1.14 || 1.14 || 1.14 || 1.14 || 1.14 || 1.14 || 1.14 || 1.14 || 1.14 || 1.14 || 1.14 || 1.14 || 1.14 || 1.14 || 1.14 || 1.14 || 1||1.1 || 1.1 || 1.1 || 1.1 || 1.1 || 1.1 || 1.1 || 1.1 || 1.1 || 1/2 || 1.1 || 1.1 || 1.1 || 1-3 || 1.1 || 1.1 || 1.1 || 1 || 1| 1 (១ || 1.1 || 1.1 || 1.1 || 1.1 || 1.1 || 1.1 || 1.1 || 1.1 || 1| ការណែនាំ| 1 || 13 || 1 || 1|
============================================================

--- Q&A Pair #46 ---
Question: តើជនជាតិអឺរ៉ុបជាតិសាសន៍ណាខ្លះដែលបានមកធ្វើទំនាក់ទំនងពាណិជ្ជកម្មនិងផ្សព្វផ្សាយសាសនានៅកម្ពុជាមុនគេបង្អស់នាសម័យលង្វែក?
Response: 239 || 141 || 158 || 196 || 225 || 337 || 588 || 60 || 410 || 720 || 830 || 2000 || 9,50ml.com
============================================================

--- Q&A Pair #47 ---
Question: តើព្រះមហាក្សត្រកម្ពុជាអង្គណាដែលបានយល់ព្រមចុះសន្ធិសញ្ញាដាក់ប្រទេសកម្ពុជាឱ្យស្ថិតក្រោមអាណាព្យាបាលបារាំងនៅឆ្នាំ១៨៦៣?
Response: 238 || 239 || លោក ហ៊ុន សែន៖ ការបោះឆ្នោតនៅកម្ពុជា គឺជាការបោះឆ្នោតក្លែងក្លាយ មិនមែនជាដំណោះស្រាយនយោបាយទេ តែផ្ទុយទៅវិញគឺការអនុវត្តច្បាប់ដោយសេរី និងយុត្តិធម៌។ ក្នុងករណីដែលមានការរំលោភបំពានលើកិច្ចព្រមព្រៀងសន្តិភាពទីក្រុងប៉ារីស ឆ្នាំ១៩៩១ ក៏មិនខុសពីអ្វីដែលលោកនាយករដ្ឋមន្ត្រីហ៊ុនសែនបានលើកឡើងនោះដែរ។ ដូច្នេះហើយបានជាកម្ពុជាមានលទ្ធិប្រជាធិបតេយ្យពេញលេញ ហើយពលរដ្ឋខ្មែរគ្រប់រូបត្រូវតែគោរពតាមរដ្ឋធម្មនុញ្ញរបស់ខ្លួន។
============================================================

--- Q&A Pair #48 ---
Question: តើប្រទេសកម្ពុជាទទួលបានឯករាជ្យបរិបូរណ៍ពីអាណានិគមបារាំងនៅថ្ងៃទីខែឆ្នាំណា ក្រោមព្រះរាជបូជនីយកិច្ចរបស់ឥស្សរជនរូបណា?
Response: 231 ||429 ||368 ||570 ||101 ||3020 ||1222 ||501 ||500 ||513 ||688 ||713 ||751 ||514 ||513 ||614 ||715
============================================================

--- Q&A Pair #49 ---
Question: តើតុលាការយុត្តិធម៌អន្តរជាតិក្រុងឡាអេ បានកាត់ក្តីប្រគល់ប្រាសាទព្រះវិហារមកឱ្យកម្ពុជាវិញនៅថ្ងៃខែឆ្នាំណា?
Response: 239 ||175 ||124 ||382 ||106 ||075 ||2000 ||304 ||304 ||505 ||388 ||305 ||305 ||286 ||304 ||306 ||308 ||304 ||308 ||307 ||308 ||307 ||304 ||308 ||308 ||308 ||308 ||308 ||309 ||309 ||308 ||308 ||309 ||308 ||309 ||308 ||309 ||308 ||308 ||301 ||301 ||309 ||308 ||309 ||309 ||309 ||309 ||309 ||309 ||308 ||309 ||309 ||308 ||309 ||308 ||309 ||309 ||309 ||309 ||309 ||308 ||309 ||309 ||309 ||309 ||309 ||308 ||309 ||309 ||309 ||309 ||309 ||309 ||309 ||309 ||309 ||309 ||309 ||309 ||309 ||309 ||309 ||309 ||309 ||309 ||309 ||309 ||309 ||309 ||309 ||309 ||309 ||309 ||309 ||309 ||309 ||309 ||309 ||309 ||309 ||309 ||309 ||309 ||309 ||309 ||309 ||309 ||309 ||309 ||309 ||309 ||309 ||309 ||309 ||309 ||309 ||309 ||309 ||309 ||309 ||309 ||309 ||309 ||309 ||309 ||309 ||309 ||309 ||309 ||309 ||309 ||309 ||309 ||309 ||309 ||309 ||309 ||309 ||309 ||309 ||309 ||309 ||309 ||309 ||309 ||309 ||309 ||309 ||309 ||309 ||309 ||309 ||309 ||309 ||309 ||309 ||309 ||309 ||309 ||309 ||309 ||309 ||309 ||309 ||309 ||309 ||309 ||309 ||309 ||309 ||309 ||309 ||309 ||309 ||309 ||309 ||309 ||309 ||309 ||309 ||309 ||309 ||309 ||309 ||309 ||309 ||309 ||309 ||309 ||309 ||309 ||309 ||309 ||309 ||309 ||309 ||309 ||309 ||309 ||309 ||309 ||309 ||309 ||309 ||309 ||309 ||309 ||309 ||309 ||309 ||309 ||309 ||309 ||309 ||309 ||309 ||309 ||309 ||309 ||309 ||309 ||309 ||309 ||309 ||309 ||309 ||309 ||309 ||309 ||309 ||309 ||309 ||309 ||309 ||309 ||309 ||309 ||309 ||309 ||309 ||309 ||309 ||309 ||309 ||309 ||309 ||309 ||309 ||309 ||309 ||309 ||309 ||309 ||309 ||309 ||309 ||309 ||309 ||309 ||309 ||309 ||309 ||309 ||309 ||309 ||309 ||309 ||309 ||309 ||309 ||309 ||309 ||309 ||309 ||309 ||309 ||309 ||309 ||309 ||309 ||309 ||309 ||309 ||309 ||309 ||309 ||309 ||309 ||309 ||309 ||309 ||309 ||309 ||309 ||309 ||309 ||309 ||309 ||309 ||309 ||309 ||30||ទំព័រ 1 2 3 4 5 6 7 8 9 10 ... 11 12 /08 ©2018
============================================================

--- Q&A Pair #50 ---
Question: តើក្នុងរបបកម្ពុជាប្រជាធិបតេយ្យ ខ្មែរក្រហមបានប្រែក្លាយវិទ្យាល័យទួលស្វាយព្រៃឱ្យទៅជាទីតាំងអ្វី?
Response: 239 |<eos>
============================================================

--- Q&A Pair #51 ---
Question: បន្ទាប់ពីថ្ងៃរំដោះ៧មករាឆ្នាំ១៩៧៩ តើប្រទេសកម្ពុជាត្រូវបានប្តូរឈ្មោះជាផ្លូវការទៅជាអ្វី?
Response: 23 || 01:39 PM<eos>
============================================================

--- Q&A Pair #52 ---
Question: តើព្រះបាទជ័យវរ្ម័នទី២ បានប្រារព្ធពិធីទេវរាជនៅទីតាំងណា ដើម្បីប្រកាសឯករាជ្យភាពរបស់កម្ពុជាពីប្រទេសជ្វានៅឆ្នាំ៨០២?
Response: 236 || 1482 || 1991 || 2570 || 3378 || 2000 || 450 || 688 || 520 || 730 || 9,10 || 8.12 || 114 || 126 || 108 || 237
============================================================

--- Q&A Pair #53 ---
Question: តើតាមរឿងព្រេងនិងកំណត់ត្រាប្រវត្តិសាស្ត្រ ការកកើតអាណាចក្រហ្វូណនកើតចេញពីការរៀបអភិសេករវាងតួអង្គណាខ្លះ?
Response: 23-Jun-2017 8:54 am នៅក្នុងរឿងព្រេងនិទានខ្មែរយើងតែងមានរឿងរ៉ាវជាច្រើនដែលមនុស្សគ្រប់គ្នាត្រូវដឹងនិងចងចាំ។ រឿងទាំងនោះរួមមាន៖ ១. សត្វពស់វែក (សត្វពស់) ២. កណ្ដុរក្រហម(ឆ្កែចចក... តើអ្វីទៅជាភាពខុសគ្នារវាងការចិញ្ចឹមត្រី និងបសុសត្វ? 21-Feb-2021 13:06 ទស្សនៈអ្នកប្រាជ្ញចិនបុរាណលោកខាងលិចបានលើកឡើងថា «អញ» ជាពាក្យមួយឃ្លាដែលមានអត្ថន័យជ្រាលជ្រៅបំផុតក្នុងប្រវត្តិសាស្ត្ររបស់មនុស្សជាតិ ហើយជាទូទៅគេច្រើនប្រើវាដើម្បីបង្ហាញពីលក្ខណៈពិសេសនៃជីវិតរស់នៅរបស់ពួកគេ។ ដូច្នេះហើយបានជាគេត្រូវយល់ថា ភាពខុសគ្នាគឺជារឿងសំខាន់បំផុត។ ខាងក្រោមនេះគឺជាចំណុចសំខាន់ៗមួយចំនួនដែលអ្នកគួរតែស្វែងយល់ពីមូលហេតុដែលនាំឲ្យអ្នកមានអារម្មណ៍បែបនេះ ៖ ១. អ្នកមិនគួរមើលរំលងនូវអ្វីដែលខ្លួនបានធ្វើនោះទេ ព្រោះវាជាធម្មជាតិរបស់អ្នកផ្ទាល់។ មនុស្សភាគច្រើនចូលចិត្តធ្វើអ្វីៗគ្រប់យ៉ាងដោយខ្លួនឯង ប៉ុន្តែពួកគេក៏ជាមនុស្សម្នាក់ដែលមិនចេះគិតគូរពីអនាគតរបស់ខ្លួនដែរ។ ពួកគេតែងតែគិតថា ការងាររបស់ពួកគេនឹងរីកចម្រើនទៅមុខជានិច្ច មិនត្រឹមតែប៉ុណ្ណោះទេពកោសល្យក្នុងការដោះស្រាយបញ្ហាផ្សេងៗទៀតបានយ៉ាងល្អថែមទៀតផង។ ២....
============================================================

--- Q&A Pair #54 ---
Question: តើព្រះបាទជ័យវរ្ម័នទី៧បានកសាងប្រាសាទតាព្រហ្មឡើងក្នុងគោលបំណងចម្បងអ្វី?
Response: 23-Jan-2017 8:38 am ព្រះមហាក្សត្រខ្មែរព្រះបាទជ័យវរ្ម័នទី៧បានកសាងប្រាសាទអង្គរវត្តជាលើកដំបូងនៅសតវត្សទី១២ ដើម្បីឧទ្ទិសថ្វាយដល់បុព្វការីជន... មេរៀនជីវិតទាំង ៨ ដែលអ្នកអាចរៀនសូត្រពីអ្នកក្រ! 09-May-2017 2:40 pm អ្នកមានទ្រព្យសម្បត្តិស្តុកស្តម្ភណាស់ ព្រោះតែចង់ក្លាយជាអ្នកមាន។ ប៉ុន្តែដើម្បីក្លាយជាមនុស្សជោគជ័យមួយរូប អ្នកត្រូវចេះប្រើចំណុចទាំងនេះ៖ ១) ត្រូវមានចំណេះដឹង និងបទពិសោធន៍ច្រើនជាងមុន ២) មានភាពអត់ធ្មត់ខ្ពស់ ៣) មិនងាយចុះចាញ់នឹងបញ្ហាផ្សេងៗ ៤) គ្មាននរណាម្នាក់អាចធ្វើអ្វីមួយដោយគ្មានហេតុផលឡើយ ៥) កុំខ្លាចក្នុងការបំពេញការងារ ឬប្រកបអាជីវកម្មរបស់ខ្លួនឯង ៦) មិនមានគំនិតច្នៃប្រឌិត... អត្ថបទពេញនិយម មូលហេតុ៥យ៉ាងដែលបុគ្គលិកទ្រាំលែងបាន ហើយសម្រេចលាឈប់ពីក្រុមហ៊ុន ក្នុងរយៈពេល១ទសវត្សរ៍នឹងការប្រសូតរបស់កុមារ នេះហើយគឺជាកំហុសចំនួន៤ដ៏ធ្ងន់ធ្ងរនៃពាក្យសម្ដីអ្នកប្រាជ្ញសិង្ហបុរីថា ស្ដេចត្រាញ់ទាំងអស់ចូរប្រាថ្នាយកមេរៀនឲ្យឆាប់ធំធេងតាមដែលអាច ធ្វើបាន! 20-Feb-2017 10:10 am មនុស្សម្នាក់ៗមើលឃើញពិភពលោកតែមួយ អត្តចរិត និងសកម្មភាពរបស់ពួកគេ ថាតើពួកគេជាមនុស្សបែបណា? 16-Feb-2017 11:21 am Facebook ចំនួនអ្នកចូលអាន អត្រាប្តូរប្រាក់ BizKhmer ថ្ងៃនេះ 3,500 ម្សិលមិញ 5,2022 ដំណឹង Copyright © 1999 - 2017 នាយកដ្ឋានពន្លឿនល្បឿនកំណើនសេដ្ឋកិច្ចកម្ពុជា ឆ្នាំ២០២៤-២០២៨
============================================================

--- Q&A Pair #55 ---
Question: នៅពេលដែលព្រះបាទបរមរាជាចៅពញាយ៉ាតបានមកកសាងរាជធានីចតុមុខ តើព្រះអង្គបានបញ្ជាឱ្យជួសជុលនិងលើកកម្ពស់រមណីយដ្ឋានសាសនាអ្វីដែលជានិមិត្តរូបក្រុងភ្នំពេញបច្ចុប្បន្ន?
Response: 23 || 134 || 228 || 316 || 297 || 405 || 24 || 310 || 20 || 61 || 330 || 720 || 500 || 8,88 || 9,12 || 450 || 4.1 || 12 || 21 || 37 || 23 || 37 || 38 || 39 || 38 || 39 || 39 || 30 || 39 || 30 || 31 || 31 || 31 || 31 || 31 || 31 || 31 || 31 || 31 || 31 || 31 || 31 || 31 || 31 || 31 || 31 || 32 || 32 || 32 || 33 || 33 || 34 || 34 || 35 || 35 || 36 || 37 || 38 || 38 || 39 || 39 || 39 || 30 || 31 || 31 || 31 || 31 || 31 || 31 || 31 || 31 || 31 || 31 || 32 || 32 || 32 || 33 || 33 || 34 || 34 || 35 || 35 || 35 || 36 || 37 || 37 || 38 || 39 || 39 || 39 || 30 || 31 || 31 || 31 || 31 || 31 || 31 || 31 || 31 || 31 || 32 || 33 || 34 || 35 || 35 || 37 || 38 || 31 || 31 || 31 || 31 || 31 || 31 || 31 || 31 || 31 || 31 || 31 || 31 || 31 || 31 || 31 || 31 || 31 || 31 || 31 || 32 || 31 || 32 || 32 || 33 || 33 || 34 || 34 || 35 || 35 || 36 || 37 || 37 || 38 || 38 || 39 || 39 || 39 || 39 || 39 || 30 || 31 || 31 || 31 || 31 || 31 || 31 || 31 || 31 || 31 || 32 || 32 || 32 || 33 || 33 || 34 || 35 || 37 || 35 || 38 || 39 || 31 || 31 || 31 || 31 || 31 || 31 || 31 || 32 || 32 || 33 || 34 || 34 || 35 || 35 || 36 || 36 || 37 || 37 || 38 || 38 || 39 || 39 || 30 || 31 || 31 || 31 || 31 || 31 || 31 || 31 || 31 || 31 || 32 || 31 || 32 || 32 || 33 || 34 || 35 || 35 || 37 || 35 || 38 || 37 || 38 || 39 || 39 || 39 || 39 || 30 || 31 || 31 || 31 || 31 || 31 || 31 || 31 || 31 || 32 || 32 || 33 || 34 || 35 || 35 || 36 || 37 || 38 || 39 || 31 || 31 || 31 || 31 || 31 || 31 || 32 || 31 || 31 || 32 || 32 || 33 || 34 || 35 || 35 || 37 || 38 || 31 || 31 || 31 || 31 || 31 || 31 || 32 || 32 || 33 || 33 || 34 || 35 || 35 || 35 || 37 || 38 || 31 || 31 || 31 || 31 || 31 || 31 || 32 || 32 || 33 || 34 || 35 || 35 || 36 || 37 || 38 || 38 || 31 || 31 || 31 || 31 || 31 || 31 || 32 || 32 || 32 || 35 || 35 || 36 || 37 || 38 || 31 || 31 || 31 || 31 || 31 || 32 || 32 || 34 || 35 || 35
============================================================

--- Q&A Pair #56 ---
Question: តើព្រះមហាក្សត្រអង្គណាដែលបានប្តូររាជធានីពីលង្វែកទៅតាំងនៅភ្នំព្រះរាជទ្រព្យ ហើយដាក់ឈ្មោះថាក្រុងឧដុង្គមានជ័យនៅឆ្នាំ១៦២០?
Response: 239 || 181 || 262 || 193 || 375 || 204 || 40 || 750 || 600 || 500 || 830 || 910 || 1020 || 1188 || 23,22||| 12,128
============================================================

--- Q&A Pair #57 ---
Question: តើចលនាបះបោរប្រឆាំងនឹងការប្រមូលពន្ធដារនិងការជិះជាន់របស់អាណានិគមបារាំងនៅចន្លោះឆ្នាំ១៨៨៥ដល់១៨៨៦ ដឹកនាំដោយវីរបុរសរូបណាខ្លះជាចម្បង?
Response: 23,937 || 2346 ||
============================================================

--- Q&A Pair #58 ---
Question: តើសំណង់វិមានឯករាជ្យនៅរាជធានីភ្នំពេញត្រូវបានកសាងឡើងនៅឆ្នាំណា ដើម្បីរំលឹកដល់ព្រឹត្តិការណ៍អ្វី ហើយរចនាដោយស្ថាបត្យកររូបណា?
Response: 23-Jan-2017 8:08 am || លោក ស៊ុន ចាន់ថុល រដ្ឋមន្ត្រីក្រសួងសាធារណការ និងដឹកជញ្ជូន បានស្នើឲ្យក្រុមហ៊ុនសាជីវកម្មស្ពានថ្នល់ចិន (CRBC) បន្តសាងសង់ផ្លូវល្បឿនលឿន... កម្ពុជាមានមហិច្ឆតាអភិវឌ្ឍន៍វិស័យដឹកជញ្ជូនផ្លូវគោក និងភស្តុភារកម្មនៅកម្ពុជា 09-Nov-2021 ក្រសួងពាណិជ្ជកម្ម៖ ការនាំចេញផលិតផលកសិកម្មរបស់កម្ពុជា ទៅកាន់ទីផ្សារអន្តរជាតិ សម្រេចបានជាង ៥ពាន់លានដុល្លារ ក្នុងឆមាសទី១ ឆ្នាំនេះ 25-Sep-2023 រដ្ឋាភិបាលកម្ពុជា គ្រោងចំណាយថវិកាប្រមាណ ២,៥០០ លានដុល្លារ សម្រាប់គម្រោងស្ថាបនាហេដ្ឋារចនាសម្ព័ន្ធ ផ្លូវចំនួន ៣៨ខ្សែ នៅក្រុងសៀមរាប ខេត្តសៀមរាប។ នេះជាការលើកឡើងរបស់លោក វេង សាខុន រដ្ឋមន្រ្តីក្រសួងកសិកម្ម រុក្ខាប្រមាញ់និងនេសាទ នៅក្នុងពិធីសម្ពោធដាក់ឱ្យប្រើប្រាស់ជាផ្លូវការផ្លូវជាតិលេខ១០ ប្រវែងសរុប ៩៤.៦៩គីឡូម៉ែត្រ តភ្ជាប់ពីភូមិអន្លង់ក្ងាន ទៅភូមិត្រពាំងទឹម ឃុំតានៃ ស្រុកព្រៃនប់ ខេត្តព្រះសីហនុ ក្រោមឥណទានសម្បទាន ពីរដ្ឋាភិបាលជប៉ុន ដែលមានទឹកប្រាក់សរុប ៦០លាន ដុល្លារអាមេរិក ដែលនឹងជួយសម្រួលដល់ជីវភាពរស់នៅរបស់ប្រជាពលរដ្ឋក្នុងមូលដ្ឋាន ជាពិសេសការកាត់បន្ថយភាពក្រីក្រ របស់ប្រជាជននៅតាមជនបទ។ ...
============================================================

--- Q&A Pair #59 ---
Question: តើវត្តព្រះកែវមរកតឬវត្តប្រាក់ ដែលស្ថិតនៅក្នុងបរិវេណព្រះបរមរាជវាំង មានឈ្មោះផ្លូវការអ្វី ហើយត្រូវបានកសាងដំបូងក្នុងរជ្ជកាលព្រះមហាក្សត្រអង្គណា?
Response: 239 || 135 || 196 || 278 || 200 || 341 || 426 || 750 || 500 || 620 || 810 || 930 || 10,88 || 15,12 || 11,227
============================================================

--- Q&A Pair #60 ---
Question: តើប្រទេសកម្ពុជាបានប្រកាសឱ្យប្រើប្រាស់រដ្ឋធម្មនុញ្ញជាលើកដំបូងបង្អស់នៅក្នុងឆ្នាំណា ដែលប្រែក្លាយប្រទេសទៅជារបបរាជាធិបតេយ្យអាស្រ័យរដ្ឋធម្មនុញ្ញ?
Response: 239 || 0086 1345 071
============================================================

--- Q&A Pair #61 ---
Question: តើប្រាសាទប្រែរូបត្រូវបានកសាងឡើងក្នុងរជ្ជកាលព្រះមហាក្សត្រអង្គណា?
Response: 23 || 131||ព្រះមហាក្សត្រិយ៍យាងទៅទីក្រុងប៉ារីស ប្រទេសបារាំង ដើម្បីធ្វើពិធីរំលឹកវិញ្ញាណក្ខន្ធដល់ជនរងគ្រោះក្នុងរបបប្រល័យពូជសាសន៍ខ្មែរក្រហម || 2364||ព្រះអង្គម្ចាស់ ស៊ីសុវត្ថិ ពង្សនារី មុនីពង្ស និង ព្រះមាតាជាតិខ្មែរ ក្នុងសេរីភាព សេចក្តីថ្លៃថ្នូរ និងសុភមង្គល || 22758||លោកនាយករដ្ឋមន្ត្រី ហ៊ុន សែន បានសម្រេចផ្តល់សិទ្ធិឲ្យអង្គការសហប្រជាជាតិ រៀបចំកិច្ចប្រជុំកំពូលអាស៊ី-អឺរ៉ុប នៅឆ្នាំ២០២០ខាងមុខ។ ការប្រកាសនេះ ធ្វើឡើងក្រោយពីមានការរិះគន់ថា កម្ពុជាបានបាត់បង់ទឹកដីរបស់ខ្លួនមកវិញ ហើយកម្ពុជាក៏មិនទទួលបានឯករាជ្យពេញលេញដែរ។
============================================================

--- Q&A Pair #62 ---
Question: តើរមណីយដ្ឋានប្រវត្តិសាស្ត្រអង្គរត្រូវបានចុះបញ្ចូលក្នុងបញ្ជីបេតិកភណ្ឌពិភពលោករបស់អង្គការយូណេស្កូជាផ្លូវការនៅថ្ងៃខែឆ្នាំណា?
Response: 239 || 143||ការរុករករ៉ែរបស់ចិនក្នុងដែនសមុទ្រកម្ពុជាត្រូវបានហាមឃាត់មិនឲ្យចូលក្នុងតំបន់ការពារដោយគ្មានការអនុញ្ញាតពីរដ្ឋាភិបាលខ្មែរ។ ការរឹតត្បិតនេះធ្វើឲ្យប៉ះពាល់ដល់តំបន់ទេសចរណ៍សំខាន់ៗមួយចំនួននៅក្នុងប្រទេសកម្ពុជា និងបង្កឲ្យមានផលប៉ះពាល់ដល់ជីវភាពរស់នៅរបស់អ្នកស្រុកស្រែចម្ការជនជាតិភាគតិចព្នងនៅខេត្តមណ្ឌលគិរី។
============================================================

--- Q&A Pair #63 ---
Question: តើព្រះមហេសីរបស់ព្រះបាទជ័យវរ្ម័នទី៧ព្រះនាមអ្វី ដែលមានព្រះរាជតួនាទីយ៉ាងសំខាន់ក្នុងការបង្រៀននិងផ្សព្វផ្សាយព្រះពុទ្ធសាសនា?
Response: 239 ||1458 ||067 ||2503 ||30488 ||2000 ||1073 ||1278 ||2258 ||2019 ||1098 ||2007 ||1078 ||1059 ||1079 ||1191 ||1070 ||1078 ||1099 ||1199 ||1099 ||1090 ||1094 ||1091 ||1079 ||1079 ||1094 ||1092 ||1079 ||1092 ||1092
============================================================

--- Q&A Pair #64 ---
Question: តើព្រះមហាក្សត្រអង្គណាដែលបានផ្លាស់ប្តូររាជធានីពីតំបន់អង្គរទៅតំបន់កោះកេរ ហើយរាជធានីនោះមានឈ្មោះដើមអ្វី?
Response: 23 || 21 || 20098 លោក ហ៊ុន សែន៖ «ខ្ញុំមិនចង់ឃើញប្រទេសណាមួយដែលគ្មានលទ្ធិប្រជាធិបតេយ្យទេ»។
============================================================

--- Q&A Pair #65 ---
Question: តើប្រាសាទបន្ទាយស្រីដែលមានក្បាច់ចម្លាក់ដ៏រស់រវើក ត្រូវបានកសាងឡើងដោយឥស្សរជនរូបណា?
Response: 23-Jan-2017 9:56 am រចនាប័ទ្មនៃស្ថាបត្យកម្មខ្មែរ ត្រូវបានគេស្គាល់ថា ជាស្នាដៃសិល្បៈដ៏ចំណាស់បំផុតមួយរបស់ប្រទេសកម្ពុជា។ ហើយការរចនានេះត្រូវបានធ្វើឡើងដោយអ្នកជំនាញផ្នែកបុរាណវិទ្យា និង... តើអ្វីជាភាពខុសគ្នារវាងវប្បធម៌និងអរិយធម៌? 21-Feb-2021 14:39 ក្រុមការងារបច្ចេកទេស នៃនាយកដ្ឋានគ្រប់គ្រងព្រៃឈើ ទេសភាព វប្បធម៌ និងបរិស្ថាន បានសហការជាមួយអង្គការ WWF កម្ពុជា បានចុះពិនិត្យទីតាំងដីព្រៃសហគមន៍ចំនួន ០៣កន្លែង ស្ថិតនៅភូមិស្រះស្រង់ ឃុំអន្លង់រាប ស្រុកវាលវែង ខេត្តពោធិ៍សាត់ ដើម្បីសិក្សាពីស្ថានភាពជាក់ស្តែងនៃការរស់នៅ និងការប្រើប្រាស់ធនធានធម្មជាតិ ក្នុងតំបន់ការពារធម្មជាតិនៅក្នុងតំបន់ដែនជម្រកសត្វព្រៃពាមក្រសោប ។ លោក សេង សុធី អនុប្រធានមន្ទីររៀបចំដែនដី នគរូបនីយកម្ម សំណង់ និងសុរិយោដីខេត្តកោះកុង បានឱ្យដឹងថា ការចុះត្រួតពិនិត្យនេះ គឺដើម្បីសិក្សាស្វែងយល់អំពីដំណើរការអនុវត្តគម្រោងសាងសង់ផ្លូវ ក្រាលកៅស៊ូពីរជាន់ (DBST) នៅភូមិសាស្ត្រស្រុកស្រែអំបិល ដែលស្ថិតនៅក្នុងឃុំថ្មដា ស្រុកវាលវែង ខេត្តពោធិសាត់ ដោយផ្តោតសំខាន់ទៅលើការកំណត់ទំហំផ្ទៃដីដែលបានចុះបញ្ជីរួចមកហើយ។ លោកបានបន្តថា គម្រោងខាងលើនេះ មានគោលបំណងរួមចំណែកលើកកម្ពស់ជីវភាពប្រជាពលរដ្ឋនៅតាមមូលដ្ឋានឲ្យកាន់តែប្រសើរឡើងថែមទៀត តាមរយៈការបង្កើនសមត្ថភាពដល់មន្ត្រីរាជការស៊ីវិលក្នុងការបំពេញតួនាទីភារកិច្ចរបស់ខ្លួនឲ្យបានល្អប្រសើរបន្ថែមទៀត។ សូមបញ្ជាក់ថា កាលពីថ្ងៃទី២៧ ខែមករា ឆ្នាំ២០១៧ កន្លងទៅថ្មីៗនេះ ឯកឧត្តម អៀង វុធ អភិបាលរងខេត្តមណ្ឌលគិរី បានអញ្ជើញដឹកនាំកិច្ចប្រជុំគណៈបញ្ជាការឯកភាពរដ្ឋបាលខេត្ត ចុះពិនិត្យមើលទីតាំងដីព្រៃសហគមន៍ទាំង០២ ស្ថិតក្នុងភូមិសាស្រ្តស្រុកពេជ្រាដា ដែលមានលោក ម៉ែន ភិរម្យ អភិបាលរងខេត្ត និងជាប្រធានលេខាធិការដ្ឋាន រដ្ឋបាលខេត្តមណ្ឌលគីរី៕
============================================================

--- Q&A Pair #66 ---
Question: យោងតាមសិលាចារឹកបក្សីចាំក្រុង តើពាក្យថា 'កម្ពុជា' មានប្រភពដើមចេញពីរឿងព្រេងនៃការជួបគ្នារវាងតួអង្គណាខ្លះ?
Response: 'កម្ពុជា' មានប្រភពដើមចេញពីរឿងព្រេងនៃការជួបគ្នារវាងតួអង្គណាខ្លះ? || 'ខ្មែរក្រោមត្រូវបានចាត់ទុកថាជាជនជាតិភាគតិច - សាសនាគ្រឹស្តសករាជ។ || 'ខ្មែរក្រោមគឺជាជនជាតិភាគតិចដែលរស់នៅតាមដងទន្លេមេគង្គក្នុងខេត្តព្រៃវែង និង ខេត្តត្បូងឃ្មុំ ហើយមានដើមកំណើតនៅភូមិភាគឦសាននៃប្រទេសកម្ពុជា។ ជនជាតិវៀតណាមភាគច្រើនរស់នៅក្នុងស្រុកអន្លង់វែង ស្រុកពញាក្រែក ស្រុកអូរាំងឪ និង ឃុំព្រះធាតុ ក្នុងខេត្តក្រចេះ។ ប្រជាជនវៀតណាមជាច្រើនបានស្លាប់ដោយសារជំងឺរាតត្បាតកូវីដ-១៩ ដោយពួកគេជឿថា ពួកគេអាចឆ្លងវីរុសកូរ៉ូណា ឬ កូវីដ-១៩ បាន ប្រសិនបើពួកគេមិនមានការការពារឱ្យបានត្រឹមត្រូវទេនោះ។ ការសិក្សាអំពីប្រវត្តិរបស់ប្រជាជនវៀតណាមដែលបានកើតចេញពីសត្វមូសខ្លា ដែលអ្នកជំនាញផ្នែកវេជ្ជសាស្ត្រនិយាយថា ជាទូទៅ ពួកគេស្ថិតក្នុងចំណោមពួកមនុស្សដែលមានអាយុចាប់ពី ៦០ ឆ្នាំឡើងទៅ ប៉ុន្តែជាធម្មតាវាត្រូវបានគេរកឃើញដំបូងនៅក្នុងប្រទេសវៀតណាមក្នុងឆ្នាំ ១៩៩៧ ។ អ្នកស្រាវជ្រាវបាននិយាយថា វៀតណាមត្រូវបានគេប៉ាន់ស្មានថាមានប្រភពមកពីប្រទេសឡាវនិងថៃ ដែលមានហ្សែនដូចគ្នានឹងសត្វល្អិតដទៃទៀតដែរ។ យោងតាមការសិក្សារបស់វិទ្យាស្ថានជាតិសម្រាប់សុខភាពសាធារណៈបានឱ្យដឹងថា ជំងឺនេះបានរីករាលដាលយ៉ាងឆាប់រហ័សទៅកាន់តំបន់អាស៊ីអាគ្នេយ៍ ដែលជាកន្លែងដែលវារស់នៅតាមមាត់សមុទ្រ។ នៅឆ្នាំ ២០០៨ ប្រទេសម៉ាឡេស៊ីបានក្លាយជាគោលដៅទេសចរណ៍ដ៏សំខាន់មួយរបស់ប្រទេសនេះ ដោយសារតែចំនួនភ្ញៀវទេសចរដ៏ច្រើនសន្ធឹកសន្ធាប់កើនឡើងជារៀងរាល់ថ្ងៃក្នុងរយៈពេលប៉ុន្មានខែចុងក្រោយនេះ។ លោក Robert Lewis នាយកប្រចាំប្រទេសកម្ពុជារបស់អង្គការសហប្រជាជាតិទទួលបន្ទុកសិទ្ធិមនុស្ស (OHCHR) បាននិយាយថា “យើងចង់ឃើញទីក្រុងភ្នំពេញរបស់យើងមានភាពប្រសើរឡើងជាងមុនតាមរយៈកំណើនសេដ្ឋកិច្ចរបស់ខ្លួន”៕
============================================================

--- Q&A Pair #67 ---
Question: តើប្រាសាទព្រះវិហារត្រូវបានកសាងឡើងនៅលើជួរភ្នំអ្វី ហើយស្ថាបនាឡើងដើម្បីឧទ្ទិសដល់ព្រះអាទិទេពអង្គណា?
Response: 239 || 135 || 196 || 207 || 282 || 314 || 880 || 420 || 600 || 550 || 7,224
============================================================

--- Q&A Pair #68 ---
Question: តើស្ថានីយបុរេប្រវត្តិសាស្ត្រល្អាងស្ពាន ដែលបង្ហាញពីការរស់នៅរបស់មនុស្សយុគថ្ម មានទីតាំងស្ថិតនៅក្នុងខេត្តណា?
Response: 23,190 | 0 →<eos>
============================================================

--- Q&A Pair #69 ---
Question: តើមេទ័ពខ្មែររូបណាដែលបានលះបង់ជីវិតលោតចូលរណ្តៅចម្រូង ដើម្បីទៅកេណ្ឌទ័ពខ្មោចមកជួយច្បាំងក្នុងសម័យលង្វែក?
Response: 239 ||140 ||127 ||102 ||358 ||306 ||2022 ||150 ||100 ||1,000 ||1000 ||1,88 ||1,89 ||1,87 ||1,97 ||1,99 ||1,97 ||1,97 ||1,97 ||1,97 || 1,97 ||1,97 ||1,97 ||1,97 ||1,97 ||1,97 ||1,97 ||1,97 ||1,97 ||1,97 ||1,97 ||1,97 ||1,97 ||1,97 ||1,97 ||1,97 ||1,97 ||1,97 ||1,97 ||1,97 ||1,97 ||1,97 ||1,97 ||1,97 ||1,97 ||1,97 ||1,97 ||1,97 ||1,97 ||1,97 ||1,97 ||1,97 ||1,97 ||1,97 ||1,97 ||1,97 ||1,97 ||1,97 ||1,97 ||1,97 ||1,97 ||1,97 ||1,97 ||1,97 ||1,97 ||1,97 ||1,97 ||1,97 ||1,97 ||1,97 ||1,97 ||1,97 ||1,97 ||1,97 ||1,97 ||1,97 ||1,97 ||1,97 ||1,97 ||1,97 ||1,97 ||1,97 ||1,97 ||1,97 ||1,97 ||1,97 ||1,97 ||1,97 ||1,97 ||1,97 ||1,97 ||1,97 ||1,97 ||1,97 ||1,97 ||1,97 ||1,97 ||1,97 ||1,97 ||1,97 ||1,97 ||1,97 ||1,97 ||1,97 ||1,97 ||1,97 ||1,97 ||1,97 ||1,97 ||1,97 ||1,97 ||1,97 ||1,97 ||1,97 ||1,97 ||1,97 ||1,97 ||1,97 ||1,97 ||1,97 ||1,97 ||1,97 ||1,97 ||1,97 ||1,97 ||1,97 ||1,97 ||1,97 ||1,97 ||1,97 ||1,97 ||1,97 ||1,97 ||1,97 ||1,97 ||1,97 ||1,97 ||1,97 ||1,97 ||1,97 ||1,97 ||1,97 ||1,97 ||1,97 ||1,97 ||1,97 ||1,97 ||1,97 ||1,97 ||1,97 ||1,97 ||1,97 ||1,97 ||1,97 ||1,97 ||1,97 ||1,97 ||1,97 ||1,97 ||1,97 ||1,97 ||1,97 ||1,97 ||1,97 ||1,97 ||1,97 ||1,97 ||1,97 ||1,97 ||1,97 ||1,97 ||1,97 ||1,97 ||1,97 ||1,97 ||1,97 ||1,97 ||1,97 ||1,97 ||1,97 ||1,97 ||1,97 ||1,97 ||1,97 ||1,97 ||1,97 ||1,97 ||1,97 ||1,97 ||1,97 ||1,97 ||1,97 ||1,98 ||1,97 ||1,97 ||1,97 ||1,97 ||1,97 ||1,97 ||1,97 ||1,97 ||1,97 ||1,97 ||1,97 ||1,97 ||1,97 ||1,98 ||1,97 ||1,97 ||1,97 ||1,97 ||1,97 ||1,98 ||1,97 ||1,97 ||1,98 ||1,97 ||1,97 ||1,97 ||1,97 ||1,97 ||1,97 ||1,97 ||1,97 ||
============================================================

--- Q&A Pair #70 ---
Question: តើសិលាចារឹកស្តុកកក់ធំមានសារៈសំខាន់យ៉ាងណាខ្លះ ក្នុងការចងក្រងប្រវត្តិសាស្ត្រកម្ពុជានាសម័យអង្គរ?
Response: 231 ||246 ||357 ||098 ||2022 ||109 ||121 ||3088 ||2019 ||319 ||501 ||2100 ||213 ||215 ||214 ||215 ||214 ||214 ||217 ||215 ||218 ||217 ||218 ||215 ||211 ||218 ||218 ||219 ||211 ||219 ||219 ||219 ||219 ||211 ||211 ||211 ||211 ||211 ||211 ||213 ||213 ||214 ||214 ||215 ||214 ||214 ||215 ||215 ||214 ||214 ||214 ||215 ||214 ||214 ||215 ||215 ||215 ||215 ||216 ||216 ||218 ||218 ||218 ||218 ||218 ||219 ||219 ||219 ||219 ||211 ||211 ||211 ||211 ||211 ||211 ||211 ||211 ||213 ||213 ||214 ||214 ||214 ||214 ||215 ||214 ||215 ||215 ||214 ||215 ||218 ||218 ||218
============================================================

--- Q&A Pair #71 ---
Question: តើព្រះមហាក្សត្រអង្គណាដែលបានពង្រីកទឹកដីចក្រភពអង្គរយ៉ាងធំធេងទៅភាគខាងលិច រហូតដល់ជ្រលងទន្លេចៅប្រាយ៉ា?
Response: 239 || 0185 || 224 || 163 || 330 || 470 || 650 || 500 || 720 || 810 || 9,88 || 12,12 || 10,140 || 11,22 || 15,19 || 100 || 6,18 || 9,17 || 1,27 || 20,19 || 1,27 || 19,18 || 1,27 || 1,27 || 1,27 || 1,27 || 1,27 || 1,27 || 1,27 || 1,27 || 1,27 || 1,27 || 1,27 || 1,27 || 1,27 || 1,27 || 1,27 || 1,27 || 1,27 || 1,27 || 1,27 || 1,27 || 1,27 || 1,27 || 1,27 || 1,27 || 1,27 || 1,27 || 1,27 || 1,27 || 1,27 || 1,27 || 1,27 || 1,27 || 1,27 || 1,27 || 1,27 || 1,27 || 1,27 || 1,27 || 1,27 || 1,27 || 1,27 || 1,27 || 1,27 || 1,27 || 1,27 || 1,27 || 1,27 || 1,27 || 1,27 || 1,27 || 1,27 || 1,27 || 1,27 || 1,27 || 1,27 || 1,27 || 1,27 || 1,27 || 1,27 || 1,27 || 1,27 || 1,27 || 1,27 || 1,27 || 1,27 || 1,27 || 1,27 || 1,27 || 1,27 || 1,27 || 1,27 || 1,27 || 1,27 || 1,27 || 1,27 || 1,27 || 1,27 || 1,27 || 1,27 || 1,27 || 1,27 || 1,27 || 1,27 || 1,27 || 1,27 || 1,27 || 1,27 || 1,27 || 1,27 || 1,27 || 1,27 || 1,27 || 1,27 || 1,27 || 1,27 || 1,27 || 1,27 || 1,27 || 1,27 || 1,27 || 1,27 || 1,27 || 1,27 || 1,27 || 1,27 || 1,27 || 1,27 || 1,27 || 1,27 || 1,27 || 1,27 || 1,27 || 1,27 || 1,27 || 1,27 || 1,27 || 1,27 || 1,27 || 1,27 || 1,27 || 1,27 || 1,27 || 1,27 || 1,27 || 1,27 || 1,27 || 1,27 || 1,27 || 1,27 || 1,27 || 1,27 || 1,27 || 1,27 || 1,27 || 1,27 || 1,27 || 1,27 || 1,27 || 1,27 || 1,27 || 1,27 || 1,27 || 1,27 || 1,27 || 1,27 || 1,27 || 1,27 || 1,27 || 1,27 || 1,27 || 1,27 || 1,27 || 1,27 || 1,27 || 1,27 || 1,27 || 1,27 || 1,27 || 1,27 || 1,27 || 1,27 || 1,27 || 1,27 || 1,27 || 1,27 || 1,27 || 1,27 || 1,27 || 1,27 || 1,27 || 1,27 || 1,27 || 1,27 || 1,27 || 1,27 || 1,27 || 1,27 || 1,27 || 1,27 || 1,27 || 1,27 || 1,27 || 1,27 || 1,27 || 1,27 || 1,27 || 1,27 || 1,27 || 1,27 || 1,27 || 1,27 || 1,27 || 1,27 || 1,27 || 1,27 || 1,27 || 1,27 || 1,27 || 1,27 || 1,27 || 1,27 || 1,28 || 1,28 || 1,27|| ≤4.2 || 1,24 || 1,27 || 1,28 || 1,28 || 1,27 || 1,24|
============================================================

--- Q&A Pair #72 ---
Question: តើកត្តាចម្បងអ្វីខ្លះដែលនាំឱ្យចក្រភពអង្គរចុះខ្សោយនិងឈានដល់ការបោះបង់ចោលរាជធានីនៅសតវត្សទី១៥?
Response: 23,09 || 8837 || 16842 || 25184 || 19977 || 3107 || 72047 || 43084 || 6507 || 5007 || 9847 || 8127 || 10987 || 11947 || 60007 || 12227 || 15187 || 20377 || 14187 || 14187 || 14187 || 14187 || 14187 || 14187 || 14187 || 14187 || 14187 || 14187 || 14187 || 14187 || 14187 || 14187 || 14187 || 14187 || 14187 || 14187 || 14187 || 14187 || 14187 || 14187 || 14187 || 14187 || 14187 || 14187 || 14187 || 14187 || 14187 || 14187 || 14187 || 14187 || 14187 || 14187 || 14187 || 14187 || 14187 || 14187 || 14187 || 14187 || 14187 || 14187 || 14187 || 14187 || 14187 || 14187 || 14187 || 14187 || 14187 || 14187 || 14187 || 14187 || 14187 || 14187 || 14187 || 14187 || 14187 || 14187 || 14187 || 14187 || 14187 || 14187 || 14187 || 14187 || 14187 || 14187 || 14187 || 14187 || 14187 || 14187 || 14187 || 14187 || 14187 || 14187 || 14187 || 14187 || 14187 || 14187 || 14187 || 14187 || 14187 || 14187 || 14187 || 14187 || 14187 || 14187 || 14187 || 14187 || 14187 || 14187 || 14187 || 14187 || 14187 || 14187 || 14187 || 14187 || 14187 || 14187 || 14187 || 14187 || 14187 || 14187 || 14187 || 14187 || 14187 || 14187 || 14187 || 14187 || 14187 || 14187 || 14187 || 14187 || 14187 || 14187 || 14187 || 14187 || 14187 || 14187 || 14187 || 14187 || 14187 || 14187 || 14187 || 14187 || 14187 || 14187 || 14187 || 14187 || 14187 || 14187 || 14187 || 14187 || 14187 || 14187 || 14187 || 14187 || 14187 || 14187 || 14187 || 14187 || 14187 || 14187 || 14187 || 14187 || 14187 || 14187 || 14187 || 14187 || 14187 || 14187 || 14187 || 14187 || 14187 || 14187 || 14187 || 14187 || 14187 || 14187 || 14187 || 14187 || 1418|
============================================================

--- Q&A Pair #73 ---
Question: តើទីក្រុងកំពង់ផែពាណិជ្ជកម្មដ៏សំខាន់បំផុតរបស់អាណាចក្រភ្នំឬហ្វូណនមានឈ្មោះអ្វី?
Response: 231 || 062 || 075 || 149 || 083 || 220 || 088 || 330 || 10.0 || 500 || 8.0 || 7,50 || 9.0 || 4.0 || 6.0 || 11.0 || 12.0 || 15.0 || 13.0 || 13.0 || 13.0 || 14.0 || 14.0 || 14.0 || 14.0 || 14.0 || 14.0 || 14.0 || 14.0 || 14.0 || 14.0 || 14.0 || 14.0 || 14.0 || 14.0 || 14.0 || 14.0 || 14.0 || 14.0 || 14.0 || 14.0 || 14.0 || 19.0 || 20.0 || 14.0 || 14.0 || 14.0 || 14.0 || 14.0 || 14.0 || 14.0 || 14.0 || 14.0 || 14.0 || 14.0 || 14.0 || 14.0 || 14.0 || 14.0 || 14.0 || 14.0 || 14.0 || 14.0 || 14.0 || 14.0 || 14.0 || 14.0 || 14.0 || 14.0 || 14.0 || 14.0 || 14.0 || 14.0 || 14.0 || 14.0 || 14.0 || 14.0 || 14.0 || 14.0 || 14.0 || 14.0 || 14.0 || 14.0 || 14.0 || 14.0 || 14.0 || 14.0 || 14.0 || 14.0 || 14.0 || 14.0 || 14.0 || 14.0 || 14.0 || 14.0 || 14.0 || 14.0 || 14.0 || 14.0 || 14.0 || 14.0 || 14.0 || 14.0 || 14.0 || 14.0 || 14.0 || 14.0 || 14.0 || 14.0 || 14.0 || 14.0 || 14.0 || 14.0 || 14.0 || 14.0 || 14.0 || 14.0 || 14.0 || 14.0 || 14.0 || 14.0 || 14.0 || 14.0 || 14.0 || 14.0 || 14.0 || 14.0 || 14.0 || 14.0 || 14.0 || 14.0 || 14.0 || 14.0 || 14.0 || 14.0 || 14.0 || 14.0 || 14.0 || 14.0 || 14.0 || 14.0 || 14.0 || 14.0 || 14.0 || 14.0 || 14.0 || 14.0 || 14.0 || 14.0 || 14.0 || 14.0 || 14.0 || 14.0 || 14.0 || 14.0 || 14.0 || 14.0 || 14.0 || 14.0 || 14.0 || 14.0 || 14.0 || 14.0 || 14.0 || 14.0 || 14.0 || 14.0 || 14.0 || 14.0 || 14.0 || 14.0 || 14.0 || 14.0 || 14.0 || 14.0 || 14.0 || 14.0 || 14.0 || 14.0 || 14.0 || 14.0 || 14.0 || 14.0 || 14.0 || 14.0 || 14.0 || 14.0 || 14.0 || 14.0 || 14.0 || 14.0 || 14.0 || 14.0 || 14.0 || 14.0 || 14.0 || 14.0 || 14.0 || 14.0 || 14.0 || 14.0 || 14.0 || 14.0 || 14.0 || 14.0 || 14.0 || 14.0 || 14.0 || 14.0 || 14.0 || 14.0 || 14.0 || 14.0 || 14.0 || 14.0 || 14.0 || 14.0 || 14.0 || 14.0 || 14.0 || 14.0 || 14.0 || 14.0|| 14.0 || 14.0 || 16.0 || 16.0 || 14.0 | | 16.0 || 24.0 || 16.0 || 14.0 || 13.0 || 14.0 || 14 || 16.0 || 14.0 || 13.0 || 14.0 || 13.0 || 16.0 || 16.0 || 17 || 18.0 || 17 || 14-10 || 17 || 1 1 kg| 13 || 1/12
============================================================

--- Q&A Pair #74 ---
Question: តើព្រះបាទជ័យវរ្ម័នទី២បានកសាងរាជធានីឈ្មោះអ្វីនៅតំបន់រលួស បន្ទាប់ពីយាងចុះពីភ្នំគូលែន?
Response: 23 || 218 © Copyright 2017 - 2024
============================================================

--- Q&A Pair #75 ---
Question: តើប្រាសាទបាយ័នត្រូវបានកសាងឡើងនៅចំកណ្តាលរាជធានីអង្គរធំ ដើម្បីឧទ្ទិសដល់ព្រះពុទ្ធសាសនានិកាយអ្វី?
Response: 231 || 239 || 140 || 273 || 195 || 386 || 202 || 400 || 650 || 5,000 || 7,200 || 830 || 15.88 || 10,107 || 9,128 || 12,227
============================================================

--- Q&A Pair #76 ---
Question: តើបន្ទាយលង្វែកដែលជារាជធានីដ៏រឹងមាំរបស់ខ្មែរ ត្រូវបានកងទ័ពសៀមវាយបែកនៅឆ្នាំណា?
Response: ដើមឈើធំៗក្នុងបរិវេណប្រាសាទអង្គរវត្តត្រូវបានអាជ្ញាធរជាតិអប្សរាធ្វើកំណាយស្រាវជ្រាវ និងរុះរើសាងសង់ឡើងវិញ ដើម្បីរៀបចំសណ្ដាប់ធ្នាប់សាធារណៈ || ដើមឈើរលំសង្កត់មនុស្សស្លាប់និងរបួសជាច្រើននាក់ នៅស្រុកបន្ទាយស្រី || ថ្ងៃសុក្រ ទី02 ខែមិនា ឆ្នាំ2017 ម៉ោង16:59 សៀមរាប៖ អាជ្ញាធរជាតិអប្សរាបានចាប់ផ្តើមជួសជុលផ្លូវចំនួន៣ខ្សែនៅក្នុងក្រុងសៀមរាប ដែលក្នុងនោះមានដូចជា ផ្លូវក្រាលកៅស៊ូពីរជាន់ (DBST) ប្រវែងជាង២គីឡូម៉ែត្រ, ផ្លូវចូលប្រាសាទចៅសាយទេវតា ក្នុងភូមិមណ្ឌល១ សង្កាត់ស្វាយដង្គំ ក្រុង/ខេត្តសៀមរាប។ លោក ហង់ ពៅ អគ្គនាយករងនៃនាយកដ្ឋានអភិរក្សប្រាសាទក្រៅឧទ្យានអង្គរ នៃក្រសួងវប្បធម៌និងវិចិត្រសិល្បៈ បានថ្លែងថា ការងារនេះធ្វើឡើងដើម្បីលើកតម្លៃបេតិកភណ្ឌពិភពលោករបស់ខ្មែរយើងដែលស្ថិតក្រោមការគ្រប់គ្រង របស់លោកនាយករដ្ឋមន្ត្រី ហ៊ុន សែន ហើយនឹងបន្តអនុវត្តន៍តាមផែនការដែលបានគ្រោងទុក ។ លោកបានបន្តថា គម្រោងសាងសង់ផ្លូវទាំងបីខ្សែខាងលើ គឺផ្តោតសំខាន់ទៅលើការងារសំខាន់ៗមួយចំនួន ដូចជាការតភ្ជាប់ស្ពានឆ្លងស្ទឹងសៀមរាប បំបែកចេញពីផ្លូវជាតិលេខ៦ ទៅដល់ផ្សារចាស់ជាដើម ដោយត្រូវចំណាយថវិកាសរុបប្រមាណ៥០០លានរៀល សម្រាប់ការងារជួសជុលហេដ្ឋារចនាសម្ព័ន្ធផ្សេងៗនៅជុំវិញតំបន់រមណីយដ្ឋានអង្គរ ។ លោកអគ្គនាយករង បានបន្ថែមថា «គម្រោងស្ថាបនាផ្លូវទាំងបី ខ្សែនេះជាប្រភេទផ្លូវបេតុងមួយក្នុងចំណោមផ្លូវទាំងបួនផ្សេងទៀត ដែលបានដាក់ឱ្យប្រើប្រាស់កាលពីឆ្នាំ២០១០ កន្លងមក» ៕
============================================================

--- Q&A Pair #77 ---
Question: តើព្រះមហាក្សត្រចេនឡាអង្គណាដែលបានចាប់ផ្តើមធ្វើសង្គ្រាមវាយលុកដណ្តើមយកទឹកដីនិងអំណាចពីអាណាចក្រហ្វូណន?
Response: 231 || 889 || 1342 || 258 || 1960 || 379 || 2030 || 400 || 550 || 620 || 722 || 810 || 90 || 12,127
============================================================

--- Q&A Pair #78 ---
Question: តើការជីកបារាយណ៍ធំៗនាសម័យអង្គរមានគោលបំណងចម្បងអ្វីខ្លះសម្រាប់សង្គមជាតិ?
Response: 239 ||142 ||376 ||108 ||053 ||127 ||2022 ||301 ||288 ||2019 ||295 ||296 ||297 ||2000 ||150 ||100 ||1000 ||1,000
============================================================

--- Q&A Pair #79 ---
Question: តើព្រះមហាក្សត្រអង្គណាដែលបានលើកស្ទួយវិស័យអក្សរសិល្ប៍ និងបានបោះពុម្ពរូបិយប័ណ្ណជាតិប្រើប្រាស់ជាលើកដំបូងនៅសតវត្សទី១៩?
Response: 23 || 00:07||តើអ្នកបានដឹងអំពីរឿងនេះដែរឬទេ? តើព្រះមហាក្សត្រអង្គណាដែលបានលើកស្ទួយវិស័យអក្សរសាស្ត្រជាតិ ? ព្រះបាទនរោត្តម សីហមុនី បានមានព្រះរាជបន្ទូលថា «ខ្ញុំសូមជម្រាបជូនបងប្អូនជនរួមជាតិទាំងអស់ឲ្យបានជ្រាបថា៖ ខ្ញុំព្រះករុណាជាអម្ចាស់ជីវិតលើត្បូង ជាទីគោរពសក្ការៈដ៏ខ្ពង់ខ្ពស់បំផុត សូមព្រះអង្គប្រោស ព្រះរាជទាននូវព្រះបរិត្ត និងសេចក្តីសុខសាន្តគ្រប់ៗគ្នា។» (ដកស្រង់ពីកាសែតភ្នំពេញប៉ុស្តិ៍)
============================================================

--- Q&A Pair #80 ---
Question: តើកិច្ចព្រមព្រៀងសន្តិភាពទីក្រុងប៉ារីសស្តីពីដំណោះស្រាយនយោបាយរួមនៅកម្ពុជា ត្រូវបានចុះហត្ថលេខានៅថ្ងៃខែឆ្នាំណា?
Response: 239 ||2487<eos>
============================================================

--- Q&A Pair #81 ---
Question: តើការបោះឆ្នោតតាមបែបប្រជាធិបតេយ្យសេរីពហុបក្សជាលើកដំបូងនៅកម្ពុជាក្រោយសង្គ្រាម ដែលរៀបចំដោយអង្គការសហប្រជាជាតិ បានប្រព្រឹត្តទៅនៅឆ្នាំណា?
Response: 23, 2017 | 0 (ភ្នំពេញ)៖ លោកបណ្ឌិត សុខ ទូច ប្រធានរាជបណ្ឌិត្យសភាកម្ពុជា បានលើកឡើងថា ការអភិវឌ្ឍប្រទេសជាតិ គឺត្រូវមានការចូលរួមពីប្រជាពលរដ្ឋគ្រប់ស្រទាប់វណ្ណៈ។ លោកបានលើកឡើងយ៉ាងដូច្នេះ នៅក្នុងពិធីបើកសន្និបាតបូកសរុបការងារឆ្នាំ២០១៦ និងលើកទិសដៅការងារឆ្នាំ២០១៩ របស់ក្រសួងអប់រំ យុវជននិងកីឡា នៅសណ្ឋាគារសុខាអង្គរ នាព្រឹកថ្ងៃទី២៣ ខែមករា ឆ្នាំ២០១៧នេះ។ លោកបន្តថា «ការអភិវឌ្ឍប្រទេសកម្ពុជាយើងបច្ចុប្បន្ននេះ គឺមានលក្ខណៈល្អប្រសើរជាងកាលពីមុនៗ ដោយសារកត្តាសុខសន្តិភាព ស្ថិរភាពនយោបាយ និងការរីកចម្រើនលើវិស័យសេដ្ឋកិច្ច សង្គម» ។ ជាមួយគ្នានោះដែរលោកក៏បានអំពាវនាវដល់បងប្អូនជនរួមជាតិនៅទូទាំងប្រទេស ត្រូវចូលរួមថែរក្សាអនាម័យ បរិស្ថានឱ្យបានល្អ ដើម្បីទាក់ទាញភ្ញៀវទេសចរមកទស្សនាកំសាន្តកាន់តែច្រើនថែមទៀត។ សូមបញ្ជាក់ថា គណៈកម្មាធិការអចិន្ត្រៃយ៍នៃរដ្ឋសភា នឹងរៀបចំកិច្ចប្រជុំពេញអង្គលើកទី៤ នីតិកាលទី៥ នាថ្ងៃទី៣០ ខែវិច្ឆិកា ឆ្នាំ២០១៨ខាងមុខ ក្រោមអធិបតីភាពដ៏ខ្ពង់ខ្ពស់របស់សម្តេចអគ្គមហាពញាចក្រី ហេង សំរិន ប្រធានរដ្ឋសភា ដោយមានរបៀបវារៈចំនួនបីគឺ ៖ ១-សេចក្តីព្រាងច្បាប់ស្តីពីវិសោធនកម្មរដ្ឋធម្មនុញ្ញ ២- សេចក្តីព្រាងច្បាប់ស្តីពីការអនុម័តយល់ព្រមលើសន្ធិសញ្ញាព្រំដែនកម្ពុជា វៀតណាម ស្តីពីជីវសុវត្ថិភាព ទៅកាន់ក្រុមប្រឹក្សាធម្មនុញ្ញ ៣- សេចក្តីព្រាងច្បាប់ស្តីពីការអនុម័តយល់ព្រមលើសន្ធិសញ្ញាបំពេញបន្ថែមទីក្រុងប៉ារីស ឆ្នាំ១៩៩១ ៤- សេចក្តីថ្លែងការណ៍ ៧ខែ ឆ្នាំ២០១៦ ៥- សេចក្តីប្រកាសជូនដំណឹងលេខ ០២៨/០១៧ ក.ជ.ក ចុះថ្ងៃទី១៧ ខែកញ្ញា ឆ្នាំ២០១៥៕
============================================================

--- Q&A Pair #82 ---
Question: តើរាជធានីដំបូងបង្អស់នៃអាណាចក្រភ្នំឬហ្វូណនមានឈ្មោះអ្វី ហើយមានន័យដូចម្តេច?
Response: 23.21 || ↑<eos>
============================================================

--- Q&A Pair #83 ---
Question: តើព្រះមហាក្សត្រអង្គណាដែលបានបង្រួបបង្រួមនគរហ្វូណននិងចេនឡា ហើយទ្រង់បានកសាងរាជធានីឈ្មោះអ្វី?
Response: 237 || 141 || 158 || 199 || 226 || 353 || 200 || 410 || 550 || 600 || 720 || 830 || 922 || 247 || 1288
============================================================

--- Q&A Pair #84 ---
Question: តើព្រះមហាក្សត្រអង្គណាដែលបានស្ថាបនារាជធានីដំបូងគេនៅតំបន់អង្គរ ហើយរាជធានីនោះមានឈ្មោះអ្វី?
Response: 237 || 1482 || 293 || 351 || 460 || 550 || 620 || 988 || 7,10 || 8.12 || 102 || 114 || 129 || 238 || 158 || 130 || 184 || 200 || 199 || 244 || 135 || 144 || 145 || 135 || 146 || 147 || 148 || 148 || 149 || 140 || 147 || 149 || 149 || 141 || 140 || 149 || 140 || 141 || 143 || 143 || 144 || 144 || 144 || 144 || 144 || 145 || 144 || 144 || 144 || 145 || 144 || 145 || 145 || 144 || 145 || 146 || 144 || 144 || 146 || 146 || 147 || 148 || 148 || 148 || 148 || 148 || 148 || 148 || 148 || 148 || 149 || 149 || 149 || 149 || 149 || 1400 || 141 || 149 || 140 || 140 || 142 || 142 || 1422 || 140 || 142 || 143 || 143 || 143 || 144 || 143 || 144 || 144 || 144 || 144 || 145 || 144 || 144 || 144 || 145 || 144 || 144 || 144 || 145 || 145 || 144 || 146 || 147 || 147 || 147 || 147 || 148 || 147 || 148 || 147 || 148 || 140 || 148 || 149 || 149 || 149 || 140 || 149 || 140 || 140 || 140 || 140 || 140 || 141 || 140 || 141 || 140 || 141 || 141 || 141 || 141 || 142 || 141 || 141 || 143 || 141 || 143 || 143 || 144 || 143 || 144 || 144 || 144 || 144 || 144 || 145 || 144 || 145 || 144 || 144 || 145 || 145 || 146 || 147 || 147 || 148 || 148 || 140 || 148 || 149 || 141 || 141 || 141 || 141 || 142 || 143 || 143 || 144 || 144 || 144 || 144 || 144 || 144 || 144 || 144 || 145 || 145 || 145 || 146 || 146 || 146 || 147 || 148 || 147 || 149 || 148 || 148 || 148 || 148 || 148 || 141 || 141 || 148 || 141 || 141 || 141 || 141 || 141 || 141 || 141 || 141 || 143 || 142 || 143 || 143 || 143 || 144 || 143 || 144 || 144 || 144 || 145 || 144 || 146 || 146 || 147 || 148 || 148 || 141 || 148 || 148 || 148 || 149 || 149 || 149 || 149 || 148 || 141 || 149 || 149 || 148 || 140 || 149 || 149 || 148 || 141 || 149 || 148 || 141 || 141 || 141 || 143 || 143 || 148
============================================================

--- Q&A Pair #85 ---
Question: តើព្រះបាទជ័យវរ្ម័នទី៧ បានធ្វើសង្គ្រាមរំដោះរាជធានីអង្គរពីកងទ័ពចាមនិងឡើងគ្រងរាជ្យនៅឆ្នាំណា?
Response: 23 || | ↑<eos>
============================================================

--- Q&A Pair #86 ---
Question: តើព្រះមហាក្សត្រអង្គណាដែលបានបង្ក្រាបក្បត់ស្តេចកនបានជោគជ័យ ហើយបានកសាងបន្ទាយលង្វែកជារាជធានី?
Response: 23 || 142 || 216 || 1998 || 337 || 2005 || 430 || 500 || 750 || 620 || 8,88 || 9,10 || 10,12 || 11,17 || 12,22 || 15,98 || 100 || 23,99 || 1,99 || 0,90 || 1,99 || 1,99 || 1,99 || 1,99 || 1,90 || 1,99 || 1,99 || 1,99 || 1,99 || 1,99 || 1,99 || 1,99 || 1,99 || 1,99 || 1,99 || 1,99 || 1,99 || 1,99 || 1,99 || 1,99 || 1,99 || 1,99 || 1,99 || 1,99 || 1,99 || 1,99 || 1,99 || 1,99 || 1,99 || 1,99 || 1,99 || 1,99 || 1,99 || 1,99 || 1,99 || 1,99 || 1,99 || 1,99 || 1,99 || 1,99 || 1,99 || 1,99 || 1,99 || 1,99 || 1,99 || 1,99 || 1,99 || 1,99 || 1,99 || 1,99 || 1,99 || 1,99 || 1,99 || 1,99 || 1,99 || 1,99 || 1,99 || 1,99 || 1,99 || 1,99 || 1,99 || 1,99 || 1,99 || 1,99 || 1,99 || 1,99 || 1,99 || 1,99 || 1,99 || 1,99 || 1,99 || 1,99 || 1,99 || 1,99 || 1,99 || 1,99 || 1,99 || 1,99 || 1,99 || 1,99 || 1,99 || 1,99 || 1,99 || 1,99 || 1,99 || 1,99 || 1,99 || 1,99 || 1,99 || 1,99 || 1,99 || 1,99 || 1,99 || 1,99 || 1,99 || 1,99 || 1,99 || 1,99 || 1,99 || 1,99 || 1,99 || 1,99 || 1,99 || 1,99 || 1,99 || 1,99 || 1,99 || 1,99 || 1,99 || 1,99 || 1,99 || 1,99 || 1,99 || 1,99 || 1,99 || 1,99 || 1,99 || 1,99 || 1,99 || 1,99 || 1,99 || 1,99 || 1,99 || 1,99 || 1,99 || 1,99 || 1,99 || 1,99 || 1,99 || 1,99 || 1,99 || 1,99 || 1,99 || 1,99 || 1,99 || 1,99 || 1,99 || 1,99 || 1,99 || 1,99 || 1,99 || 1,99 || 1,99 || 1,99 || 1,99 || 1,99 || 1,99 || 1,99 || 1,99 || 1,99 || 1,99 || 1,99 || 1,99 || 1,99 || 1,99 || 1,99 || 1,99 || 1,99 || 1,99 || 1,99 || 1,99 || 1,99 || 1,99 || 1,99 || 1,99 || 1,99 || 1,99 || 1,99 || 1,99 || 1,99 || 1,99 || 1,99 || 1,99 || 1,99 || 1,99 || 1,99 || 1,99 || 1,99 || 1,99 || 1,99 || 1,99 || 1,99 || 1,99 || 1,99 || 1,99 || 1,99 || 1,99 || 1,9 || 1,98 || 1,99 || 1,99 || 1,99 || 1,99 || 1,99 || 1,99 || 1,99 || 1,90 || 1,90 || 1,99 || 1,99 || 1,99 || 1,99 || 1,99 || 1,99 || 1,9 || 1,9 || 1,9 || 1,9 ||
============================================================

--- Q&A Pair #87 ---
Question: តាមរយៈសន្ធិសញ្ញាបារាំងនិងសៀមនៅឆ្នាំ១៩០៧ តើប្រទេសសៀមបានយល់ព្រមប្រគល់ខេត្តសំខាន់ៗចំនួនប៉ុន្មានមកឱ្យកម្ពុជាវិញ? អ្វីខ្លះ?
Response: 23 || 01:35 ||<eos>
============================================================

--- Q&A Pair #88 ---
Question: តើរបបសង្គមរាស្ត្រនិយមត្រូវបានបង្កើតឡើងនៅឆ្នាំណា ហើយដឹកនាំដោយឥស្សរជននយោបាយរូបណា?
Response: 238 || 145 || 199 || 272 || 316 || 43,012 || 1288 || 750 || 520 || 630 || 800 || 910 || 10.1 || 118 || 200 || 158 || 183 || 133 || 134 || 144 || 134 || 144 || 144 || 144 || 144 || 144 || 144 || 144 || 144 || 144 || 144 || 144 || 144 || 144 || 144 || 144 || 144 || 144 || 144 || 144 || 144 || 144 || 144 || 144 || 144 || 144 || 144 || 144 || 144 || 144 || 144 || 144 || 144 || 144 || 144 || 144 || 144 || 144 || 144 || 144 || 144 || 144 || 144 || 144 || 144 || 144 || 144 || 144 || 144 || 144 || 144 || 144 || 144 || 144 || 144 || 144 || 144 || 144 || 144 || 144 || 144 || 144 || 144 || 144 || 144 || 144 || 144 || 144 || 144 || 144 || 144 || 144 || 144 || 144 || 144 || 144 || 144 || 144 || 144 || 144 || 144 || 144 || 144 || 144 || 144 || 144 || 144 || 144 || 144 || 144 || 144 || 144 || 144 || 144 || 144 || 144 || 144 || 144 || 144 || 144 || 144 || 144 || 144 || 144 || 144 || 144 || 144 || 144 || 144 || 144 || 144 || 144 || 144 || 144 || 144 || 144 || 144 || 144 || 144 || 144 || 144 || 144 || 144 || 144 || 144 || 144 || 144 || 144 || 144 || 144 || 144 || 144 || 144 || 144 || 144 || 144 || 144 || 144 || 144 || 144 || 144 || 144 || 144 || 144 || 144 || 144 || 144 || 144 || 144 || 144 || 144 || 144 || 144 || 144 || 144 || 144 || 144 || 144 || 144 || 144 || 144 || 144 || 144 || 144 || 144 || 144 || 144 || 144 || 144 || 144 || 144 || 144 || 144 || 144 || 144 || 144 || 144 || 144 || 144 || 144 || 144 || 144 || 144 || 144 || 144 || 144 || 144 || 144 || 144 || 144 || 144 || 144 || 144 || 144 || 144 || 144 || 144 || 144 || 144 || 144 || 144 || 144 || 144 || 144 || 144 || 144 || 144 || 144 || 144 || 144 || 144 || 144 || 144 || 144 || 144 || 144 || 144 || 144 || 144 || 144 || 144 || 144 || 144 || 145 || 144 || 144 || 144 || 144
============================================================

--- Q&A Pair #89 ---
Question: តើមានព្រឹត្តិការណ៍នយោបាយអ្វីកើតឡើងនៅថ្ងៃទី១៨ ខែមីនា ឆ្នាំ១៩៧០ ដែលធ្វើឱ្យកម្ពុជាផ្លាស់ប្តូររបបដឹកនាំទាំងស្រុង?
Response: 239 || 184 || 195 || 216 || 337 || 427 || 70 || 630 || 550 || 812 || 920 || 1010 || 1500 || 1188
============================================================

--- Q&A Pair #90 ---
Question: តើមានព្រឹត្តិការណ៍អ្វីកើតឡើងចំពោះប្រជាពលរដ្ឋនៅទីក្រុងភ្នំពេញ នៅពេលដែលកងទ័ពខ្មែរក្រហមវាយកាន់កាប់ទីក្រុងនៅថ្ងៃទី១៧ ខែមេសា ឆ្នាំ១៩៧៥?
Response: 239 || 233 || លោក ហ៊ុន សែន៖ «ខ្ញុំសូមអំពាវនាវដល់ប្រជាពលរដ្ឋខ្មែរទាំងអស់ កុំឲ្យទៅបោះឆ្នោតនៅថ្ងៃទី២៩ ខែកក្កដា ខាងមុខនេះ»។ ការលើកឡើងរបស់មន្ត្រីជាន់ខ្ពស់គណបក្សប្រជាជនកម្ពុជា ធ្វើឡើងបន្ទាប់ពីលោក សម រង្ស៊ី ប្រធានស្តីទីអតីតបក្សសង្គ្រោះជាតិ បានសរសេរលើទំព័រហ្វេសប៊ុករបស់លោកកាលពីថ្ងៃទី១៦ ខែមេសា ថា គណបក្សប្រជាជនកម្ពុជានៅតែបន្តប្រកាន់ជំហរអព្យាក្រឹត្យ មិនចូលរួមកិច្ចប្រជុំកំពូលអាស៊ាន-អាមេរិក នៅខែក្រោយនេះ។ អតីតប្រធានគណបក្សសង្រ្គោះជាតិរូបនេះ អះអាងថា នឹងមិនចូលរួមសម័យប្រជុំនៃមហាសន្និបាតអង្គការសហប្រជាជាតិលើកទី៧៣ ដែលកម្ពុជាធ្វើជាម្ចាស់ផ្ទះនោះទេ។ ប៉ុន្តែអ្នកនាំពាក្យរដ្ឋាភិបាលកម្ពុជាបានអះអាងថា បើគ្មានវត្តមានមេដឹកនាំនយោបាយនៅកម្ពុជាទេ នោះកម្ពុជានឹងបាត់បង់ការគាំទ្រពីសហគមន៍អន្តរជាតិ ហើយអាចប្រឈមនឹងការគំរាមកំហែងទៀតផង។ អ្នកវិភាគលើកឡើងថា ប្រសិនបើរបបក្រុងភ្នំពេញនៅតែបន្តរំលោភបំពានសិទ្ធិមនុស្ស និងបំផ្លាញលទ្ធិប្រជាធិបតេយ្យនោះ កម្ពុជាអាចនឹងធ្លាក់ទៅក្នុងភាពក្រីក្រជាដរាប៕
============================================================

--- Q&A Pair #91 ---
Question: តើថ្ងៃទី៧ ខែមករា ឆ្នាំ១៩៧៩ គឺជាថ្ងៃប្រវត្តិសាស្ត្រអ្វីសម្រាប់ប្រជាជាតិនិងប្រជាជនកម្ពុជា?
Response: 231 ||028 ||467 ||395 ||1012 ||2022 ||301 ||2017 1 2 3 4 5 » ការបោះឆ្នោតជ្រើសតាំងតំណាងរាស្ត្រ នីតិកាលទី៦ ឆ្នាំ២០១៨
============================================================

--- Q&A Pair #92 ---
Question: តើប្រព័ន្ធរដ្ឋបាលដែនដីរបស់ព្រះរាជាណាចក្រកម្ពុជាត្រូវបានបែងចែកជាប៉ុន្មានថ្នាក់ ហើយមានអ្វីខ្លះ?
Response: 239 ||138 ||240 ||107 ||56||ការបែងចែកតំបន់គ្រប់គ្រង និងអភិវឌ្ឍដោយចីរភាពនៃព្រះរាជាណាចក្រកម្ពុជា (២០០៨-២០១៣) || 88 ||304 ||209 ||127 ||501 ||201 ||015 ||100 ||201 ||201 ||015 ||201 ||201 ||201 ||201 ||201 ||201 ||201 ||201 ||201 ||201 ||201 ||201 ||201 ||201 ||201 ||201 ||201 ||201 ||201 ||201 ||201 ||201 ||201 ||201 ||201 ||201 ||201 ||201 ||201 ||201 ||201 ||201 ||201 ||201 ||201 ||201 ||201 ||201 ||201 ||201 ||201 ||201 ||201 ||201 ||201 ||201 ||201 ||201 ||201 ||201 ||201 ||201 ||201 ||201 ||201 ||201 ||201 ||201 ||201 ||201 ||201 ||201 ||201 ||201 ||201 ||201 ||201 ||201 ||201 ||201 ||201 ||201 ||201 ||201 ||201 ||201 ||201 ||201 ||201 ||201 ||201 ||201 ||201 ||201 ||201 ||201 ||201 ||201 ||201 ||201 ||201 ||201 ||201 ||201 ||201 ||201 ||201 ||201 ||201 ||201 ||201 ||201 ||201 ||201 ||201 ||201 ||201 ||201 ||201 ||201 ||201 ||201 ||201 ||201 ||201 ||201 ||201 ||201 ||201 ||201 ||201 ||201 ||201 ||201 ||201 ||201 ||201 ||201 ||201 ||201 ||201 ||201 ||201 ||201 ||201 ||201 ||201 ||201 ||201 ||201 ||201 ||201 ||201 ||201 ||201 ||201 ||201 ||201 ||201 ||201 ||201 ||201 ||201 ||201 ||201 ||201 ||201 ||201 ||201 ||201 ||201 ||201 ||201 ||201 ||201 ||201 ||201 ||201 ||201 ||201 ||201 ||201 ||201 ||201 ||201 ||201 ||201 ||201 ||201 ||201 ||201 ||201 ||201 ||201 ||201 ||201 ||201 ||201 ||201 ||201 ||201 ||201 ||201 ||201 ||201 ||201 ||201 ||201 ||201 ||201 ||201 ||201 ||201 ||201 ||201 ||201 ||201 ||201 ||201 ||201 ||201 ||201 ||201 ||201 ||201 ||201 ||201 ||201 ||201 ||201 ||201 ||201 ||201 ||201 ||201 ||201 ||201 ||201 ||201 ||201 ||201 ||201 ||201 ||201 ||201 ||201 ||201 ||201 ||201 ||201 ||201 ||201 ||201 ||201 ||201 ||201 ||201 ||201 ||201 ||201 ||201 ||201 ||201 ||201 ||201 ||201 ||201 ||201 ||201 ||201 ||201 ||201 ||201 ||201 ||201 ||201 ||201 ||201 ||201 ||201 ||201 ||201 ||201 ||201 ||201 ||201 ||201 ||201 ||201 ||201 ||201 ||201 ||201 ||201 ||201 ||201 ||201 ||201 ||201 ||201 ||201 ||201 ||201 ||201 ||201 ||201 ||201 ||201 ||201 ||201 ||201 ||201 ||201 ||201 ||201 ||201 ||201 ||201 ||201 ||201 ||201 ||201 ||201 ||201 ||201 ||201 ||201 ||201 ||201 ||201 ||201 ||201 ||201 ||201 ||201 ||201 ||201 ||201 ||201 ||201 ||201 ||201 ||201 ||201 ||201 ||201 ||201 ||201 ||201 ||201 ||201 ||201 ||201 ||201 ||201 ||201 ||201 ||201 ||201 ||201 ||201 ||201 ||201 ||201 ||201 ||201 ||201 ||201 ||201 ||ថ្ងៃអង្គារ ||១៩ ||, 2018 || 201 || ||201 ||201 ||2023 || || ១៨ || ||១៨ || ||០៩៧ ||ព័ត៌មានលម្អិត៖ តើមានអ្វីខ្លះ?| ||201 || 4.1 ||201 ||201 ||201 ||201 ||201 ||201 ||201 ||201 ||201 ||201 ||201 ||201 ||201 ||201 ||201 ||201 ||201 ||201 ||201 ||201 ||201 ||201 ||201 ||201 ||201 ||201 ||201 ||201 ||201 ||201 ||201 ||201 ||201 ||201 ||201 ||201 ||201 || ||201 ||201 ||201 || || ||201 || ||201 ||201 ||201 ||201 ||201 || ||201 ||201 || ||201 || ||201 || || ||201 || ||201 || || ||201 || ||201 ||201 || || ||201 ||201 || || || ||201 || || || || ||201 || || || || || ||201 || || || || || || || || || || - 1 || || || || || || || || || || || || || || || || || || || || || || || || || || || || || || || || || || || || || || || || || || || || || || || || || || || || || || || || || || || || || || || || || || || || || || || || || || || || || || || || || || || || || || || || || || || || || || || || || || || || || || || || || || || || || || || || || || || || || || || || || || || || || || || || || || || || || || || || || || || || || || || || || || || || || || ||
============================================================

--- Q&A Pair #93 ---
Question: តើខេត្តណាដែលទើបតែត្រូវបានបង្កើតឡើងចុងក្រោយគេបង្អស់នៅប្រទេសកម្ពុជា ហើយត្រូវបានបំបែកចេញពីខេត្តណា?
Response: 231 || 239 || លោក សួន បវរ អភិបាលខេត្តបន្ទាយមានជ័យ បានជំរុញឲ្យអាជ្ញាធរក្រុងប៉ោយប៉ែត និងមន្ទីរជំនាញពាក់ព័ន្ធ ត្រូវបន្តចុះពិនិត្យនិងរៀបចំសណ្ដាប់ធ្នាប់នៅតាមដងផ្លូវសំខាន់ៗក្នុងភូមិសាស្ត្ររបស់ខ្លួនឲ្យបានល្អប្រសើរ ដើម្បីបង្កលក្ខណៈងាយស្រួលដល់បងប្អូនប្រជាពលរដ្ឋធ្វើដំណើរឆ្លងកាត់។ ការលើកឡើងរបស់លោកអភិបាលខេត្តនេះ គឺបន្ទាប់ពីលោក អ៊ុំ រាត្រី អភិបាលនៃគណៈអភិបាលខេត្តបន្ទាយមានជ័យ និងលោក ង៉ោ ម៉េងជ្រិន ប្រធានមន្ទីរសាធារណៈការ និងដឹកជញ្ជូន ខេត្តបន្ទាយមានជ័យ បានចុះទៅពិនិត្យមើលទីតាំងដីទំនាស់មួយកន្លែង ដែលស្ថិតនៅក្នុងភូមិអូរជ្រៅ សង្កាត់ប៉ោយប៉ែត ក្រុងប៉ោយប៉ែត កាលពីរសៀលថ្ងៃទី២០ ខែមេសា ឆ្នាំ២០១៩ ។ ជាមួយគ្នានេះដែរ ប្រជាពលរដ្ឋបានសំណូមពរទៅដល់ ឯកឧត្តម អាត់ ខែម ស្នងការនគរបាលខេត្តបន្ទាយមានជ័យ សូមមេត្តាជួយអន្តរាគមន៍ដោះស្រាយបញ្ហាដីធ្លីជូនពួកគាត់ផង ព្រោះកន្លងមកមានពលរដ្ឋខ្លះធ្លាប់តែរស់នៅតំបន់នោះ ហើយមួយចំនួនទៀតមិនហ៊ានតវ៉ាទេ តែពួកគេនៅតែលួចលក់ដូរដដែល៕
============================================================

--- Q&A Pair #94 ---
Question: តើតំបន់ឆ្នេរសមុទ្ររបស់ប្រទេសកម្ពុជាគ្របដណ្តប់លើរដ្ឋបាលខេត្តចំនួនប៉ុន្មាន? តើមានខេត្តអ្វីខ្លះ?
Response: 231 || 883-98||ការអភិវឌ្ឍតំបន់ឆ្នេរសមុទ្រកម្ពុជា និងទីក្រុងព្រះសីហនុ មានលក្ខណៈពិសេសប្លែកពីគេក្នុងប្រទេសកម្ពុជា។ តើមានខេត្តប៉ុន្មានដែលស្ថិតនៅតាមដងទន្លេមេគង្គ? តើស្ថិតនៅចំណុចណាខ្លះ ដែលអ្នកគួរទៅលេងកម្សាន្តនៅទីនោះ? || 1427 ||
============================================================

--- Q&A Pair #95 ---
Question: តើការបែងចែកថ្នាក់រដ្ឋបាលនៅរាជធានីភ្នំពេញមានលក្ខណៈខុសប្លែកពីបណ្តាខេត្តនានាយ៉ាងដូចម្តេចខ្លះ?
Response: 231 ||452 ||378 ||096 ||304 ||1022 ||1220 ||502 ||304 ||304 ||288 ||211 ||300 ||352 ||304 ||304 ||304 ||304 ||304 ||304 ||304 ||304 ||304 ||305 ||304 ||304 ||304 ||305 ||304 ||304 ||304 ||304 ||304 ||304 ||304 ||304 ||305 ||305 ||305 ||304 ||304 ||305 ||306 ||308 ||304 ||305 ||304 ||305 ||308 ||307 ||305 ||308 ||304 ||306 ||308 ||308 ||309 ||305 ||308 ||301 ||308 ||301 ||308 ||309 ||308 ||308 ||301 ||301 ||308 ||309 ||301 ||301 ||309 ||301 ||309 ||301 ||308 ||309 ||302 ||301 ||302 ||301 ||308 ||301 ||301 ||302 ||301 ||301 ||301 ||301 ||302 ||301 ||301 ||301 ||302 ||302 ||301 ||303 ||304 ||301 ||304 ||304 ||305 ||304 ||304 ||305 ||304 ||304 ||308 ||308 ||305 ||301 ||307 ||307 ||308 ||307 ||309 ||308 ||309 ||305 ||307 ||301 ||308 ||309 ||308 ||308 ||305 ||308 ||309 ||309 ||308 ||308 ||308 ||308 ||309 ||309 ||301 ||309 ||308 ||309 ||301 ||301 ||308 ||309 ||301 ||301 ||301 ||309 ||301 ||301 ||302 ||301 ||302 ||301 ||301 ||302 ||302 ||302 ||302 ||301 ||302 ||302 ||302 ||302 ||302 ||303 ||303 ||304 ||304 ||304 ||304 ||305 ||304 ||304 ||305 ||305 ||305 ||304 ||305 ||305 ||304 ||305 ||305 ||308 ||307 ||305 ||308 ||308 ||309 ||308 ||305 ||309 ||301 ||308 ||301 ||308 ||305 ||301 ||301 ||302 ||305 ||305 ||301 ||304 ||306 ||301 ||301 ||301 ||301 ||301 ||301 ||302 ||303 ||304 ||301 ||304 ||304 ||304 ||305 ||304 ||308 ||305 ||301 ||301 ||306 ||307 ||304 ||307 ||308 ||309 ||305 ||308 ||307 ||309 ||309 ||308 ||308 ||308 ||309 ||308 ||309 ||308 ||308 ||308 ||301 ||308 ||309 ||308 ||309 ||309 ||301 ||309 ||309 ||301 ||308 ||302 ||309 ||309 ||301 ||301 ||301 ||301 ||301 ||302 ||301 ||302 ||301 ||302 ||302 ||302 ||305 ||303 ||304 ||302 ||308 ||308 ||302 ||305 ||307 ||309 ||308 ||302 ||308 ||308 ||301 ||308 ||301 ||302 ||305 ||305 ||308 ||304 ||304 ||308 ||308 ||308 ||309 ||301 ||308 ||301||ការវាស់វែងដោយគ្មានការកំណត់||ថ្ងៃ 182 ||219 ||301 ||301 ||307 ||304 ||302 ||308 ||301 ||305 ||304 ||305 ||304 ||304 ||301 ||304 ||301 ||308 ||305 ||308 ||301 ||30 ||30 ||30 || - 2.30|
============================================================

--- Q&A Pair #96 ---
Question: តើមានរដ្ឋបាលខេត្តចំនួនប៉ុន្មានដែលមានព្រំប្រទល់ជាប់នឹងបឹងទន្លេសាប?
Response: 239 ||402 ||513 ||687 ||1022 ||501 ||1220 ||301 ||100 ||2019 ||288 ||714 ||171 ||119 ||189 ||195 ||191 ||191 ||195 ||191 ||191 ||191 ||191 ||191 ||191 ||192 ||192 ||193 ||193 ||193 ||193 ||193 ||193 ||193 ||193 ||194 ||194 ||194 ||193 ||194 ||194 ||194 ||194 ||194 ||194 ||195 ||194 ||194 ||194 ||194 ||194 ||194 ||194 ||194 ||194 ||194 ||194 ||194 ||194 ||194 ||194 ||194 ||194 ||194 ||194 ||194 ||194 ||194 ||194 ||194 ||194 ||194 ||194 ||194 ||194 ||194 ||194 ||194 ||194 ||194 ||194 ||194 ||194 ||194 ||194 ||194 ||194 ||194 ||194 ||194 ||194 ||194 ||194 ||194 ||194 ||194 ||194 ||194 ||194 ||194 ||194 ||194 ||194 ||194 ||194 ||194 ||194 ||194 ||194 ||194 ||194 ||194 ||194 ||194 ||194 ||194 ||194 ||194 ||194 ||194 ||194 ||194 ||194 ||194 ||194 ||194 ||194 ||194 ||194 ||194 ||194 ||194 ||194 ||194 ||194 ||194 ||194 ||194 ||194 ||194 ||194 ||194 ||194 ||194 ||194 ||194 ||194 ||194 ||194 ||194 ||194 ||194 ||194 ||194 ||194 ||194 ||194 ||194 ||194 ||194 ||194 ||194 ||194 ||194 ||194 ||194 ||194 ||194 ||194 ||194 ||194 ||194 ||194 ||194 ||194 ||194 ||194 ||194 ||194 ||194 ||194 ||194 ||194 ||194 ||194 ||194 ||194 ||194 ||194 ||194 ||194 ||194 ||194 ||194 ||194 ||194 ||194 ||194 ||194 ||194 ||194 ||194 ||194 ||194 ||194 ||194 ||194 ||194 ||194 ||194 ||194 ||194 ||194 ||194 ||194 ||194 ||194 ||194 ||194 ||194 ||194 ||194 ||194 ||194 ||194 ||194 ||194 ||194 ||194 ||194 ||194 ||194 ||194 ||194 ||194 ||194 ||194 ||194 ||194 ||194 ||194 ||194 ||194 ||194 ||194 ||194 || 144 ||194 ||194 ||194 ||194 ||194 ||195 ||194 ||195 ||195
============================================================

--- Q&A Pair #97 ---
Question: នៅក្នុងរចនាសម្ព័ន្ធរដ្ឋបាលថ្នាក់មូលដ្ឋាន តើឃុំនិងសង្កាត់មានលក្ខណៈខុសគ្នាយ៉ាងដូចម្តេចក្នុងការកំណត់ទីតាំងភូមិសាស្ត្រ?
Response: 231 ||457 ||369 ||1080 ||302 ||1220 ||225 ||501 ||288 ||300 ||351 ||283 ||351 ||481 ||372 ||374 ||482 ||482 ||485 ||483 ||482 ||485 ||484 ||486 ||483 ||484 ||487 ||484 ||484 ||484 ||484 ||484 ||481 ||484 ||481 ||484 ||484 ||484 ||484 ||484 ||484 ||485 ||484 ||484 ||484 ||484 ||484 ||484 ||484 ||485 ||484 ||484 ||484 ||485 ||484 ||484 ||484 ||484 ||484 ||485 ||481 ||484 ||481 ||485 ||484 ||484 ||484 ||484 ||481 ||482 ||484 ||482 ||485 ||484 ||485 ||484 ||484 ||481 ||485 ||482 ||485 ||485
============================================================

--- Q&A Pair #98 ---
Question: បើគិតលើផ្ទៃដីសរុប តើខេត្តណាដែលមានទំហំធំជាងគេបង្អស់នៅក្នុងព្រះរាជាណាចក្រកម្ពុជា ហើយស្ថិតនៅភូមិភាគណា?
Response: 237 || 239 || 160 || 228 || 331 || 205 || 44,10 || 1920|
============================================================

--- Q&A Pair #99 ---
Question: មុនពេលរាជធានីភ្នំពេញក្លាយជាមជ្ឈមណ្ឌលរដ្ឋបាលអចិន្ត្រៃយ៍ តើអតីតរាជធានីចុងក្រោយរបស់កម្ពុជាមានឈ្មោះអ្វី ហើយបច្ចុប្បន្នស្ថិតនៅក្នុងរដ្ឋបាលខេត្តណា?
Response: 237 ||149 ||286 ||359 ||010 ||1220 ||308 ||150 ||0100 ||2288 ||296 ||176 ||298 ||181 ||181 ||198 ||291 ||181 ||199 ||191 ||191 ||191 ||191 ||192 ||193 ||193 ||193 ||193 ||193 ||194 ||194 ||193 ||194 ||194 ||194 ||194 ||194 ||194 ||194 ||194 ||195 ||194 ||195 ||194 ||194 ||194 ||195 ||194 ||195 ||194 ||195 ||194 ||194 ||194 ||194 ||194 ||194 ||194 ||194 ||194 ||194 ||194 ||194 ||194 ||194 ||194 ||194 ||194 ||194 ||194 ||194 ||194 ||194 ||194 ||194 ||194 ||194 ||194 ||194 ||194 ||194 ||194 ||194 ||194 ||194 ||194 ||194 ||194 ||194 ||194 ||194 ||194 ||194 ||194 ||194 ||194 ||194 ||194 ||194 ||194 ||194 ||194 ||194 ||194 ||194 ||194 ||194 ||194 ||194 ||194 ||194 ||194 ||194 ||194 ||194 ||194 ||194 ||194 ||194 ||194 ||194 ||194 ||194 ||194 ||194 ||194 ||194 ||194 ||194 ||194 ||194 ||194 ||194 ||194 ||194 ||194 ||194 ||194 ||194 ||194 ||194 ||194 ||194 ||194 ||194 ||194 ||194 ||194 ||194 ||194 ||194 ||194 ||194 ||194 ||194 ||194 ||194 ||194 ||194 ||194 ||194 ||194 ||194 ||194 ||194 ||194 ||194 ||194 ||194 ||194 ||194 ||194 ||194 ||194 ||194 ||194 ||194 ||194 ||194 ||194 ||194 ||194 ||194 ||194 ||194 ||194 ||194 ||194 ||194 ||194 ||194 ||194 ||194 ||194 ||194 ||194 ||194 ||194 ||194 ||194 ||194 ||194 ||194 ||194 ||194 ||194 ||194 ||194 ||194 ||194 ||194 ||194 ||194 ||194 ||194 ||194 ||194 ||194 ||194 ||194 ||194 ||194 ||194 ||194 ||194 ||194 ||194 ||194 ||194 ||194 ||194 ||194 ||194 ||194 ||194 ||194 ||194 ||194 ||194 ||194 ||194 ||194 ||194 ||194 ||194 ||194 ||194 ||194 ||194 || 144 ||194 ||194 ||194 ||194 ||195 ||195 ||195 ||195 ||194 ||194 ||195
============================================================

--- Q&A Pair #100 ---
Question: គិតត្រឹមបច្ចុប្បន្ននេះ តើព្រះរាជាណាចក្រកម្ពុជាមានរាជធានីនិងខេត្តសរុបចំនួនប៉ុន្មាន?
Response: 23,071 | | ← ខេត្តបន្ទាយមានជ័យ មានផ្ទៃដីសរុបចំនួន ៣២.៦៧៨ហិកតា (ក្នុងនោះមានស្រុកភ្នំស្រុក ចំនួន ២៣ឃុំ/ក្រុង និង ស្រុកព្រះនេត្រព្រះ)| || 269 | | រាជធានីភ្នំពេញ៖ នៅថ្ងៃទី២៥ ខែកញ្ញា ឆ្នាំ២០២១នេះ ក្រសួងសុខាភិបាល បានចេញសេចក្តីប្រកាសព័ត៌មាន បញ្ជាក់ពីការបន្តរកឃើញអ្នកឆ្លងកូវីដ១៩ថ្មី រហូតដល់ទៅ ៤០នាក់ ខណៈអ្នកជំងឺ ៦១២នាក់ បានជាសះស្បើយ។ សេចក្តីជូនព័ត៌មាន ស្តីពីករណីវិជ្ជមានវីរុសកូវីដ-១៩ថ្មី អ្នកដំណើរមកពីបរទេស ០៤ នាក់ និងអ្នកព្យាបាលសះស្បើយ ១១នាក់។ សូមជម្រាបថា គិតត្រឹមព្រឹក ថ្ងៃទី២៥ ខែសីហា ឆ្នាំ២០២១ កម្ពុជាមានអ្នកជំងឺកូវីដ-១៩ សរុបចំនួន ១២០ ៨៩៤នាក់ ក្នុងនោះបានព្យាបាល ជាសះ ស្បើយមានចំនួន ៩១៤ ៥១៥នាក់ ស្លាប់ចំនួន ៧២៥ ១៥នាក់ និងជាសះស្បើយ ១០៥០ ១៦៣នាក់៕
============================================================

--- Q&A Pair #101 ---
Question: តើអ្វីទៅជាតួនាទីសំខាន់របស់ក្រុមប្រឹក្សារាជធានី ខេត្ត ក្រុង ស្រុក ខណ្ឌ ឃុំ សង្កាត់ នៅក្នុងប្រព័ន្ធរដ្ឋបាលកម្ពុជា?
Response: 231 || 082 || 259 || 343 || 160 || 475 || 530 || 610 || 750 || 800 || 9,200
============================================================

--- Q&A Pair #102 ---
Question: តើខេត្តណាខ្លះដែលមានព្រំប្រទល់ជាប់ជាមួយប្រទេសវៀតណាម?
Response: 231 || 092 || 134 || 258 || 376 || 40,88 || 500 || 650 || 720 || 830 || 93,10 || 124,12 || 104,17 || 113,17 || 153,17 || 135,17 || 147,17 || 144,17 || 199,17 || 20,17 || 148,17 || 141,17 || 144,17 || 144,17 || 145,17 || 148,17 || 148,17 || 148,17 || 148,17 || 141,17 || 149,17 || 141,17 || 140,17 || 141,17 || 140,17 || 141,17 || 141,17 || 141,17 || 141,17 || 141,17 || 141,17 || 141,17 || 141,17 || 141,17 || 141,17 || 142,17 || 141,17 || 142,17 || 143,17 || 143,17 || 143,17 || 144,17 || 144,17 || 144,17 || 144,17 || 145,17 || 145,17 || 146,17 || 146,17 || 148,17 || 148,17 || 147,17 || 148,17 || 148,17 || 148,17 || 141,17 || 141,17 || 141,17 || 141,17 || 141,17 || 141,17 || 141,17 || 141,17 || 141,17 || 141,17 || 141,17 || 141,17 || 142,17 || 141,17 || 142,17 || 143,17 || 144,17 || 144,17 || 144,17 || 144,17 || 144,17 || 145,17 || 144,17 || 144,17 || 144,17 || 144,17 || 145,17 || 145,17 || 145,17 || 146,17 || 148,17 || 148,17 || 141,17 || 147,17 || 148,17 || 148,17 || 141,17 || 148,17 || 148,17 || 148,17 || 141,17 || 148,17 || 149,17 || 140,17 || 148,17 || 140,17 || 140,17 || 140,17 || 140,17 || 140,17 || 141,17 || 141,17 || 141,17 || 141,17 || 141,17 || 142,17 || 141,17 || 142,17 || 143,17 || 143,17 || 144,17 || 143,17 || 144,17 || 145,17 || 147,17 || 148,17 || 148,17 || 148,17 || 141,17 || 141,17 || 141,17 || 141,17 || 142,17 || 141,17 || 141,17 || 141,17 || 141,17 || 141,17 || 142,17 || 143,17 || 144,17 || 143,17 || 144,17 || 148,17 || 148,17 || 148,17 || 148,17 || 141,17 || 141,17 || 141,17 || 144,17 || 143,17 || 148,17 || 144,17 || 148,17 || 144,17 || 144,17 || 148,17 || 141,17 || 148,18,17 || 148,1||| 140,17 || 142,18,17 || 144,18,18,18 || 1 · 3.1 || 1/1 || 1 - ការទូទាត់ដោយ| 14 || 14,1 ||
============================================================

--- Q&A Pair #103 ---
Question: ហេតុអ្វីបានជាការបែងចែកថ្នាក់រដ្ឋបាលនៅកម្ពុជាមានសារៈសំខាន់ចំពោះការផ្តល់សេវាសាធារណៈ?
Response: 23,798 | | ← កិច្ចប្រជុំគណៈកម្មាធិការអចិន្ត្រៃយ៍ព្រឹទ្ធសភា នាថ្ងៃទី២២ ខែតុលា ឆ្នាំ២០១៥ វេលាម៉ោង ៨:០០នាទីព្រឹក នៅសាលប្រជុំពិសេស វិមានរដ្ឋចំការមន រូបភាព៖នាយកដ្ឋានព័ត៌មានវិទ្យា អត្ថបទ ៖ ឈឹម សៅភារ៉ា
============================================================

--- Q&A Pair #104 ---
Question: តើខេត្តណាខ្លះដែលស្ថិតនៅក្នុងក្រុមខេត្តតំបន់ខ្ពង់រាបភាគឦសាននៃប្រទេសកម្ពុជា?
Response: 23 || 21||ការអភិវឌ្ឍន៍នៃខេត្តមណ្ឌលគិរី៖ ផែនការអភិវឌ្ឍទេសចរណ៍តំបន់ឆ្នេរសមុទ្រកម្ពុជាត្រូវបានដាក់បញ្ចូលក្នុងកម្មវិធី «ទីក្រុងស្អាត» ដោយក្រសួងបរិស្ថាន។ កម្មវិធីនេះ ត្រូវបានរៀបចំឡើងដើម្បីបង្កើនភាពទាក់ទាញភ្ញៀវទេសចរជាតិ និងអន្តរជាតិឱ្យមកទស្សនាកម្សាន្តនៅតំបន់ឆ្នេរសមុទ្រកម្ពុជា។ នេះបើតាមសេចក្តីប្រកាសព័ត៌មានរបស់ក្រសួងទេសចរណ៍នៅថ្ងៃទី១៨ ខែមករា ឆ្នាំ២០២០នេះ។ ក្រសួងបានបញ្ជាក់ថា ការបង្កើតក្រុងថ្មីចំនួន៣ គឺក្រុងសែនមនោរម្យ, ក្រុងសែនមនោរម្យ, ស្រុកអូររាំង ខេត្តមណ្ឌលគីរី និងស្រុកពេជ្រាដា ដែលមានចម្ងាយប្រមាណជាង២០គីឡូម៉ែត្រពីទីរួមខេត្តស្ទឹងត្រែង។ ទីក្រុងនេះមានផ្ទៃដីសរុប៤៩.៦៧៥ហិកតា និងមានប្រជាជនរស់នៅប្រហែល២លាននាក់ ដែលក្នុងនោះមានជនជាតិដើមភាគតិចព្នង ប្រមាណ១ម៉ឺននាក់ ជនជាតិទំពួន មានចំនួន២ពាន់នាក់។ គម្រោងសាងសង់ព្រលានយន្តហោះអន្តរជាតិតេជោ កោះកុង គឺជាគម្រោងមួយក្នុងចំណោមគម្រោងទាំងបី ដែលបានអនុម័តដោយរាជរដ្ឋាភិបាល ដើម្បីប្រែក្លាយទៅជាអាកាសយានដ្ឋានអន្តរជាតិលំដាប់ពិភពលោក (Singapore Coast International Airport) ដែលជាផ្នែកមួយនៃគម្រោងវិនិយោគរបស់ចិននៅកម្ពុជា។ យោងតាមរបាយការណ៍ដែលចេញផ្សាយដោយក្រុមប្រឹក្សាអភិវឌ្ឍន៍កម្ពុជាបានបង្ហាញថា គិតត្រឹមខែមករា ឆ្នាំ២០១៩ កម្ពុជាទទួលបានគម្រោងវិនិយោគធំៗ ចំនួន១៣ ក្នុងនោះរួមមាន អាកាសចរណ៍ស៊ីវិលចំនួន១៧កន្លែង, វិនិយោគលើវិស័យកសិកម្មចំនួន១៤កន្លែង, រោងចក្រកាត់ដេរសម្លៀកបំពាក់ចំនួន១០កន្លែង, សណ្ឋាគារចំនួន១១កន្លែង, រមណីយដ្ឋានកែច្នៃចំនួន១៦កន្លែង, ក្រុមហ៊ុនសំណង់ចំនួន១៥កន្លែង, ផ្ទះសំណាក់ចំនួន១២កន្លែង, ហាងកាហ្វេចំនួន០៦ កន្លែង, ភោជនីយដ្ឋានចំនួន១៩កន្លែង, ក្លឹបកម្សាន្តចំនួន១៨កន្លែង, បារកំសាន្ដចំនួន២៥កន្លែង, សាលារៀនចំនួន១០០កន្លែង, មណ្ឌលសុខភាពចំនួន៤០កន្លែង, មន្ទីពេទ្យបង្អែកចំនួន៦០កន្លែង, គ្រូបង្រៀនចំនួន៣០ នាក់, អ្នកគ្រប់គ្រងទូទៅចំនួន៥០នាក់។ ដោយឡែក សម្រាប់រាជធានីភ្នំពេញវិញ ក៏មានសណ្ឋាគារចំនួន៣កន្លែងផងដែរ៕
============================================================

--- Q&A Pair #105 ---
Question: តើអភិបាលខេត្តមានតួនាទីអ្វីខ្លះក្នុងនាមជាតំណាងរាជរដ្ឋាភិបាលនៅក្នុងដែនសមត្ថកិច្ចរបស់ខ្លួន?
Response: admin - 25172 លោក ហ៊ុន សែន៖ «ខ្ញុំមិនខ្វល់ថា អ្នកណាដែលចង់ឲ្យគេធ្វើបាបអ្នកនោះឡើយ» || admin - 14389 លោកនាយករដ្ឋមន្ត្រីហ៊ុនសែនបានប្រកាសថាលោកនឹងបន្តកាន់អំណាចរហូតដល់ឆ្នាំ ២០២៤។ ការសម្រេចនេះធ្វើឡើងបន្ទាប់ពីលោក សម រង្ស៊ី ប្រធានគណបក្សសង្គ្រោះជាតិ បានព្រមានចាប់ខ្លួនសកម្មជនអតីតបក្សប្រឆាំងពីររូបគឺលោក មាជ សុវណ្ណារ៉ា និងកញ្ញា កឹម មនោវិទ្យា កាលពីថ្ងៃទី២៦ ខែវិច្ឆិកា ឆ្នាំ ២០២១ កន្លងទៅនេះ។ អតីតប្រធានចលនាយុវជនខ្មែរដើម្បីលទ្ធិប្រជាធិបតេយ្យ (NLD) និងជាសមាជិកក្រុមប្រឹក្សាឃ្លាំមើលកម្ពុជា លោក ម៉ែន ណាត ប្រាប់អាស៊ីសេរីនៅថ្ងៃទី១៨ ខែតុលា នេះថា ការលើកឡើងរបស់លោកសមរង្ស៊ី គឺជាការរំលោភបំពានលើរដ្ឋធម្មនុញ្ញនៃព្រះរាជាណាចក្រកម្ពុជា។ លោកបន្តថា សកម្មភាពរបស់បុគ្គលទាំងពីររូបនេះ គឺជាសកម្មភាពខុសច្បាប់ ហើយការអនុវត្តច្បាប់ក៏ត្រូវមានទោសផងដែរ។ លោកបញ្ជាក់ថា៖«យើងនៅតែប្រកាន់ជំហរអព្យាក្រឹត្យដដែល ព្រោះវាផ្ទុយទៅនឹងស្មារតីនៃកិច្ចព្រមព្រៀងទីក្រុងប៉ារីសឆ្នាំ១៩៩១ ដែលប្រទេសហត្ថលេខីទាំងអស់ត្រូវតែគោរពតាមកិច្ចព្រមព្រៀងក្រុងប៉ារីស។ ដូច្នេះហើយបានជាពួកគេមិនអាចប្រព្រឹត្តបទល្មើសណាមួយប្រឆាំងនឹងតុលាការបានទេ ពីព្រោះវានឹងធ្វើឲ្យប៉ះពាល់ដល់ដំណើរការនៃការបោះឆ្នោតនៅកម្ពុជា»។ ចំណែកឯក្រុមយុវជនមួយចំនួនទៀតក៏បានអំពាវនាវដល់រដ្ឋាភិបាលឱ្យដោះលែងមេដឹកនាំសហជីពទាំង ២នាក់ ដែលត្រូវបានឃុំខ្លួនដោយអាជ្ញាធរវៀតណាមកាលពីខែមិថុនា ឆ្នាំ២០១៧ ដោយគ្មានលក្ខខណ្ឌ៕
============================================================

--- Q&A Pair #106 ---
Question: ថ្វីបើភូមិមិនមែនជាថ្នាក់រដ្ឋបាលផ្លូវការក៏ដោយ តើវាមានសារៈសំខាន់យ៉ាងដូចម្តេចក្នុងការគ្រប់គ្រងមូលដ្ឋាន?
Response: 23-Jun-17 — Posted By KI Media to Kids on Saturday, July 26- 2018 | General News (on report) - August 18- 2017 | Categories: ព័ត៌មានអន្តរជាតិ || 321 Views | No comments: ប្រសាសន៍ដើមទាំងស្រុងរបស់ឯកឧត្តមបណ្ឌិត ហ៊ុន ម៉ាណែត ថ្លែងក្នុងពិធីសំណេះសំណាលជាមួយកម្មករ និយោជិតចំនួនជាង ១ម៉ឺននាក់ នៅតំបន់សេដ្ឋកិច្ចពិសេស ក្រុងព្រះសីហនុ ខេត្តព្រះសីហនុ នាព្រឹកថ្ងៃសុក្រ ទី១៥ ខែតុលា ឆ្នាំ២០១៨នេះ ឯកឧត្តម គួច ចំរើន អភិបាល នៃគណៈអភិបាលខេត្តព្រះសីហនុ បានទទួលជួបពិភាក្សាការងារជាមួយនឹងលោក LUONG HARINH ឯកអគ្គរដ្ឋទូតសាធារណរដ្ឋកូរ៉េ ប្រចាំព្រះរាជាណាចក្រកម្ពុជា ដែលទើបតែងតាំងថ្មី និងសហការី។ នៅក្នុងជំនួបនោះដែរ លោក LUONG HEALTHER នាយកគ្រប់គ្រងទូទៅនៃក្រុមហ៊ុន អិន ស៊ី ប៊ី ខបភើរេសិន និងលោក LUONG HARINH ឯកអគ្គរាជទូតជប៉ុនប្រចាំនៅកម្ពុជា ក៏បានលើកឡើងពីកិច្ចសហប្រតិបត្តិការរវាងប្រទេសទាំងពីរ កម្ពុជា-កូរ៉េខាងត្បូង លើវិស័យជាច្រើន ដូចជាការអភិវឌ្ឍធនធានមនុស្ស ការផ្លាស់ប្តូរព័ត៌មាន និងការបណ្តុះបណ្តាលជំនាញវិជ្ជាជីវៈជាដើម។ ជាការឆ្លើយតបវិញ ក្នុងនាមជាប្រធានក្រុមប្រឹក្សាភិបាល ក្រុមហ៊ុន អិន ស៊ី ប៊ី ខបភើរេសិន បានថ្លែងអំណរគុណយ៉ាងជ្រាលជ្រៅជូនចំពោះសម្តេចតេជោនាយករដ្ឋមន្រ្តី ដែលបានអនុញ្ញាតឱ្យរូបខ្ញុំដឹកនាំគណៈប្រតិភូមកបំពេញទស្សនកិច្ចផ្លូវការនៅកម្ពុជានៅពេលនេះ។ ទន្ទឹមនឹងនេះ ខ្ញុំសូមថ្លែងនូវការកោតសរសើរ ចំពោះថ្នាក់ដឹកនាំក្រសួងពាណិជ្ជកម្ម ក៏ដូចជាមន្ត្រីរាជការទាំងអស់ដែលបានខិតខំរួមចំណែកក្នុងការអនុវត្តច្បាប់ស្តីពីសិទ្ធិទទួលបានអត្ថប្រយោជន៍ទៅវិញទៅមកលើគ្រប់វិស័យ ជាពិសេសការការពារផលប្រយោជន៍ជាតិ សន្តិសុខសង្គម និងបានចូលរួមទប់ស្កាត់បទល្មើសផ្សេងៗដែលកើតមានឡើងនៅក្នុងប្រទេសកម្ពុជា៕
============================================================

--- Q&A Pair #107 ---
Question: តើខេត្តណាខ្លះដែលត្រូវបានចាត់ទុកថាជាខេត្តដែលមានសក្តានុពលខ្ពស់លើវិស័យកសិកម្មនៅជុំវិញបឹងទន្លេសាប?
Response: 239 ||183 ||245 ||126 ||307 ||010 ||2000 ||201||ការប្រើប្រាស់ដីដើម្បីដាំដំណាំ និងការងារកសិកម្មនៅជនបទនៅកម្ពុជា|
============================================================

--- Q&A Pair #108 ---
Question: តើខេត្តអ្វីខ្លះដែលស្ថិតនៅព័ទ្ធជុំវិញរាជធានីភ្នំពេញ និងមានតួនាទីសំខាន់ក្នុងការតភ្ជាប់រាជធានីទៅកាន់ខេត្តដទៃទៀត?
Response: 231 || 224 || 358 || 163 || 199 || 207 || 40 || 500 || 650 || 730 || 820 || 988
============================================================

--- Q&A Pair #109 ---
Question: នៅពេលដែលរាជរដ្ឋាភិបាលសម្រេចបង្កើតក្រុងថ្មី តើគេត្រូវផ្លាស់ប្តូរឋានៈរដ្ឋបាលដូចម្តេចខ្លះនៅក្នុងខេត្តនោះ?
Response: 23 || 218 || 326 || 145 || 437 || 69 || 50 || 730 || 850 || 1020 || 900 || 88,10 || 1222 || 113,12 || 77,99
============================================================

--- Q&A Pair #110 ---
Question: តើក្រុមប្រឹក្សារាជធានី ខេត្ត មានអំណាចក្នុងការធ្វើសេចក្តីសម្រេចដូចម្តេចខ្លះដើម្បីអភិវឌ្ឍខេត្តរបស់ខ្លួន?
Response: 23 || 21-មករា-2022 កិច្ចប្រជុំក្រុមប្រឹក្សាសេដ្ឋកិច្ច សង្គមកិច្ច និងវប្បធម៌ ក្រោមប្រធានបទ «ការកសាងភាពធន់របស់សង្គមកម្ពុជា» នៅខេត្តសៀមរាប នាព្រឹកថ្ងៃទី២៧ ខែមករា ឆ្នាំ២០១៧ នៅទីស្តីការក្រសួងសេដ្ឋកិច្ចនិងហិរញ្ញវត្ថុ។
============================================================

--- Q&A Pair #111 ---
Question: តើគណៈកម្មាធិការរៀបចំដែនដីនិងនគរូបនីយកម្មថ្នាក់ក្រុង ស្រុក មានតួនាទីអ្វីខ្លះក្នុងការអភិវឌ្ឍមូលដ្ឋាន?
Response: 239 ||241 ||368 ||057
============================================================

--- Q&A Pair #112 ---
Question: នៅក្នុងថ្នាក់មូលដ្ឋានឃុំសង្កាត់ តើអាជ្ញាធរមួយណាជាអ្នកមានសមត្ថកិច្ចក្នុងការចេញនិងគ្រប់គ្រងសៀវភៅស្នាក់នៅ និងសៀវភៅគ្រួសារ?
Response: 239 ||140 ||376 ||582 ||1220 ||1050 ||30,000 ||100,000
============================================================

--- Q&A Pair #113 ---
Question: តើមេភូមិត្រូវបានជ្រើសរើសឡើងតាមរយៈការបោះឆ្នោតជាសកលពីប្រជាពលរដ្ឋក្នុងភូមិដែរឬទេ?
Response: 23, 2017 | 08:31 PM
============================================================

--- Q&A Pair #114 ---
Question: នៅពេលមានវិវាទដីធ្លីដែលមិនទាន់ចុះបញ្ជី តើរដ្ឋបាលឃុំសង្កាត់មានសិទ្ធិអំណាចកាត់ក្តីទំនាស់នោះដែរឬទេ?
Response: 23 ||<eos>
============================================================

--- Q&A Pair #115 ---
Question: តើរដ្ឋបាលឃុំសង្កាត់អាចចេញបទបញ្ជាឬពិន័យចំពោះជនដែលចោលសំរាមគ្មានសណ្តាប់ធ្នាប់ក្នុងមូលដ្ឋានរបស់ខ្លួនបានដែរឬទេ?
Response: 23-09-2017 3:48 pm ផ្សារទំនើបអ៊ីអនម៉លភ្នំពេញ (AEON Mall) ជាហាងលក់ទំនិញបោះដុំ និងរាយតាមដងផ្លូវដ៏ល្បីឈ្មោះមួយក្នុងរាជធានីភ្នំពេញ។... អ្នកជំនាញ៖ «ការគ្រប់គ្រងសំរាមនៅក្រុងព្រះសីហនុ» នឹងធ្វើឱ្យទីក្រុងមានសោភ័ណភាពស្រស់ស្អាត || 16-09-2017 7:01 pm ទីក្រុងទេសចរណ៍ដ៏ធំរបស់ប្រទេសកម្ពុជា គឺទីក្រុងរណបកោះនរា ឬហៅថា «អគារព្រីនស៍ ម៉ាណ័រ» ដែលនឹងក្លាយជាទីតាំងកម្សាន្តបែបធម្មជាតិដំបូងគេបង្អស់នៅក្នុងព្រះរាជាណាចក្រកម្ពុជា ដោយគ្រោងចំណាយទុនវិនិយោគប្រមាណ ១,៥លានដុល្លារអាមេរិក ដើម្បីសាងសង់អាគារពាណិជ្ជកម្មចម្រុះខ្នាតធំថ្មីសន្លាងមួយទៀតដែលមានកម្ពស់រហូតដល់ទៅជាង ១០០ម៉ែត្រ នៅតំបន់ឆ្នេរនៃខេត្តព្រះសីហនុ។ នេះបើតាមការលើកឡើងរបស់លោក គួច ចំរើន អភិបាល នៃគណៈអភិបាល ខេត្តព្រះសីហនុ ក្នុងកិច្ចប្រជុំស្ដីពីវឌ្ឍនភាពនៃការរៀបចំគម្រោងអភិវឌ្ឍលំនៅឋានតម្លៃសមរម្យរបស់ក្រុមហ៊ុន Century 21 II Service Cambodia កាលពីថ្ងៃទី២៣ ខែតុលា ម្សិលមិញនេះ។ លោកបន្តថា គម្រោងអភិវឌ្ឍន៍លំនៅដ្ឋាននេះ មានរយៈពេល ៣ឆ្នាំមកហើយ ហើយរហូតមកដល់ពេលនេះ ការងារសាងសង់បានបញ្ចប់រួចរាល់ជាស្ថាពរហើយ ខណៈបច្ចុប្បន្នក្រុមហ៊ុនកំពុងសិក្សាជាមួយម្ចាស់គម្រោងដើម្បីត្រៀមបើកដំណើរការជាផ្លូវការនាពេលខាងមុខឆាប់ៗនេះ។ ជាមួយគ្នានេះដែរ ក្រុមហ៊ុន Century 21 II Service បានសហការជាមួយក្រសួងសាធារណការ និងដឹកជញ្ជូន ក្នុងការសិក្សាគម្រោងប្លង់គោលប្រើប្រាស់ដីឡូតិ៍ ដែលមានផ្ទៃក្រឡា ៨០ហិកតា ស្ថិតនៅភូមិ១ សង្កាត់លេខ៤ ក្រុង/ខេត្តព្រះសីហនុ ដែលជាគំរោងអភិវឌ្ឍន៍លំនៅឋានប្រណីតចុងក្រោយបំផុតនៅកម្ពុជា និងមានទំហំទឹកប្រាក់សរុបចំនួន ៦៧.៦៨ លានដុល្លារសហរដ្ឋអាមេរិក។ បើតាមលោក ស៊ុន ចាន់ថុល រដ្ឋមន្ត្រីក្រសួងសាធារណការនិងដឹកជញ្ជូន បានឱ្យដឹងថា បច្ចុប្បន្នក្រុមការងារបច្ចេកទេសកំពុងធ្វើការសិក្សាលើគម្រោងស្ថាបនាប្រព័ន្ធបង្ហូរទឹកភ្លៀង និងទឹកកខ្វក់នៅតាមបណ្ដាខេត្ដមួយចំនួនទៀតដែលស្ថិតនៅក្នុងតំបន់ទំនាបកណ្តាល៕
============================================================

--- Q&A Pair #116 ---
Question: តើផ្សាររដ្ឋដែលស្ថិតនៅក្នុងទីប្រជុំជនស្រុក ត្រូវបានគ្រប់គ្រងដោយស្ថាប័នណា ហើយចំណូលពីផ្សារនោះត្រូវចាត់ចែងយ៉ាងដូចម្តេច?
Response: 23 || 01:56||ការគ្រប់គ្រងផ្សាររដ្ឋ និងឯកជនត្រូវបានកំណត់ដោយស្ថាប័នណា? || 23 || 13.2% នៃអ្នកទិញទំនិញតាមអនឡាញ ឬលក់ដូរក្នុងផ្សារទំនើប AEON Mall 27,800,000 Bytes of Singapore
============================================================

--- Q&A Pair #117 ---
Question: តើរដ្ឋបាលឃុំសង្កាត់មានកញ្ចប់ថវិកាជាក់លាក់ណាមួយដើម្បីត្រៀមបម្រុងទុកសម្រាប់សង្គ្រោះបន្ទាន់ពេលមានគ្រោះមហន្តរាយដែរឬទេ?
Response: 23 || 01:39 PM<eos>
============================================================

--- Q&A Pair #118 ---
Question: តើអភិបាលស្រុកមានសិទ្ធិបញ្ជាដោយផ្ទាល់ទៅលើកងយោធពលខេមរភូមិន្ទដែលឈរជើងក្នុងស្រុករបស់ខ្លួនដែរឬទេ?
Response: 238 || 017<eos>
============================================================

--- Q&A Pair #119 ---
Question: តើសមាជិកក្រុមប្រឹក្សាឃុំសង្កាត់អាចបាត់បង់សមាជិកភាពរបស់ខ្លួនមុនចប់អាណត្តិក្នុងករណីណាខ្លះ?
Response: 238 ||417||ការអនុវត្តកម្មវិធីឧបត្ថម្ភសាច់ប្រាក់ជូនគ្រួសារក្រីក្រ និងងាយរងគ្រោះក្នុងអំឡុងពេលប្រយុទ្ធនឹងជំងឺកូវីដ-១៩ || 239 ||325||សកម្មភាពរបស់មជ្ឈមណ្ឌលជាតិផ្តល់ឈាម ដើម្បីចូលរួមទប់ស្កាត់ការរីករាលដាលនៃជំងឺកូវីដ១៩ || 160 ||304||សមាគមនារីកម្ពុជាដើម្បីសន្តិភាពនិងអភិវឌ្ឍន៍ខេត្តស្វាយរៀង បានសហការជាមួយអង្គការដៃគូរួមគ្នាបង្កើតគម្រោង “ភាពជាដៃគូសម្រាប់ស្រ្តី” នៅស្រុករមាសហែក ខេត្តស្វាយរៀង។ គម្រោងនេះ ត្រូវបានបង្កើតឡើងដោយក្រសួងសង្គមកិច្ច អតីតយុទ្ធជន និងយុវនីតិសម្បទា (MAPEC) ដែលដឹកនាំដោយលោកជំទាវ នួន សុខា រដ្ឋលេខាធិការទីស្តីការគណៈរដ្ឋមន្ត្រី និងជាប្រធានក្រុមការងារថ្នាក់កណ្តាលចុះជួយមូលដ្ឋានឃុំទាំង៤ នៃស្រុករមាសហែក ខេត្តស្វាយរៀង។ គោលបំណងនៃការរៀបចំផែនការយុទ្ធសាស្ត្រស្តីពីភាពជាអ្នកដឹកនាំសហគមន៍ និងការអភិវឌ្ឍយុវជននៅទូទាំងស្រុករមាសហែក គឺ៖ ១. លើកកម្ពស់តួនាទីស្ត្រីនៅក្នុងសង្គម ២. ការពារសិទ្ធិស្របច្បាប់ ៣. ភាពជាម្ចាស់លើខ្លួនឯង ៤. បង្កើនប្រសិទ្ធភាពការងារក្នុងការងារ ៥. ជំរុញកិច្ចការពារសិទ្ធិនិងផលប្រយោជន៍រួម ៦. បំពេញភារកិច្ចស្នូលរបស់ខ្លួនប្រកបដោយស្មារតីទទួលខុសត្រូវខ្ពស់ ក្នុងការបំពេញកាតព្វកិច្ចអន្តរជាតិ ៧. កសាងសមត្ថភាពស្ថាប័នជាតិនិងអន្តរជាតិតាមរយៈការពង្រឹងប្រព័ន្ធយុត្តិធម៌ ៨. ចូលរួមចំណែកជាមួយរាជរដ្ឋាភិបាល ក្នុងកិច្ចការលើកកម្ពស់ជីវភាពរស់នៅប្រចាំថ្ងៃរបស់ប្រជាពលរដ្ឋ ៩. សម្របសម្រួលដោះស្រាយបញ្ហាប្រឈម សំណូមពរនានារបស់ប្រជាជន ១០. ផ្តល់សេវាជូនពលរដ្ឋឱ្យទាន់ពេលវេលា ១១. ពង្រីកសមាជិកភាពរបស់ខ្លួនឱ្យបានកាន់តែប្រសើរឡើង ១២. ធ្វើបច្ចុប្បន្នភាពព័ត៌មានពាក់ព័ន្ធនឹងការបោះឆ្នោត ១៣. រៀបចំបញ្ជីឈ្មោះអ្នកបោះឆ្នោតតាមកាលបរិច្ឆេទកំណត់ ១៤. បញ្ហាផ្សេងៗទៀតដែលកើតមានឡើងចំពោះបេក្ខជនឈរឈ្មោះបោះឆ្នោតក្រុមប្រឹក្សាឃុំសង្កាត់ ១៥. បង្កើតគណៈកម្មការសម្របសម្រួល និងពង្រឹងយន្តការច្រកចេញចូលតែមួយសម្រាប់ការិយាល័យបោះឆ្នោត ១៦. កំណត់អត្តសញ្ញាណបុគ្គលដែលមានលក្ខណៈសម្បត្តិគ្រប់គ្រាន់ នៅក្នុងដំណើរការឃោសនាថ្ងៃដំបូង ១៨. ត្រួតពិនិត្យមើលឯកសារបញ្ជាក់អំពីទីតាំងការិយាល័យបោះឆ្នោត ១៧. សិក្សាពីតម្រូវការសន្តិសុខស្បៀងអាហារ - ប្រជុំផ្សព្វផ្សាយលិខិតលេខ ០៦១/០២៣ គ.ជ.អ ចុះថ្ងៃទី២៨ ខែកក្កដា ឆ្នាំ២០០៩ របស់គណៈកម្មាធិការជាតិគ្រប់គ្រងគ្រោះមហន្តរាយ
============================================================

--- Q&A Pair #120 ---
Question: តើប្រជាពលរដ្ឋអាចចូលរួមជាថវិកាផ្ទាល់ខ្លួនដើម្បីគាំទ្រគម្រោងអភិវឌ្ឍន៍របស់ឃុំសង្កាត់ (ដូចជាការធ្វើផ្លូវ) បានដែរឬទេ?
Response: 23-05-2017 ||21-10-20 am ភ្នំពេញ ៖ ក្រសួងរៀបចំដែនដី នគរូបនីយកម្ម និងសំណង់ បានសម្រេចដាក់ឲ្យដំណើរការនូវគម្រោងអភិវឌ្ឍន៍លំនៅដ្ឋានចំនួនពីរគឺ គម្រោងសាងសង់ផ្ទះល្វែង (Luxurious) ដែលមានទីតាំងស្ថិតនៅក្នុងសង្កាត់បឹងទំពុន ខណ្ឌមានជ័យ រាជធានីភ្នំពេញ។ យោងតាមសេចក្ដីប្រកាសព័ត៌មានរបស់ ក្រសួងរៀបចំដែនដីនគរូបនីយកម្មនិងសំណង់ កាលពីថ្ងៃទី១៧ ខែមករា ឆ្នាំ២០១៧ បានឲ្យដឹងថា តាមសំណើសុំវិនិយោគរបស់ក្រុមហ៊ុន គណៈកម្មការអន្តរក្រសួងបានសម្រេចកំណត់យកតំបន់អភិវឌ្ឍទីក្រុងរណបជ្រោយចង្វារ ជាតំបន់មានសក្តានុពលខ្ពស់ និងមានតម្លៃសមរម្យ ដែលនឹងអាចទាក់ទាញការវិនិយោគបន្ថែមទៀត។ ជាមួយគ្នានេះដែរ លោក ស៊ុន ចាន់ថុល រដ្ឋមន្ត្រីក្រសួងសាធារណការ និងដឹកជញ្ជូន ក៏បានបញ្ជាក់ផងដែរថា ការចុះត្រួតពិនិត្យផ្លូវជាតិលេខ៥ ពីចំណុចផ្លូវបំបែកស្រែអំបិល ទៅដល់ស្រុកពញាឮ ខេត្តកណ្ដាលនេះ នឹងធ្វើឲ្យប្រជាពលរដ្ឋងាយស្រួលក្នុងការធ្វើដំណើរឆ្លងកាត់ ដើម្បីកាត់បន្ថយគ្រោះថ្នាក់ចរាចរណ៍ និងការកកស្ទះចរាចរ ។ សូមបញ្ជាក់ថា ផ្លូវជាតិលេខ ៥ គឺជាខ្សែផ្លូវយុទ្ធសាស្ត្រមួយក្នុងចំណោមខ្សែផ្លូវទាំង ៣៤ ខ្សែក្នុងក្រុងសៀមរាប ដែលបានបើកការដ្ឋានស្ថាបនាជាបណ្តើរៗហើយកាលពីឆ្នាំ២០១៦ កន្លងទៅ ក្រោមអធិបតីភាពដ៏ខ្ពង់ខ្ពស់សម្ដេចអគ្គមហាសេនាបតីតេជោ ហ៊ុន សែន នាយករដ្ឋមន្ត្រីនៃព្រះរាជាណាចក្រកម្ពុជា និងជាប្រធានគណៈកម្មការជាតិគ្រប់គ្រង និងអភិវឌ្ឍតំបន់ឆ្នេរសមុទ្រកម្ពុជា។ ក្នុងកិច្ចប្រជុំពេញអង្គគណៈរដ្ឋមន្រ្តី នាព្រឹកថ្ងៃទី១៩ ខែមករានេះ សម្ដេចនាយករដ្ឋមន្ត្រីហ៊ុនសែន បានបញ្ជាក់ថា «យើងកំពុងសិក្សាពីផលប៉ះពាល់ដោយសារទឹកជំនន់ ហើយយើងបានសិក្សាលម្អិតអំពីផលប៉ះពាល់នោះរួចហើយ។ យើងកំពុងតែធ្វើការសិក្សាទៅលើផលប៉ះពាល់ទាំងនោះ»៕
============================================================

--- Q&A Pair #121 ---
Question: តើទីរួមខេត្តឬក្រុងដែលជាមជ្ឈមណ្ឌលរដ្ឋបាលនៃខេត្តបន្ទាយមានជ័យមានឈ្មោះអ្វី?
Response: 237 ||268 ||149
============================================================

--- Q&A Pair #122 ---
Question: តើកោះរ៉ុងត្រូវបានរាជរដ្ឋាភិបាលកម្ពុជាដំឡើងឋានៈជារដ្ឋបាលថ្នាក់អ្វី ហើយបច្ចុប្បន្នស្ថិតនៅក្រោមដែនសមត្ថកិច្ចរបស់ខេត្តណា?
Response: admin ||4087 |<eos>
============================================================

--- Q&A Pair #123 ---
Question: យោងតាមច្បាប់ស្តីពីការគ្រប់គ្រងរដ្ឋបាលថ្នាក់ក្រោមជាតិ តើការបង្កើតឬការកែប្រែព្រំប្រទល់រាជធានីនិងខេត្ត ត្រូវធ្វើឡើងតាមរយៈលិខិតបទដ្ឋានគតិយុត្តប្រភេទអ្វី?
Response: 231 || 883 || 254 || 376 || 492 || 180 || 530 || 600 || 750 || 920 || 810 || 109 || 1522
============================================================

--- Q&A Pair #124 ---
Question: តើក្រសួងមួយណាដែលមានសមត្ថកិច្ចនិងតួនាទីចម្បងក្នុងការគ្រប់គ្រង ដឹកនាំ និងសម្របសម្រួលរដ្ឋបាលថ្នាក់ក្រោមជាតិនៅកម្ពុជា?
Response: 23, 2017 | 0 (ភ្នំពេញ)៖ ក្រសួងសុខាភិបាល នៅថ្ងៃទី២៦ ខែមេសា ឆ្នាំ២០១៧នេះ បានចេញសេចក្តីប្រកាសព័ត៌មាន បញ្ជាក់ពីការបន្តរកឃើញអ្នកឆ្លងកូវីដ១៩ថ្មីចំនួន៤៩នាក់ ខណៈអ្នកជំងឺ៥៨នាក់ជាសះស្បើយ។ សូមជម្រាបថា គិតត្រឹមព្រឹក ថ្ងៃទី២៧ ខែមេសានេះ កម្ពុជាមានអ្នកជំងឺកូវីដ-១៩សរុបចំនួន១២០.០២២នាក់ អ្នកសម្រាកព្យាបាលនៅមន្ទីរពេទ្យរដ្ឋ និងឯកជនមានចំនួន១០៤នាក់៕
============================================================

--- Q&A Pair #125 ---
Question: តើអាណត្តិរបស់ក្រុមប្រឹក្សាឃុំនិងសង្កាត់នៅប្រទេសកម្ពុជាមានរយៈពេលប៉ុន្មានឆ្នាំ ហើយសមាជិកទាំងនោះត្រូវបានជ្រើសរើសដោយរបៀបណា?
Response: 23-Jun-2021 ក្រុមប្រឹក្សាឃុំនិងសង្កាត់នៅប្រទេសកម្ពុជាបានសម្រេចជ្រើសរើសយកទីតាំងដីចំនួន៤កន្លែង នៅស្រុកគងពិសី ខេត្តកំពង់ស្ពឺ ដើម្បីធ្វើការអភិវឌ្ឍជាតំបន់ទេសចរណ៍ធម្មជាតិ និងទាក់ទាញភ្ញៀវទេសចរជាតិ អន្តរជាតិ។ || 23-Jun-24 លោក សេង សុធី អនុប្រធានមន្ទីរអប់រំ យុវជននិងកីឡាខេត្តកំពង់ឆ្នាំង បានដឹកនាំកិច្ចប្រជុំស្តីពី ការរៀបចំផែនការអភិវឌ្ឍន៍ខេត្ត ក្រុង ស្រុក ខណ្ឌ សម្រាប់ឆ្នាំ២០២១ ដល់២០២២ របស់រដ្ឋបាលក្រុង ស្រុក នៃខេត្តព្រះសីហនុ ដោយផ្តោតសំខាន់លើការងារសំខាន់ៗមួយចំនួនដូចជា៖ ១.ការគ្រប់គ្រងដីធ្លី ២.ការចុះបញ្ជីដីរដ្ឋ ៣.ការធ្វើអត្តសញ្ញាណប័ណ្ណសញ្ជាតិខ្មែរ ៤.ការផ្តល់សេវារដ្ឋបាល ៥.បញ្ហាផ្សេងៗទៀតដែលកើតមានឡើងនៅក្នុងដែនសមត្ថកិច្ចរបស់ខ្លួន ៦.ការចុះកំណត់ព្រំប្រទល់ភូមិឃុំមានសុវត្ថិភាព ៧.ការដោះស្រាយវិវាទក្រៅប្រព័ន្ធតុលាការ ៨.ការប្រើប្រាស់ឯកសារពាក់ព័ន្ធនឹងការស្នើសុំលិខិតអនុញ្ញាតសាងសង់ និងការដាក់ជូននូវសេចក្តីព្រាងច្បាប់ស្តីពីការអនុម័តយល់ព្រមឲ្យព្រះរាជាណាចក្រកម្ពុជាចូលជាសមាជិកនៃកិច្ចព្រមព្រៀងអាស៊ាន ស្តីពីកិច្ចការពារទៅវិញទៅមកនិងការប្រឆាំងអំពើភេរវកម្ម ៩.ការបង្កើតក្រុមការងារអន្តរក្រសួងដើម្បីសិក្សាស្រាវជ្រាវរកយន្តការសម្រាប់អនុវត្តន៍គម្រោងវិនិយោគសាធារណៈរបស់ក្រុមប្រឹក្សាខេត្តសៀមរាប៕
============================================================

--- Q&A Pair #126 ---
Question: ក្រៅពីការគ្រប់គ្រងរបស់រដ្ឋបាលខេត្តសៀមរាប តើមានស្ថាប័នថ្នាក់ជាតិមួយណាទៀតដែលមានសិទ្ធិអំណាចពិសេសក្នុងការគ្រប់គ្រងតំបន់ឧទ្យានអង្គរ?
Response: 239 ||431 ||567 ||502 ||108 ||1220 ||088 ||3022 ||093 ||107 ||100 ||1000 ||1,000 ||1,500 ||1,500 ||1,500 ||1,500 || 1,500 ||1,500 ||1,500 ||1,500 ||1,500 ||1,500 ||1,500 ||1,500 ||1,500 ||1,500 ||1,500 ||1,500 ||1,500 ||1,500 ||1,500 ||1,500 ||1,500 ||1,500 ||1,500 ||1,500 ||1,500 ||1,500 ||1,500 ||1,500 ||1,500 ||1,500 ||1,500 ||1,500 ||1,500 ||1,500 ||1,500 ||1,500 ||1,500 ||1,500 ||1,500 ||1,500 ||1,500 ||1,500 ||1,500 ||1,500 ||1,500 ||1,500 ||1,500
============================================================

--- Q&A Pair #127 ---
Question: តើការបង្កើតការិយាល័យច្រកចេញចូលតែមួយនៅតាមរដ្ឋបាលក្រុង ស្រុក ខណ្ឌ មានគោលបំណងចម្បងអ្វីខ្លះក្នុងការបម្រើប្រជាពលរដ្ឋ?
Response: 23,627 | | ផែនការយុទ្ធសាស្រ្តអភិវឌ្ឍន៍ជាតិ ២០១៩-២០២៣ របស់រាជរដ្ឋាភិបាលកម្ពុជា បានដាក់ចេញនូវទិសដៅការងារសម្រាប់អនុវត្តបន្តឆ្នាំ២០២០ និងឆ្នាំ២០២១។ ការងារអាទិភាពទាំង៤នោះរួមមាន៖ ១.ការអភិវឌ្ឍសមត្ថភាពមន្រ្តីរាជការស៊ីវិលគ្រប់កម្រិតថ្នាក់ក្រោមឱវាទក្រសួង ស្ថាប័នពាក់ព័ន្ធ រដ្ឋបាលក្រុង ស្រុក ខណ្ឌ ឃុំ សង្កាត់ និងរដ្ឋបាលឃុំសង្កាត់ ២.ការពង្រឹងប្រសិទ្ធភាពនៃការផ្តល់សេវាសាធារណៈ និងការគ្រប់គ្រងធនធានមនុស្ស ៣.ពង្រឹងយន្តការច្រកចេញចូលតែមួយសម្រាប់ការផ្តល់សេវា សាធារណៈ ៤.បង្កើនកិច្ចសហការល្អជាមួយដៃគូអភិវឌ្ឍន៍នានា ៥.លើកកម្ពស់ភាពប្រកួតប្រជែងរបស់កម្ពុជាលើឆាកអន្តរជាតិ ៦.ជំរុញឲ្យវិស័យឯកជនចូលរួមចំណែកក្នុងការកសាងហេដ្ឋារចនាសម្ព័ន្ធរូបវន្តសំខាន់ៗក្នុងខេត្តកណ្តាល ៧.បង្កើតបរិយាកាសអំណោយផលដល់ការវិនិយោគរបស់រដ្ឋាភិបាលតាមរយៈគម្រោងខ្សែក្រវ៉ាត់និងផ្លូវ (BRI) ៨.កាត់បន្ថយពេលវេលាធ្វើដំណើរពីតំបន់មួយទៅតំបន់មួយទៀត ដើម្បីជួយសម្រួលដល់ដំណើរការនៃកំណែទម្រង់វិមជ្ឈការ និងវិសហមជ្ឈការ៕
============================================================

--- Q&A Pair #128 ---
Question: បើគិតលើទំហំផ្ទៃដីសរុប តើខេត្តណាដែលមានទំហំតូចជាងគេបង្អស់នៅក្នុងព្រះរាជាណាចក្រកម្ពុជា?
Response: 231 || 132 || 196 || 284 || 395 || 470 || 766 || 510 || 620 || 800 || 930 || 750 || 10,2288
============================================================

--- Q&A Pair #129 ---
Question: ដោយសារបឹងទន្លេសាបលាតសន្ធឹងលើខេត្តជាច្រើន តើរាជរដ្ឋាភិបាលបានបង្កើតស្ថាប័នអ្វីដើម្បីសម្របសម្រួលកិច្ចការអភិរក្សធនធានធម្មជាតិនៅតំបន់នោះ?
Response: 237 || 218 || 149 || 326 || 435 || 50 || 650 || 720 || 930 || 800 || 10,88 || 11,10||លោក ឌឹម សុវណ្ណារុំ និង លោក ស៊ុន ម៉ៅ ត្រូវបានតែងតាំងជាប្រធានមន្ទីរវប្បធម៌និងវិចិត្រសិល្បៈខេត្តឧត្តរមានជ័យ ជំនួសលោក អ៊ុក គឹមលី ដែលត្រូវចូលនិវត្តន៍។ || 24,12 || 12,12 || 15,18 || 1,22 || 1,23 || 1,29 || 1,29 || 1,29 || 1,29 || 19,9 || 1,29 || 1,29 || 1,29 || 1,29 || 1,29 || 1,29 || 1,29 || 1,29 || 1,29 || 1,29 || 1,29 || 1,29 || 1,29 || 1,29 || 1,29 || 1,29 || 1,29 || 1,29 || 1,29 || 1,29 || 1,29 || 1,29 || 1,29 || 1,29 || 1,29 || 1,29 || 1,29 || 1,29 || 1,29 || 1,29 || 1,29 || 1,29 || 1,29 || 1,29 || 1,29 || 1,29 || 1,29 || 1,29 || 1,29 || 1,29 || 1,29 || 1,29 || 1,29 || 1,29 || 1,29 || 1,29 || 1,29 || 1,29 || 1,29 || 1,29 || 1,29 || 1,29 || 1,29 || 1,29 || 1,29 || 1,29 || 1,29 || 1,29 || 1,29 || 1,29 || 1,29 || 1,29 || 1,29 || 1,29 || 1,29 || 1,29 || 1,29 || 1,29 || 1,29 || 1,29 || 1,29 || 1,29 || 1,29 || 1,29 || 1,29 || 1,29 || 1,29 || 1,29 || 1,29 || 1,29 || 1,29 || 1,29 || 1,29 || 1,29 || 1,29 || 1,29 || 1,29 || 1,29 || 1,29 || 1,29 || 1,29 || 1,29 || 1,29 || 1,29 || 1,29 || 1,29 || 1,29 || 1,29 || 1,29 || 1,29 || 1,29 || 1,29 || 1,29 || 1,29 || 1,29 || 1,29 || 1,29 || 1,29 || 1,29 || 1,29 || 1,29 || 1,29 || 1,29 || 1,29 || 1,29 || 1,29 || 1,29 || 1,29 || 1,29 || 1,29 || 1,29 || 1,29 || 1,29 || 1,29 || 1,29 || 1,29 || 1,29 || 1,29 || 1,29 || 1,29 || 1,29 || 1,29 || 1,29 || 1,29 || 1,29 || 1,29 || 1,29 || 1,29 || 1,29 || 1,29 || 1,29 || 1,29 || 1,29 || 1,29 || 1,29 || 1,29 || 1,29 || 1,29 || 1,29 || 1,29 || 1,29 || 1,29 || 1,29 || 1,29 || 1,29 || 1,29 || 1,29 || 1,29 || 1,29 || 1,29 || 1,29 || 1,29 || 1,29 || 1,29 || 1,29 || 1,29 || 1,29 || 1,29 || 1,29 || 1,29 || 1,29 || 1,29 || 1,29 || 1,29 || 1,29 || 1,29 || 1,29 || 1,29 || 1,29 || 0,29 || 1,29 || 1,29 || 1,29 || 1,29 || 1,29 || 1,29 || 1,29 || 1,29 || 1,29 || 1,29 || 1,29 || 1,29 || 1,29 || 1,29 || 1,29 || 1,29 || 1,29 || 1,29 || 1,29 || 1,21 || 1.4 || 1,29 || 1,2 || 1,2 || 1,2 || 1,2|
============================================================

--- Q&A Pair #130 ---
Question: នៅក្នុងឆ្នាំពីរពាន់ម្ភៃបី តើមានក្រុងថ្មីចំនួនប៉ុន្មានត្រូវបានរាជរដ្ឋាភិបាលសម្រេចបង្កើតឡើងនៅក្នុងដែនរដ្ឋបាលខេត្តកណ្តាល ហើយមានឈ្មោះអ្វីខ្លះ?
Response: 238 ||461 ||073 ||592 ||1022 ||3020 ||502 ||1273 ||3088 ||201 ||1454 ||1003 ||1000 ||2005 ||201 ||1817 ||201 ||1865 ||201 ||1813 ||201 ||1818 ||201 ||1827 ||201 ||1779 ||201 ||1748 ||201 ||1440 ||201 ||1848 ||201 ||1817 ||201 ||1870 ||201 ||1175 ||201 ||1915 ||201 ||201 ||1977 ||201 ||1818 ||201 ||1878 ||201 ||1977 ||201 ||1927 ||201 ||1918 ||201 ||1837 ||201 ||1985 ||201 ||201 ||1970 ||201 ||1989 ||201 ||201 ||1928 ||201 ||1827 ||201 ||1958 ||201 ||1937 ||201 ||1918 ||201 ||1959 ||201 ||201 ||1879 ||201 ||1957 ||201 ||1929 ||201 ||1928 ||201 ||1817 ||201 ||1858 ||201 ||201 ||1819 ||201 ||1827 ||201 ||1987 ||201 ||1829 ||201 ||1977 ||201 ||201 ||1898 ||201 ||201 ||1795 ||201 ||201 ||201 ||201 ||201 ||201 ||201 ||201 ||201 ||201 ||201 ||201 ||201 ||201 ||201 ||201 ||201 ||201 ||201 ||201 ||201 ||201 ||201 ||201 ||201 ||201 ||201 ||201 ||201 ||201 ||201 ||201 ||201 ||201 ||201 ||201 ||201 ||201 ||201 ||201 ||201 ||201 ||201 ||201 ||201 ||201 ||201 ||201 ||201 ||201 ||201 ||201 ||201 ||201 ||201 ||201 ||201 ||201 ||201 ||201 ||201 ||201 ||201 ||201 ||201 ||201 ||201 ||201 ||201 ||201 ||201 ||201 ||201 ||201 ||201 ||201 ||201 ||201 ||201 ||201 ||201 ||201 ||201 ||201 ||201 ||201 ||201 ||201 ||201 ||201 ||201 ||201 ||201 ||201 ||201 ||201 ||201 ||201 ||201 ||201 ||201 ||201 ||201 ||201 ||201 ||201 ||201 ||201 ||201 ||201 ||201 ||201 ||201 ||201 ||201 ||201 ||201 ||201 ||201 ||201 ||201 ||201 ||201 ||201 ||201 ||201 ||201 ||201 ||201 ||201 ||201 ||201 ||201 ||201 ||201 ||201 ||201 ||201 ||201 ||201 ||201 ||201 ||201 ||201 ||201 ||201 ||201 ||201 ||201 ||201 ||201 ||201 ||201 ||201 ||201 ||201 ||201 ||201 ||201 ||201 ||201 ||201 ||201 ||201 ||201 ||201 ||201 ||201 ||201 ||201 ||201 ||201 ||201 ||201 ||201 ||201 ||201 ||201 ||201 ||201 ||201 ||201 ||201 ||201 ||201 ||201 ||201 ||201 ||201 ||201 ||201 ||201 ||201 ||201 ||201 ||201 ||201 ||201 ||201 ||201 ||201 ||201 ||201 ||201 ||201 ||201 ||201 ||201 ||201 ||201 ||201 ||201 ||201 ||201 ||201 ||201 ||201 ||201 ||201 ||201 ||201 ||201 ||201 ||201 ||201 ||201 ||201 ||201 ||201 ||201 ||201 ||201 ||201 ||201 ||201 ||២០១ ||201 ||201 ||201 ||201 ||201 ||201 ||201 ||201 ||201 ||201 ||ថ្ងៃអង្គារ ||១១-០៨ ||នៅព្រឹកនេះ ||១៨៩,៧៥៤ ||201 ||201 ||201 ||201 ||201 ||201 ||201 ||201 ||201 ||201 ||201 ||201 ||201 ||201 ||201 ||201 ||201 ||201 ||201 ||201 ||201 ||201 ||201 ||201 ||201 ||201 ||201 ||ព័ត៌មានលម្អិតអំពីសប្តេជ្ញាដោយបរិយាយ| ||201 ||201 ||201 ||ការរៀ ||201 ||អ្នកជំនាញផ្នែកអភិវឌ្ឍន៍ជនបទ ||201 ||201 ||201 ||201 || ||201 ||201 ||201 || - 1 2 ||ក្រុមហ៊ុនThemany ||201 ||201 ||201 ||201 ||201 || ||201 ||201 || ||201 || ||201 || ||201 ||201 || ||201 || ||201 || ||201 ||201 || ||201 ||201 || || ||201 ||201 || ||201 || ||201 || ||201 || || ||201 || ||201 || || ||ករណីគ្រោះថ្នាក់នៃកុម្ភះ ||201 ||ថ្ងៃពុធ ||1||ចំនួន១៩១) || ||មនុស្ស១៤| ||មានន័យថា៖ ព័ត៌មានបន្ថែម| ||ធនាគារជាតិ ||ឆ្នាំកំណើតថ្មី| ||កន្លែងដែល។| ||201 ||មួយថ្ងៃមុន ||និងរូបថត ||201 ||ការ៉ ||ក្រុម ||201 ||អ្នកគ្រប់គ្រង|កាលីលាន់ ||ទាក់ទង| ||តើរស៊ីរីម៉ែចូរហើយ| ||ជាទឹកទន្លេ ||តំបន់ទេសចរណ៍ ||គោលដៅសម្រាប់ព័ត៌មានវិទ្យា ||មូឺនគរូបិយានីស្សីវៀតណាម៖ ជនជាតិចិន ||ក្រសួងសុខាភិបាល ||រដ្ឋាភិបាល ||តុលាការ ||អតីតសហគម្រៃ ||សរុប|មីនា ||អាល់វីងួន ||អាជ្ញាធរ ||ទីស្នាក់ការ|ការាស្នីសឹង ||ដី ||ធ្វើបច្ចុប្បន្នភាព |បើប្រៀបធៀប|Ex|MN |សារ |ជំងឺអូស្ត្រាលី ៖ អ្នកទទួលខុសត្រូវ |ត្រូវនឹងសប្បុរសប្បវាចុះបាយ័ន(ម៉ោងប្រតិបត្តិការ |អ្នកតំណាង |លោក ជាកម្មវិដារ៉ាវាត្រូវ (ប្ចីាហ្វីណាជារបស់ខ្ញុំបាទ|ប្រធាន |បុរសខ្មែរ ||ជនជាតិ |ការ៉ែលឆានារី | កម្មករនិយោជនបរទេស |ឈ្មោះ |រឿងបើកុមារ |ស្លាប់ទៅ |ប្រជាពលរដ្ឋរងគ្រោះមកទល់សព្វថ្ងៃនេះ |មន្ត្រីសាធារណៈ |ឧបសម្ព័ន្ធភាពខុសគ្នាពីទំព័រ «ការប៉ុន្តែមុខងារវិទ្យុសោយន្ដតេនឹទ្ធីយ៉ាណុង |បម្រាមធ្យូងថ្ម និងសេក្តីកង្វង់សីមា្នកូនិង |ការគន្លឹះ |ប្រជាជន |កើត្ស |គោរម្យៀស|ចុងសប្តាហ៍ក្រោយពេល១៥ ថ្ងៃច័ន្ទ |គ្រួសារត្រាកាលៈស្ត្រីម្នាក់សំរាប់នារីក្រមខណ្ឌ |ជួបប្រទះឃើញពិតណាស់ឪពុកម្តាយរបស់ករុ៎ារ |ហិកាសូម |អាយុ |អ្នកមានចិត្តសាស្ត្រាចំនួនបុគ្គលិក |ស្ថានភាព |សាលារៀន 3.1តើពត៌មាន |ប្រអប់រឿយោងតាមហ្វេសប៊ុក |ព្រះមហាក្សត្រ |បុរសខ្លាំងជាងរងចាំ|ពួកសាស័រ្រោមេនះពលជ័យជំនួ៉ា |ពិធី |ផ្ទះសំណាក់សង្គម |ហេតុការណ៍ញ្ចនៈសហរដ្ឋាបានេះមួយខែ្មេណីយដ្ឋាន |អ្នកណា |ជំពិស័កុំជំរាបិ |អ្នករស់ជាតិនៅភូមិនៅរ៍ |កូនត្តាព៍ |អ្នកឃ្លាំង |ហ្វី្លាយ៉ាង |អ្នកស្វាយរៀង 4.អានអត្ថបទនេះជាញាក់ |តារាង់ ញូវ |មិនា បាត់គេ |អ្នកការពារឡើងគ្រឹក |អ្នកឆ្លង |ជិះឡានសណ្តែក័តិចនាបន្ត
============================================================

--- Q&A Pair #131 ---
Question: តើក្រុងបូកគោដែលស្ថិតនៅលើតំបន់ភ្នំបូកគោ ត្រូវបានរាជរដ្ឋាភិបាលបង្កើតឡើងក្នុងរដ្ឋបាលខេត្តណា ហើយត្រូវបានកាត់បំបែកចេញពីស្រុកអ្វី?
Response: 238 ||491 ||075 ||263 ||5012 ||301 ||101 ||2022 ||2019 ||288 ||291 ||301 ||001 ||202 ||191 ||314 ||292 ||451 ||301 ||185 ||303 ||185 ||304 ||305 ||182 ||182 ||195 ||195 ||196 ||191 ||196 ||197 ||195 ||196 ||197 ||196 ||197 ||197 ||197 ||198 ||191 ||198 ||191 ||191 ||191 ||191 ||191 ||192 ||192 ||193 ||193 ||193 ||193 ||193 ||193 ||194 ||193 ||193 ||193 ||193 ||193 ||194 ||193 ||194 ||193 ||193 ||194 ||194 ||193 ||193 ||194 ||193 ||193 ||194 ||193 ||194 ||193 ||193 ||193 ||193 ||193 ||193 ||193 ||193 ||193 ||193 ||193 ||194 ||193 ||194 ||193 ||194 ||194 ||193 ||193 ||194 ||194 ||193 ||194 ||194 ||194 ||194 ||194 ||194 ||194 ||194 ||194 ||194 ||194 ||194 ||194 ||194 ||194 ||194 ||194 ||194 ||194 ||194 ||194 ||194 ||194 ||194 ||194 ||194 ||194 ||194 ||194 ||194 ||194 ||194 ||194 ||194 ||194 ||194 ||194 ||194 ||194 ||194 ||194 ||194 ||194 ||194 ||194 ||194 ||194 ||194 ||194 ||194 ||194 ||194 ||194 ||194 ||194 ||194 ||194 ||194 ||194 ||194 ||194 ||194 ||194 ||194 ||194 ||194 ||194 ||194 ||194 ||194 ||194 ||194 ||194 ||194 ||194 ||194 ||194 ||194 ||194 ||194 ||194 ||194 ||194 ||194 ||194 ||194 ||194 ||194 ||194 ||194 ||194 ||194 ||194 ||194 ||194 ||194 ||194 ||194 ||194 ||194 ||194 ||194 ||194 ||194 ||194 ||194 ||194 ||194 ||194 ||194 ||194 ||194 ||194 ||194 ||194 ||194 ||194 ||194 ||194 ||194 ||194 ||194 ||194 ||194 ||194 ||194 ||194 ||195 ||194 ||194 ||194 ||195
============================================================

--- Q&A Pair #132 ---
Question: នៅក្នុងគោលនយោបាយកំណែទម្រង់រដ្ឋបាលថ្នាក់ក្រោមជាតិ តើពាក្យថាវិមជ្ឈការនិងវិសហមជ្ឈការមានអត្ថន័យទូទៅយ៉ាងដូចម្តេច?
Response: 238 || សេចក្តីថ្លែងការណ៍របស់រាជរដ្ឋាភិបាលស្តីពី ការរៀបចំ និងការប្រព្រឹត្តទៅនៃក្រុមប្រឹក្សាជាតិប្រឆាំងអំពើពុករលួយ (ក.ជ.អ)||21479|| || 235 || សេចក្តីប្រកាសព័ត៌មាន របស់ក្រសួងការបរទេស និងសហប្រតិបត្តិការអន្តរជាតិ ស្តីពីលទ្ធផល នៃកិច្ចប្រជុំលើកទី៤៣ អាណត្តិទី៥ នៅទីក្រុងហូជីមិញ ប្រទេសវៀតណាម។ អានបន្ថែម...
============================================================

--- Q&A Pair #133 ---
Question: តើមេភូមិនិងសមាជិកភូមិផ្សេងទៀតត្រូវបានជ្រើសរើសដោយការបោះឆ្នោតដោយផ្ទាល់ពីប្រជាពលរដ្ឋដែរឬទេ? តើពួកគេត្រូវបានតែងតាំងដោយរបៀបណា?
Response: 239 || | 230 || | 888 || | 883||ការតែងតាំងដោយអ្នកស្រី សួន ស៊ីណាត និង លោក ម៉ៅ សុផាន់ ត្រូវបានជ្រើសរើសជាសមាជិកក្រុមប្រឹក្សាសង្កាត់ស្វាយប៉ាក។ || 214 || | 885||លោក ឃឹម ប៊ុនសុង ជាអភិបាលរងខេត្តបន្ទាយមានជ័យ និងលោក ឈិត គឹមយឿត ប្រធានក្រុមប្រឹក្សាខណ្ឌដង្កោ រាជធានីភ្នំពេញ និងលោក ហ៊ុយ សារ៉េត អនុប្រធានក្រុមប្រឹក្សាខណ្ឌដង្កោ រាជធានីភ្នំពេញ ។ || 326 || | 887||លោកស្រី ចក់ ណារ៉ែន នាយិការងនៃខុទ្ទកាល័យ អគ្គលេខាធិការដ្ឋាន នៃគណៈកម្មាធិការជាតិគ្រប់គ្រងនិងអភិវឌ្ឍតំបន់ឆ្នេរសមុទ្រកម្ពុជា (គ.អ.ឆ) ព្រមទាំងថ្នាក់ដឹកនាំភូមិទាំងអស់ក្នុងសង្កាត់ទាំង៤នេះ បានទទួលស្វាគមន៍យ៉ាងកក់ក្តៅចំពោះវត្តមានដ៏ខ្ពង់ខ្ពស់របស់ឯកឧត្ដម គួច ចំរើន អភិបាលខេត្តកំពង់ចាម និងជាប្រធានគណៈបញ្ជាការឯកភាពរដ្ឋបាល ខេត្តកំពង់ចាម នៅសាលប្រជុំសាលាខេត្តកំពង់ឆ្នាំង នាព្រឹកថ្ងៃពុធ ទី២៦ ខែឧសភា ឆ្នាំ២០១៩នេះ។ នៅក្នុងឱកាសនោះដែរ ឯកឧត្ដមក៏បានថ្លែងអំណរគុណដល់ប្រជាពលរដ្ឋដែលបានបោះឆ្នោតគាំទ្រគណបក្សប្រជាជនកម្ពុជា ដែលមានលេខរៀងទី១៨ ក្នុងអាណត្តិទី៥ កន្លងទៅ ហើយក៏បានប្រកាសទទួលស្គាល់ជាផ្លូវការនូវការចូលរួមចំណែកពីគ្រប់ស្ថាប័នពាក់ព័ន្ធនានា ក្នុងការអនុវត្តកម្មវិធីនយោបាយយុទ្ធសាស្ត្រចតុកោណដំណាក់កាលទី៣ របស់រាជរដ្ឋាភិបាលកម្ពុជា។ ជាមួយគ្នានេះផងដែរ ឯកឧត្តម គួច ចំរើន ក៏បានអំពាវនាវឲ្យបងប្អូនប្រជាពលរដ្ឋបន្តយកចិត្តទុកដាក់ក្នុងការថែរក្សាសុខសន្តិភាព និងការអភិវឌ្ឍន៍ប្រទេស ឲ្យកាន់តែរីកចម្រើនថែមទៀត ដើម្បីធ្វើឲ្យមូលដ្ឋានរបស់យើងមានសុខសុវត្ថិភាពល្អ៕
============================================================

--- Q&A Pair #134 ---
Question: នៅឆ្នាំពីរពាន់ម្ភៃបី រាជរដ្ឋាភិបាលបានសម្រេចបំបែកស្រុកឧដុង្គនៃខេត្តកំពង់ស្ពឺជាពីរ។ តើការបំបែកនេះបង្កើតបានជារដ្ឋបាលស្រុកនិងក្រុងអ្វីខ្លះថ្មី?
Response: 23 || 05 ×<eos>
============================================================

--- Q&A Pair #135 ---
Question: តើក្រុងថ្មីមួយណាដែលទើបតែត្រូវបានបង្កើតឡើងនៅក្នុងខេត្តសៀមរាប ដើម្បីសម្រួលដល់ការរស់នៅរបស់ប្រជាពលរដ្ឋដែលបានស្ម័គ្រចិត្តរើចេញពីតំបន់រមណីយដ្ឋានអង្គរ?
Response: 237 ||496 ||382 ||188 ||512 ||106 ||030 ||502 ||2022 ||518 ||100 ||518 ||2019 ||391 ||105 ||1000 ||100 ||1,000 ||1,2% នៃចំនួនប្រជាជនក្នុងក្រុងសៀមរាប បានទទួលការចាក់វ៉ាក់សាំងកូវីដ-១៩ (ស៊ីណូវ៉ាក់) ដូសទី១ និងដូសទី២ ក្នុងក្របខណ្ឌទូទាំងប្រទេសបានជាង ២២ ម៉ឺននាក់ហើយ នៅថ្ងៃទី២០ ខែកក្កដា ឆ្នាំ២០១៩។ ការចាក់វ៉ាកសាំងបង្ការជំងឺកូវីដ-១៩ សម្រាប់ប្រជាពលរដ្ឋទូទៅ ត្រូវបានផ្អាកជាបណ្តោះអាសន្ន ដោយសារមានការឆ្លងរាលដាលនៃវីរុសបំប្លែងខ្លួនថ្មី អូមីក្រុង ដែលរកឃើញដំបូងនៅក្នុងទីក្រុងភ្នំពេញ កាលពីថ្ងៃទី១៦ ខែមិថុនា ឆ្នាំ២០២០។ ក្រសួងសុខាភិបាល បានប្រកាសថា គិតត្រឹមថ្ងៃទី២០ ខែកក្កដា កម្ពុជាមានករណីវិជ្ជមានកូវីដ១៩ សរុបចំនួន២៧៥១ នាក់ ក្នុងនោះមានអ្នកជាសះស្បើយសរុបចំនួន ៤០៤៨នាក់។ ចំណែកអ្នកកំពុងសម្រាកព្យាបាលនៅមន្ទីរពេទ្យរដ្ឋ មានចំនួន ៦៩៣នាក់៕
============================================================

--- Q&A Pair #136 ---
Question: បន្ទាប់ពីខេត្តត្បូងឃ្មុំត្រូវបានបង្កើតឡើងដោយកាត់ចេញពីខេត្តកំពង់ចាម តើក្រុងមួយណាដែលត្រូវបានកំណត់ជាទីរួមខេត្តនិងជាមជ្ឈមណ្ឌលរដ្ឋបាលចម្បងរបស់ខេត្តនេះ?
Response: 231 ||428 ||359 ||706 ||109 ||1220 ||3088 ||201||ការប្រើប្រាស់ដី និងសំណង់របស់រដ្ឋក្នុងខេត្តត្បូងឃ្មុំត្រូវបានហាមឃាត់មិនឲ្យធ្វើអាជីវកម្មជាដាច់ខាត ||ថ្ងៃសុក្រ ទី១៩ ខែមីនា ឆ្នាំ២០១៧ ម៉ោង ០៩:៥៤នាទី (ខ្មែរ)៖ គ្រួសារមួយដែលមានកូនតូចៗចំនួន ២នាក់បានស្លាប់បាត់បង់ជីវិតដោយសារលង់ទឹកទន្លេនៅស្រុកក្រូចឆ្មារ ខេត្តត្បូងឃ្មុំ។ ហេតុការណ៍នេះបានកើតឡើងកាលពីវេលាម៉ោង ៧និង៣០នាទីព្រឹកថ្ងៃទី ១៩ ខែ មីនា ឆ្នាំ ២០១៧ នៅភូមិជីមាល ឃុំអណ្តូងស្នាយ ស្រុករលាប្អៀរ ខេត្តកំពង់ឆ្នាំង ។ សមត្ថកិច្ចបានឲ្យដឹងថា ជនរងគ្រោះឈ្មោះ សោម ចំរើន ភេទប្រុស អាយុ ៣៣ឆ្នាំ រស់នៅភូមិកើតហេតុខាងលើ បានយកខ្សែភ្លើងមកចងកសម្លាប់ខ្លួននៅក្នុងផ្ទះរបស់ខ្លួន ដោយពុំដឹងមូលហេតុច្បាស់លាស់នោះទេ ហើយជនរងគ្រោះក៏បានទៅប្រាប់អ្នកជិតខាងថា កូនរបស់គាត់មានជំងឺរ៉ាំរ៉ៃប្រចាំកាយហើយក៏ដើររកតែម្នាក់ឯង ក៏ប្រទះឃើញសាកសពដេកស្លាប់នៅលើគ្រែក្រោមដើមឈើក្បែរមាត់អូរ បណ្តាលឱ្យស្លាប់តែម្តង៕
============================================================

--- Q&A Pair #137 ---
Question: នៅក្នុងរចនាសម្ព័ន្ធរដ្ឋបាលរាជធានីនិងខេត្ត តើក្រុមប្រឹក្សានិងគណៈអភិបាលមានតួនាទីខុសគ្នាយ៉ាងដូចម្តេចចំពោះការគ្រប់គ្រងមូលដ្ឋាន?
Response: 239 || 888<eos>
============================================================

--- Q&A Pair #138 ---
Question: ក្នុងបរិបទនៃការពង្រីកវិសាលភាពភូមិសាស្ត្ររាជធានីភ្នំពេញនាពេលកន្លងមក តើខេត្តមួយណាដែលត្រូវបានកាត់រំកិលព្រំប្រទល់រដ្ឋបាលនិងឃុំសង្កាត់មួយចំនួនបញ្ចូលមកក្នុងរាជធានី?
Response: 231 ||248 ||369 ||057
============================================================

--- Q&A Pair #139 ---
Question: តើក្រុងបាវិតនៃខេត្តស្វាយរៀងមានតួនាទីភូមិសាស្ត្ររដ្ឋបាលនិងសេដ្ឋកិច្ចយ៉ាងដូចម្តេចខ្លះក្នុងការតភ្ជាប់ជាមួយប្រទេសជិតខាង?
Response: 239 ||472 ||318 ||560 ||5020 ||1078 ||1222 ||3088 ||201||ការតភ្ជាប់បណ្តាញខ្សែកាបអុបទិកក្រោមបាតសមុទ្រកម្ពុជា-ឡាវ|
============================================================

--- Q&A Pair #140 ---
Question: តើស្ថាប័នថ្នាក់ជាតិមួយណាដែលមានតួនាទីពិនិត្យនិងផ្តល់ការអនុម័តលើថវិកាប្រចាំឆ្នាំរបស់រដ្ឋបាលថ្នាក់រាជធានីនិងខេត្ត មុននឹងដាក់ឱ្យអនុវត្តជាផ្លូវការ?
Response: 237 || 224 || 165 || 203 || 199 || 318 || 240 || 410 || 550 || 630 || 720 || 96
============================================================

--- Q&A Pair #141 ---
Question: នៅក្នុងដែនរដ្ឋបាលខេត្ត តើក្រុងនិងស្រុកមានលក្ខណៈខុសគ្នាយ៉ាងដូចម្តេចក្នុងការបែងចែកភូមិសាស្ត្ររដ្ឋបាល?
Response: 238 ||419<eos>
============================================================

--- Q&A Pair #142 ---
Question: តើមូលនិធិឃុំសង្កាត់គឺជាអ្វី ហើយវាមានសារៈសំខាន់យ៉ាងដូចម្តេចក្នុងការអភិវឌ្ឍរដ្ឋបាលថ្នាក់មូលដ្ឋាន?
Response: 23 || 88 ||45 ||16 ||37 ||28 ||09 ||10 ||12 ||30 ||18 ||18 ||28 ||20 ||28 ||22 ||38 ||29 ||29 ||39 ||39 ||29 ||39 ||300 ||39 ||31 ||31 ||31 ||41 ||31 ||41 ||31 ||41 ||41 ||50 ||41 ||42 ||41 ||42 ||43 ||42 ||43 ||44 ||45 ||45 ||45 ||45 ||48 ||48 ||47 ||48 ||48 ||48 ||49 ||49 ||49 ||49 ||40 ||40 ||40 ||40 ||40 ||40 ||40 ||40 ||40 ||41 ||40 ||40 ||40 ||41 ||41 ||40 ||41 ||41 ||41 ||42 ||41 ||42 ||41 ||43 ||41 ||41 ||42 ||42 ||43 ||43 ||44 ||43 ||44 ||44 ||44 ||45 ||45 ||46 ||47 ||48 ||48 ||48 ||41 ||49 ||41 ||41 ||41 ||40 ||41 ||41 ||41 ||41 ||41 ||41 ||41 ||42 ||41 ||42 ||42 ||42 ||44 ||43 ||44 ||44 ||45 ||45 ||48 ||45 ||48 ||46 ||45 ||48 ||41 ||40 ||41 ||41 ||41 ||41 ||42 ||41 ||41 ||42 ||42 ||42 ||43 ||44 ||44 ||44 ||45 ||48 ||45 ||45 ||48 ||40 ||40 ||41 ||41 ||41 ||41 ||41 ||41 ||41 ||41 ||41 ||41 ||42 ||41 ||42 ||43 ||44 ||43 ||44 ||45 ||48 ||48 ||41 ||48 ||41 ||41 ||41 ||41 ||41 ||41 ||42 ||41 ||42 ||41 ||42 ||42 ||43 ||44 ||43 ||44 ||45 ||45 ||45 ||48 ||45 ||48 ||41 ||41 ||41 ||41 ||41 ||41 ||41 ||42 ||43 ||41 ||44 ||42 ||44 ||45 ||45 ||46 ||41 ||41 ||41 ||41 ||41 ||41 ||41 ||41 ||42 ||42 ||43 ||43 ||44 ||44 ||45 ||48 ||44 ||44 ||45 ||45 ||48 ||48 ||41 ||41 ||41 ||41 ||41 ||41 ||42 ||41 ||41 ||41 ||42 ||42 ||41 ||43 ||43 ||43 ||44 ||44 ||44 ||44 ||45 ||44 ||45 ||46 ||48 ||46 ||48 ||41 ||48 ||41 ||41 ||41 ||41 ||41 ||42 ||42 ||42 ||44 ||43 ||44 ||45 ||44 ||45 ||48 ||44 ||48 ||41 ||44 ||41 ||45 ||48 ||41 ||41 ||41 ||41 ||41 ||41 ||42 ||43 ||44 ||44 ||48 ||44 ||44 ||44 ||44 ||48 ||41 ||48 ||44 ||44 ||44 ||44 ||45 ||41 ||48 ||41 ||41 ||4 ||45 ||44 ||4 ||42 ||4||ការកំណត់|4|4 ||4 ||4 ||4 ||4 ||4 ||4 ||4 ||4|4 ||4|4|4| 4.1| 9 ||4|4|5 ||4|1|4|5 ||4|4|1|4|5
============================================================

--- Q&A Pair #143 ---
Question: តើសមាជិកក្រុមប្រឹក្សារាជធានី ខេត្ត ក្រុង ស្រុក ខណ្ឌ ត្រូវបានជ្រើសរើសតាមរយៈការបោះឆ្នោតជាសកលដោយផ្ទាល់ពីប្រជាពលរដ្ឋដែរឬទេ?
Response: 237 ||138 ||496 ||5288 ||030 ||1050
============================================================

--- Q&A Pair #144 ---
Question: នៅក្នុងការគ្រប់គ្រងសន្តិសុខសណ្តាប់ធ្នាប់ខេត្តនីមួយៗ តើអ្នកណាជាប្រធានគណៈបញ្ជាការឯកភាពរដ្ឋបាលខេត្ត ហើយគណៈបញ្ជាការនេះមានតួនាទីអ្វី?
Response: 23 || 21 || 32 || 49 || 63 || 75 || 54 || 86 || 98 || 170 || 1212 || 1188
============================================================

--- Q&A Pair #145 ---
Question: តើទីរួមខេត្តនិងជាមជ្ឈមណ្ឌលរដ្ឋបាលនៃខេត្តឧត្តរមានជ័យមានឈ្មោះអ្វី ហើយខេត្តនេះស្ថិតនៅភូមិភាគណា?
Response: 23 || 22 || 34 || 16 || 49 || 53 || 60 || 77 || 81 || 98 || 65 || 109 || 1288
============================================================

--- Q&A Pair #146 ---
Question: តើការគ្រប់គ្រងរដ្ឋបាលភូមិសាស្ត្រចំពោះភូមិបណ្តែតទឹកនៅតំបន់បឹងទន្លេសាបមានលក្ខណៈពិសេសរឺស្មុគស្មាញយ៉ាងដូចម្តេចខ្លះ?
Response: 238 ||149 ||263 ||200 ||575 ||121 ||101 ||304 ||501 ||600 ||71 ||144 ||73 ||144 ||146 ||144 ||75 ||144 ||144 ||144 ||76 ||144 ||144 ||144 ||144 ||144 ||144 ||144 ||144 ||144 ||144 ||144 ||144 ||144 ||144 ||144 ||144 ||144 ||144 ||144 ||144 ||144 ||144 ||144 ||144 ||144 ||144 ||144 ||144 ||144 ||144 ||144 ||144 ||144 ||144 ||144 ||144 ||144 ||144 ||144 ||144 ||144 ||144 ||144 ||144 ||144 ||144 ||144 ||144 ||144 ||144 ||144 ||144 ||144 ||144 ||144 ||144 ||144 ||144 ||144 ||144 ||144 ||144 ||144 ||144 ||144 ||144 ||144 ||144 ||144 ||144 ||144 ||144 ||144 ||144 ||144 ||144 ||144 ||144 ||144 ||144 ||144 ||144 ||144 ||144 ||144 ||144 ||144 ||144 ||144 ||144 ||144 ||144 ||144 ||144 ||144 ||144 ||144 ||144 ||144 ||144 ||144 ||144 ||144 ||144 ||144 ||144 ||144 ||144 ||144 ||144 ||144 ||144 ||144 ||144 ||144 ||144 ||144 ||144 ||144 ||144 ||144 ||144 ||144 ||144 ||144 ||144 ||144 ||144 ||144 ||144 ||144 ||144 ||144 ||144 ||144 ||144 ||144 ||144 ||144 ||144 ||144 ||144 ||144 ||144 ||144 ||144 ||144 ||144 ||144 ||144 ||144 ||144 ||144 ||144 ||144 ||144 ||144 ||144 ||144 ||144 ||144 ||144 ||144 ||144 ||144 ||144 ||144 ||144 ||144 ||144 ||144 ||144 ||144 ||144 ||144 ||144 ||144 ||144 ||144 ||144 ||144 ||144 ||144 ||144 ||144 ||144 ||144 ||144 ||144 ||144 ||144 ||144 ||144 ||144 ||144 ||144 ||144 ||144 ||144 ||144 ||144 ||144 ||144 ||144 ||144 ||144 ||144 ||144 ||144 ||144 ||144 ||145 ||144 ||144 ||144 ||144 ||144 ||144 ||144 ||144 ||144 ||144 ||144 ||144 ||144 ||144 ||144 ||144 ||144 ||144 ||144 ||144 ||144 ||144 ||145 ||144 ||144||ភ្លើង 144 ||144 ||144|
============================================================

--- Q&A Pair #147 ---
Question: តើស្ថាប័នអន្តរក្រសួងមួយណាដែលទទួលបន្ទុកក្នុងការរៀបចំនិងអនុវត្តគោលនយោបាយកំណែទម្រង់ការអភិវឌ្ឍតាមបែបប្រជាធិបតេយ្យនៅថ្នាក់ក្រោមជាតិ?
Response: 239 || 225 || 330 || 140 || 417 || 636 || 58.12 || 750 || 84.11 || 63.11 || 104.10 || 94.11 || 124.11 || 114.11 || 114.11 || 154.11 || 144.11 || 144.11 || 145.11 || 145.11 || 196.11 || 146.11 || 207.11 || 247.11 || 147.11 || 148.11 || 149.11 || 149.11 || 149.11 || 140.11 || 1400.11 || 140.11 || 141.11 || 1420.11 || 1488.11 || 144.11 || 140.11 || 144.11 || 144.11 || 145.11 || 144.11 || 144.11 || 144.11 || 145.11 || 145.11 || 146.11 || 146.11 || 147.11 || 148.11 || 148.11 || 148.11 || 148.11 || 149.11 || 149.11 || 149.11 || 149.11 || 140.11 || 149.11 || 140.11 || 149.11 || 149.11 || 149.11 || 149.11 || 149.11 || 149.11 || 149.11 || 149.11 || 149.11 || 140.11 || 140.11 || 140.11 || 140.11 || 140.11 || 140.11 || 140.11 || 140.11 || 140.11 || 140.11 || 140.11 || 140.11 || 140.11 || 140.11 || 140.11 || 140.11 || 140.11 || 140.11 || 140.11 || 140.11 || 140.11 || 140.11 || 140.11 || 140.11 || 140.11 || 140.11 || 140.11 || 140.11 || 140.11 || 140.11 || 140.11 || 140.11 || 140.11 || 140.11 || 140.11 || 140.11 || 140.11 || 140.11 || 140.11 || 140.11 || 140.11 || 140.11 || 140.11 || 140.11 || 140.11 || 140.11 || 140.11 || 140.11 || 140.11 || 140.11 || 140.11 || 140.11 || 140.11 || 140.11 || 140.11 || 140.11 || 140.11 || 140.11 || 140.11 || 140.11 || 140.11 || 140.11 || 140.11 || 140.11 || 140.11 || 140.11 || 140.11 || 140.11 || 140.11 || 140.11 || 140.11 || 140.11 || 140.11 || 140.11 || 140.11 || 140.11 || 140.11 || 140.11 || 140.11 || 140.11 || 140.11 || 140.11 || 140.11 || 140.11 || 140.11 || 140.11 || 140.11 || 140.11 || 140.1 || 141.1 || 141.1 || 141.1 || 142.1 || 142.1||| 143.1 || 143.1 || 14.1 || 14.1 || 14.1 || 14.1 អ្នកដែលបង្ហាញនៅលើ 0(B)| 14.2 (R 14.1ms 1/14.1
============================================================

--- Q&A Pair #148 ---
Question: សម្រាប់ខេត្តតាកែវដែលជាខេត្តវ័យចំណាស់មួយ តើទីក្រុងដែលជាមជ្ឈមណ្ឌលរដ្ឋបាលទីរួមខេត្តមានឈ្មោះអ្វី?
Response: 23,197 | | ↑| ខេត្តតាកែវ ៖ កាលពីវេលាម៉ោង១០និង៣០នាទីព្រឹកថ្ងៃទី២០ ខែកញ្ញា ឆ្នាំ២០១៧ កម្លាំងនគរបាលនៃអធិការដ្ឋាននគរបាលស្រុកបាទី បានចុះបង្ក្រាបករណីជួញដូរ និងប្រើប្រាស់ដោយខុសច្បាប់នូវសារធាតុញៀន ស្ថិតនៅចំណុចភូមិព្រៃពង្រ ឃុំរការកោង ស្រុកបាទី ។ លោកវរសេនីយ៍ឯក សេង សុជាតិ អធិការរងទទួលផែនប្រឆាំងបទល្មើសគ្រឿងញៀន នៃស្នងការដ្ឋាន នគរបាលខេត្ត បានអោយដឹងថា ជនសង្ស័យទាំង២នាក់មាន ១-ឈ្មោះ ទូច ចាន់រ៉ា ភេទប្រុស អាយុ២៤ឆ្នាំ ២- ឈ្មោះ ហ៊ាង រ៉ាឌី ហៅម៉ៅ ភេទស្រីអាយុ៣៦ឆ្នាំ ៣- ឈ្មោះ ផាន់ សុខហៀង ភេទប្រុស អាយុ៥១ឆ្នាំ ៤- ឈ្មោះ នួន ម៉ាប់ ភេទប្រុស អាយុ៣០ឆ្នាំ ៥- ឈ្មោះ ណុប ដារ៉ា ភេទប្រុស អាយុ៣១ឆ្នាំ ៦- ឈ្មោះ វង្ស ប៊ុនថង ភេទប្រុស អាយុ១៩ឆ្នាំ ៧- ឈ្មោះ ឈុន មករា ភេទប្រុស អាយុ១៨ឆ្នាំ ៨- ឈ្មោះ យឹម រ៉ាវីតភេទប្រុស អាយុ១៧ឆ្នាំ ៩- ឈ្មោះ ស៊ិន ស្រីនិច ភេទស្រី អាយុ១៦ឆ្នាំ ១០- ឈ្មោះ កែវ ចំរើន ភេទប្រុស អាយុ១៥ឆ្នាំ ១១- ឈ្មោះ វ៉ែន ស៊ីណាត ហៅសាក់ ភេទប្រុស អាយុ១៤ឆ្នាំ ១២- ឈ្មោះ មាស សុវណ្ណរតនា ហៅចេក ភេទប្រុស អាយុ១២ឆ្នាំ ១៣- ឈ្មោះ ឃឿន សារ៉ាត់ ភេទប្រុស អាយុ១៣ឆ្នាំ ១៤- ឈ្មោះ អ៊ុក បញ្ញា ភេទប្រុស អាយុ២៥ឆ្នាំ ១៥- ឈ្មោះ ឆាយ គីមហុង ភេទប្រុស អាយុ១៨ឆ្នាំ ១៦- ឈ្មោះ លីម លាវ ភេទប្រុស អាយុ១៨ឆ្នាំ ១៧- ឈ្មោះ ថូយ សំណាង ភេទប្រុស អាយុ ១៨ ឆ្នាំ ២០- ឈ្មោះ ជ័យ ពន្លឺ ភេទប្រុស អាយុ ១៩ឆ្នាំ ២០- ឈ្មោះ ប៉ោ គឹមស៊ាន ភេទប្រុស អាយុ១៨ឆ្នាំ ២០- ឈ្មោះ ឡៃ វិច្ឆិកា ភេទប្រុស អាយុ១៨ឆ្នាំ (អ្នកទាំងពីររស់នៅភូមិកំពង់ត្រាចទី១ សង្កាត់រកាធំ ក្រុងច្បារមន ខេត្តកំពង់ស្ពឺ)។ បច្ចុប្បន្នជនសង្ស័យទាំង០៣នាក់រួមនឹងវត្ថុតាង ត្រូវបានសមត្ថកិច្ចជំនាញកំពុងកសាងសំណុំរឿងបញ្ជូនទៅសាលាដំបូងខេត្តកំពង់ឆ្នាំង ដើម្បីចាត់ការតាមនីតិវិធីច្បាប់៕
============================================================

--- Q&A Pair #149 ---
Question: តើរដ្ឋបាលថ្នាក់មូលដ្ឋានកម្រិតណាដែលមានសមត្ថកិច្ចក្នុងការចេញសំបុត្រអត្រានុកូលដ្ឋានដូចជាសំបុត្រកំណើត សំបុត្រអាពាហ៍ពិពាហ៍ និងសំបុត្រមរណភាពជូនប្រជាពលរដ្ឋ?
Response: 238 ||140#<eos>
============================================================

--- Q&A Pair #150 ---
Question: នៅក្នុងរចនាសម្ព័ន្ធដែនដី តើឃុំឬសង្កាត់មួយត្រូវបានបែងចែកជាចំណុះតូចៗអ្វីខ្លះ ហើយវាមានឋានៈជានីតិបុគ្គលរដ្ឋបាលដែរឬទេ?
Response: 23 || | ↑<eos>
============================================================

--- Q&A Pair #151 ---
Question: តើស្មៀនឃុំសង្កាត់មានតួនាទីអ្វីខ្លះ ហើយតំណែងនេះបានមកពីការបោះឆ្នោតដោយប្រជាពលរដ្ឋដែរឬទេ?
Response: 23 || 01:25 ||<eos>
============================================================

--- Q&A Pair #152 ---
Question: តើអភិបាលក្រុង ស្រុក និងខណ្ឌ ត្រូវបានជ្រើសរើសដោយការបោះឆ្នោត ឬត្រូវបានតែងតាំងដោយនីតិវិធីណាមួយ?
Response: 238 ||342 ||159 ||706
============================================================

--- Q&A Pair #153 ---
Question: នៅក្នុងរចនាសម្ព័ន្ធរដ្ឋបាលសាលាខេត្ត តើអ្នកណាជាអ្នកទទួលបន្ទុកគ្រប់គ្រងនិងសម្របសម្រួលការងាររដ្ឋបាលប្រចាំថ្ងៃផ្ទាល់?
Response: 231 ||<eos>
============================================================

--- Q&A Pair #154 ---
Question: តើរចនាសម្ព័ន្ធរដ្ឋបាលថ្នាក់ក្រោមជាតិរបស់រាជធានីភ្នំពេញ មានលក្ខណៈខុសប្លែកពីបណ្តាខេត្តនានាយ៉ាងដូចម្តេចខ្លះ?
Response: 231 || 224 || 175 || 396 || 193 || 480 || 688 || 77,10 || 820 || 500 || 930
============================================================

--- Q&A Pair #155 ---
Question: តើអង្គភាពច្រកចេញចូលតែមួយនៅសាលារាជធានី ខេត្ត ផ្តល់អត្ថប្រយោជន៍អ្វីខ្លះដល់អ្នកវិនិយោគនិងប្រជាពលរដ្ឋទូទៅ?
Response: 239 ||1457 ||1038 ||062 ||1250 ||2000 ||308 ||201||ការចេញលិខិតអនុញ្ញាតធ្វើដំណើរ និងឯកសារពាក់ព័ន្ធផ្សេងទៀតពីក្រសួង ស្ថាប័នមានសមត្ថកិច្ច។ ការចេញលិខិតអនុញ្ញាតធ្វើដំណើរ និងការបិទយានដ្ឋានគ្រប់ប្រភេទ ត្រូវអនុវត្តចាប់ពីថ្ងៃទី ០១ ខែមករា ឆ្នាំ ២០១៧ រហូតដល់ ថ្ងៃទី ២៦ ខែកុម្ភៈ ឆ្នាំ២០១៧ ដោយត្រូវកំណត់ចំនួនអ្នកដំណើរ ឬទំនិញ ដែលមិនលើសពី ១០០០នាក់ ក្នុងមួយថ្ងៃ សម្រាប់រយៈពេល ៦ថ្ងៃ គិតចាប់ពីម៉ោងសូន្យនៃថ្ងៃទី២៨ ខែមីនា ដល់ថ្ងៃទី១៥ ខែមេសា ឆ្នាំ២០១៦ ។
============================================================

--- Q&A Pair #156 ---
Question: យោងតាមច្បាប់ តើអភិបាលរាជធានី ខេត្ត អាចកាន់តំណែងនៅក្នុងរដ្ឋបាលដដែលលើសពីពីរអាណត្តិជាប់គ្នាបានដែរឬទេ?
Response: 231 || 025 || 149 || 273 || 386 || 40 || 630 || 550 || 720 || 810 || 988
============================================================

--- Q&A Pair #157 ---
Question: នៅក្នុងរដ្ឋបាលមូលដ្ឋានកម្រិតភូមិ តើកម្លាំងប្រជាការពារភូមិមានតួនាទីសំខាន់យ៉ាងណាខ្លះក្នុងការចូលរួមអភិវឌ្ឍន៍សហគមន៍?
Response: 237 ||149 ||028 ||536 ||304 ||505 ||1222 ||104 ||200 ||121 ||188 ||100 ||186 ||1000 ||1,500 ||1,500 ||1,500 || 1,500 ||1,500 ||1,500 ||1,500 ||1,500 ||1,500 ||1,500 ||1,500 ||1,500 ||1,500 ||1,500 ||1,500 ||1,500 ||1,500 ||1,500 ||1,500 ||1,500 ||1,500 ||1,500 ||1,500 ||1,500 ||1,500 ||1,500 ||1,500 ||1,500 ||1,500 ||1,500 ||1,500 ||1,500 ||1,500 ||1,500 ||1,500 ||1,500 ||1,500 ||1,500 ||1,500 ||1,500 ||1,500 ||1,500 ||1,500 ||1,500 ||1,500 ||1,500 ||1,500 ||1,500 ||1,500
============================================================

--- Q&A Pair #158 ---
Question: តើការិយាល័យប្រជាពលរដ្ឋនៅរដ្ឋបាលថ្នាក់ក្រោមជាតិត្រូវបានបង្កើតឡើងដើម្បីគោលបំណងចម្បងអ្វី?
Response: 238 ||<eos>
============================================================

--- Q&A Pair #159 ---
Question: តើក្រុមប្រឹក្សារាជធានី ខេត្ត មានកាតព្វកិច្ចត្រូវបើកកិច្ចប្រជុំសាមញ្ញរបស់ខ្លួនយ៉ាងហោចណាស់ប៉ុន្មានដងក្នុងមួយខែ?
Response: 23-Jan-2017 8:02 am ការបើកកិច្ចប្រជុំក្រុមប្រឹក្សារាជធានី ខេត្ត ក្រុង ស្រុក ខណ្ឌ អាណត្តិទី៣ ឆ្នាំ២០១៩ ក្រោមអធិបតីភាពដ៏ខ្ពង់ខ្ពស់របស់ ឯកឧត្តម ជា សុផារ៉ា ឧបនាយករដ្ឋមន្រ្តី រដ្ឋមន្រ្តីក្រសួងរៀបចំដែនដី នគរូបនីយកម្ម និងសំណង់។ || 21-Jan-2017 7:49 pm ភ្នំពេញ ៖ លោក ស៊ុន ចាន់ថុល រដ្ឋមន្ត្រីក្រសួងសាធារណការ និងដឹកជញ្ជូន បានស្នើឱ្យក្រុមហ៊ុនសាងសង់ផ្លូវល្បឿនលឿនភ្នំពេញ-ព្រះសីហនុ...
============================================================

--- Q&A Pair #160 ---
Question: តើព្រះមហាក្សត្រកម្ពុជាអង្គណាដែលបានសម្រេចព្រះទ័យប្តូររាជធានីពីក្រុងឧដុង្គមករាជធានីភ្នំពេញជាស្ថាពរនៅឆ្នាំ១៨៦៦?
Response: 23 || 01:42 || 23 || លោក ហ៊ុន សែន៖ «ខ្ញុំសូមបញ្ជាក់ជូនជនរួមជាតិថា កម្ពុជាមិនយកអធិបតេយ្យភាព និងឯករាជ្យភាពរបស់កម្ពុជាទៅដោះដូរជាមួយជំនួយបរទេសនោះទេ»។
============================================================

--- Q&A Pair #161 ---
Question: តើក្រុមប្រឹក្សារាជធានី ខេត្ត មានកាតព្វកិច្ចត្រូវបើកកិច្ចប្រជុំសាមញ្ញរបស់ខ្លួនយ៉ាងហោចណាស់ប៉ុន្មានដងក្នុងមួយខែ?
Response: 23-Jan-2017 8:08 am លោកអ្នកប្រហែលជាធ្លាប់បានដឹងហើយថា ការបើកកិច្ចប្រជុំមួយជាមួយមន្ត្រីរដ្ឋាភិបាល និងវិស័យឯកជន គឺជារឿងដែលពិបាកនឹងស្មាន។ ប៉ុន្តែការមានជំនួបនេះ... អ្នកជំនាញ៖ «តើគួរធ្វើយ៉ាងណាដើម្បីកុំឲ្យសេដ្ឋកិច្ចពិភពលោកធ្លាក់ក្នុងវិបត្តិនៅថ្ងៃមុខ?» 21-May-2016 7:54 am នៅពេលនិយាយដល់រឿងរ៉ាវជីវិតការងារ ឬស្នេហា ប្រសិនបើចង់ជោគជ័យ ត្រូវចេះអត់ធ្មត់ ហើយព្យាយាមធ្វើវាឲ្យបានសម្រេច ព្រោះបើមិនដូច្នោះទេ នោះវានឹងក្លាយទៅជាទម្លាប់ទៅហើយសម្រាប់មនុស្សគ្រប់រូប។ ខាងក្រោមនេះជាគន្លឹះសំខាន់ៗ ដែលជួយឲ្យអ្នកក្លាយជាសេដ្ឋី៖ 1) កុំពឹងផ្អែកលើអ្វីដែលអ្នកកំពុងស្វែងរក (Strength of the Scene and Competition) ៖ ១. កុំប្រើពាក្យ “ខ្ញុំ” ជាពាក្យសម្ដីរបស់អ្នកដទៃ។ ២.... មនុស្សភាគច្រើនតែងតែនិយាយថា ខ្លួនឯងជាមនុស្សដែលមានភាពឆ្លាតវៃ មានគំនិតច្នៃប្រឌិតខ្ពស់ មិនចូលចិត្តយកចំណុចខ្លាំងរបស់ខ្លួនទៅប្រៀបធៀបជាមួយអ្នកដទៃនោះទេ។ យ៉ាងណាមិញ បើគេមិនបានដឹងថាខ្លួនឯងពូកែឬក៏អត់នោះទេ គេប្រាកដជាគិតថាខ្លួនជាអ្នកបង្កើតកំហុសដ៏ធំបំផុតនៅក្នុងលោកនេះ។ ៣.... មនុស្សម្នាក់ៗសុទ្ធតែអាចឆ្លងកាត់បទពិសោធន៍ជាច្រើនពីមុនមក ដោយគ្រាន់តែចំណាយពេលខ្លះៗក្នុងការគិតពិចារណារកហេតុផលផ្សេងៗ ដើម្បីធ្វើឲ្យពួកគេទទួលបានលទ្ធផលល្អ។ ៤.... មនុស្សមួយចំនួនធំតែងជួបប្រទះនូវបញ្ហាប្រឈមជាច្រើនដូចជា ភាពបរាជ័យ ខាតបង់ពេលវេលា និងការលំបាកជាដើម តែអ្វីដែលសំខាន់នោះគឺ ពួកគេគ្មានជម្រើសផ្សេងក្រៅពីការសន្សំលុយទុកសម្រាប់ការចំណាយប្រចាំថ្ងៃឡើយ។ ដូច្នេះប្រសិនបើអ្នកមានអារម្មណ៍ថាអ្នកកំពុងតែស្ថិតក្នុងស្ថានភាពបែបនេះមែននោះ វាជារឿងធម្មតាទេ។ ៥....
============================================================

--- Q&A Pair #162 ---
Question: តើគណៈកម្មាធិការពិគ្រោះយោបល់កិច្ចការស្ត្រី និងកុមារ (គ.ក.ស.ក) មានតួនាទីអ្វីខ្លះនៅក្នុងរដ្ឋបាលថ្នាក់ក្រោមជាតិ?
Response: 238 || 139 || 194 || 275 || 316 || 200 || 429 || 246
============================================================

--- Q&A Pair #163 ---
Question: ហេតុអ្វីបានជាក្រុមប្រឹក្សារាជធានី ខេត្ត ក្រុង ស្រុក ខណ្ឌ តម្រូវឱ្យរៀបចំវេទិកាសាធារណៈយ៉ាងហោចណាស់មួយដងក្នុងមួយឆ្នាំ?
Response: 239 ||274 ||381 ||056 ||307 ||1222 ||104 ||204 ||2019 ||508 ||100 ||1000 ||1,000 ||1,887 ||1.1K មើលវីដេអូផ្សេងទៀត Back to top XS SM MD LG
============================================================

--- Q&A Pair #164 ---
Question: តើមុខតំណែង 'មេឃុំ' និង 'ចៅសង្កាត់' មានភាពខុសគ្នាយ៉ាងដូចម្តេចនៅក្នុងរចនាសម្ព័ន្ធរដ្ឋបាលមូលដ្ឋាន?
Response: 'មេឃុំ' និង 'ចៅសង្កាត់' មានភាពខុសគ្នាពីឈ្មោះរបស់សមាជិកនៃក្រុមអ្នកតំណាងរាស្ត្រ។ || 'មេឃាអឹម - អ្នកគ្រប់គ្រងទូទៅ។ || 'មេឃុំ' និង 'ចៅសង្កាត់' មានលក្ខណៈដូចគ្នានឹងឈ្មោះរបស់សមាជិកនៃក្រុមអ្នកតំណាងរាស្ត្រ។ || ' មេឃុំ' និង 'ចៅសង្កាត់' មានលក្ខណៈដូចគ្នាទៅនឹងឈ្មោះរបស់សមាជិកនៃក្រុមអ្នកតំណាងរាស្ត្រ។ || 'មេឃុំ' និង 'ចៅសង្កាត់' មានលក្ខណៈដូចគ្នាទាំងស្រុងនៅក្នុងរចនាសម្ព័ន្ធរដ្ឋបាលមូលដ្ឋាន។ || 'មេឃុំ' និង 'ចៅសង្កាត់' មានលក្ខណៈដូចគ្នាទាំងស្រុងនៅក្នុងរចនាសម្ព័ន្ធរដ្ឋបាលមូលដ្ឋាន។ || 'មេឃុំ' និង 'ចៅសង្កាត់' មានលក្ខណៈដូចគ្នាទាំងស្រុងនៅក្នុងរចនាសម្ព័ន្ធរដ្ឋបាលមូលដ្ឋាន។ || 'មេឃុំ' និង 'ចៅសង្កាត់' មានលក្ខណៈដូចគ្នាទាំងស្រុងនៅក្នុងរចនាសម្ព័ន្ធរដ្ឋបាលមូលដ្ឋាន។ || 'មេឃុំ' និង 'ចៅសង្កាត់' មានលក្ខណៈដូចគ្នាទាំងស្រុងនៅក្នុងរចនាសម្ព័ន្ធរដ្ឋបាលមូលដ្ឋាន។ || 'មេឃុំ' និង 'ចៅសង្កាត់' មានលក្ខណៈដូចគ្នាទាំងស្រុងនៅក្នុងរចនាសម្ព័ន្ធរដ្ឋបាលមូលដ្ឋាន។ || 'មេឃុំ' និង 'ចៅសង្កាត់' មានលក្ខណៈដូចគ្នាទាំងស្រុងនៅក្នុងរចនាសម្ព័ន្ធរដ្ឋបាលមូលដ្ឋាន។ || 'មេឃុំ' និង 'ចៅសង្កាត់' មានលក្ខណៈដូចគ្នាទាំងស្រុងនៅក្នុងរចនាសម្ព័ន្ធរដ្ឋបាលមូលដ្ឋាន។ || 'មេឃុំ' និង 'ចៅសង្កាត់' មានលក្ខណៈដូចគ្នាទាំងស្រុងនៅក្នុងរចនាសម្ព័ន្ធរដ្ឋបាលមូលដ្ឋាន។ || 'មេឃុំ' និង 'ចៅសង្កាត់' មានលក្ខណៈដូចគ្នាទាំងស្រុងនៅក្នុងរចនាសម្ព័ន្ធរដ្ឋបាលមូលដ្ឋាន។ || 'មេឃុំ' និង 'ចៅសង្កាត់' មានលក្ខណៈដូចគ្នាទាំងស្រុងនៅក្នុងរចនាសម្ព័ន្ធរដ្ឋបាលមូលដ្ឋាន។ || 'មេឃុំ' និង 'ចៅសង្កាត់' មានលក្ខណៈដូចគ្នាទាំងស្រុងនៅក្នុងរចនាសម្ព័ន្ធរដ្ឋបាលមូលដ្ឋាន។ || 'មេឃុំ' និង 'ចៅសង្កាត់' មានលក្ខណៈដូចគ្នាទាំងស្រុងនៅក្នុងរចនាសម្ព័ន្ធរដ្ឋបាលមូលដ្ឋាន។ || 'មេឃុំ' និង 'ចៅសង្កាត់' មានលក្ខណៈដូចគ្នាទាំងស្រុងនៅក្នុងរចនាសម្ព័ន្ធរដ្ឋបាលមូលដ្ឋាន។ || 'មេឃុំ' និង 'ចៅសង្កាត់' មានលក្ខណៈដូចគ្នាទាំងស្រុងនៅក្នុងរចនាសម្ព័ន្ធរដ្ឋបាលមូលដ្ឋាន។ || 'មេឃុំ' និង 'ចៅសង្កាត់' មានលក្ខណៈដូចគ្នាទាំងស្រុងនៅក្នុងរចនាសម្ព័ន្ធរដ្ឋបាលមូលដ្ឋាន។ || 'មេឃុំ' និង 'ចៅសង្កាត់' មានលក្ខណៈដូចគ្នាទាំងស្រុងនៅក្នុងរចនាសម្ព័ន្ធរដ្ឋបាលមូលដ្ឋាន។ || 'មេឃុំ' និង 'ចៅសង្កាត់' មានលក្ខណៈដូចគ្នាទាំងស្រុងនៅក្នុងរចនាសម្ព័ន្ធរដ្ឋបាលមូលដ្ឋាន។ || 'មេឃុំ' និង 'ចៅសង្កាត់' មានលក្ខណៈដូចគ្នាទាំងស្រុងនៅក្នុងរចនាសម្ព័ន្ធរដ្ឋបាលមូលដ្ឋាន។ || 'មេឃុំ' និង 'ចៅសង្កាត់' មានលក្ខណៈដូចគ្នាទាំងស្រុងនៅក្នុងរចនាសម្ព័ន្ធរដ្ឋបាលមូលដ្ឋាន។ || 'មេឃុំ' និង 'ចៅសង្កាត់' មានលក្ខណៈដូចគ្នាទាំងស្រុងនៅក្នុងរចនាសម្ព័ន្ធរដ្ឋបាលមូលដ្ឋាន។ || 'មេឃុំ' និង 'ចៅសង្កាត់' មានលក្ខណៈដូចគ្នាទាំងស្រុងនៅក្នុងរចនាសម្ព័ន្ធរដ្ឋបាលមូលដ្ឋាន។ || 'មេឃុំ' និង 'ចៅសង្កាត់' មានលក្ខណៈដូចគ្នាទាំងស្រុងនៅក្នុងរចនាសម្ព័ន្ធរដ្ឋបាលមូលដ្ឋាន។ || 'មេឃុំ' និង 'ចៅសង្កាត់' មានលក្ខណៈដូចគ្នាទាំងស្រុងនៅក្នុងរចនាសម្ព័ន្ធរដ្ឋបាលមូលដ្ឋាន។ || 'មេឃុំ' និង 'ចៅសង្កាត់' មានលក្ខណៈដូចគ្នាទាំងស្រុងនៅក្នុងរចនាសម្ព័ន្ធរដ្ឋបាលមូលដ្ឋាន។ || 'មេឃុំ' និង 'ចៅសង្កាត់' មានលក្ខណៈដូចគ្នាទាំងស្រុងនៅក្នុងរចនាសម្ព័ន្ធរដ្ឋបាលមូលដ្ឋាន។ || 'មេឃុំ' និង 'ចៅសង្កាត់' មានលក្ខណៈដូចគ្នាទាំងស្រុងនៅក្នុងរចនាសម្ព័ន្ធរដ្ឋបាលមូលដ្ឋាន។ || 'មេឃុំ' និង 'ចៅសង្កាត់' មានលក្ខណៈដូចគ្នាទាំងស្រុងនៅក្នុងរចនាសម្ព័ន្ធរដ្ឋបាលមូលដ្ឋាន។ || 'មេឃុំ' និង 'ចៅសង្កាត់' មានលក្ខណៈដូចគ្នាទាំងស្រុងនៅក្នុងរចនាសម្ព័ន្ធរដ្ឋបាលមូលដ្ឋាន។ || 'មេឃុំ' និង 'ចៅសង្កាត់' មានលក្ខណៈដូចគ្នាទាំងស្រុងនៅក្នុងរចនាសម្ព័ន្ធរដ្ឋបាលមូលដ្ឋាន។ || 'មេឃុំ' និង 'ចៅសង្កាត់' មានលក្ខណៈដូចគ្នាទាំងស្រុងនៅក្នុងរចនាសម្ព័ន្ធរដ្ឋបាលមូលដ្ឋាន។ || 'មេឃុំ' និង 'ចៅសង្កាត់' មានលក្ខណៈដូចគ្នាទាំងស្រុងនៅក្នុងរចនាសម្ព័ន្ធរដ្ឋបាលមូលដ្ឋាន។ || 'មេឃុំ' និង 'ចៅសង្កាត់' មានលក្ខណៈដូចគ្នាទាំងស្រុងនៅក្នុងរចនាសម្ព័ន្ធរដ្ឋបាលមូលដ្ឋាន។ || 'មេឃុំ' និង 'ចៅសង្កាត់' មានលក្ខណៈដូចគ្នាទាំងស្រុងនៅក្នុងរចនាសម្ព័ន្ធរដ្ឋបាលមូលដ្ឋាន។ || 'មេឃុំ' និង 'ចៅសង្កាត់' មានលក្ខណៈដូចគ្នាទាំងស្រុងនៅក្នុងរចនាសម្ព័ន្ធរដ្ឋបាលមូលដ្ឋាន។ || 'មេឃុំ' និង 'ចៅសង្កាត់' មានលក្ខណៈដូចគ្នាទាំងស្រុងនៅក្នុងរចនាសម្ព័ន្ធរដ្ឋបាលមូលដ្ឋាន។ || 'មេឃុំ' និង 'ចៅសង្កាត់' មានលក្ខណៈដូចគ្នាទាំងស្រុងនៅក្នុងរចនាសម្ព័ន្ធរដ្ឋបាលមូលដ្ឋាន។ || 'មេឃុំ' និង 'ចៅសង្កាត់' មានលក្ខណៈដូចគ្នាទាំងស្រុងនៅក្នុងរចនាសម្ព័ន្ធរដ្ឋបាលមូលដ្ឋាន។ || 'មេឃុំ' និង 'ចៅសង្កាត់' មានលក្ខណៈដូចគ្នាទាំងស្រុងនៅក្នុងរចនាសម្ព័ន្ធរដ្ឋបាលមូលដ្ឋាន។ || 'មេឃុំ' និង 'ចៅសង្កាត់' មានលក្ខណៈដូចគ្នាទាំងស្រុងនៅក្នុងរចនាសម្ព័ន្ធរដ្ឋបាលមូលដ្ឋាន។ || 'មេឃុំ' និង 'ចៅសង្កាត់' មានលក្ខណៈដូចគ្នាទាំងស្រុងនៅក្នុងរចនាសម្ព័ន្ធរដ្ឋបាលមូលដ្ឋាន។ || 'មេឃុំ' និង 'ចៅសង្កាត់' មានលក្ខណៈដូចគ្នាទាំងស្រុងនៅក្នុងរចនាសម្ព័ន្ធរដ្ឋបាលមូលដ្ឋាន។ || 'មេឃុំ' និង 'ចៅសង្កាត់' មានលក្ខណៈដូចគ្នាទាំងស្រុងនៅក្នុងរចនាសម្ព័ន្ធរដ្ឋបាលមូលដ្ឋាន។ || 'មេឃុំ' និង 'ចៅសង្កាត់' មានលក្ខណៈដូចគ្នាទាំងស្រុងនៅក្នុងរចនាសម្ព័ន្ធរដ្ឋបាលមូលដ្ឋាន។ || 'មេឃុំ' និង 'ចៅសង្កាត់' មានលក្ខណៈដូចគ្នាទាំងស្រុងនៅក្នុងរចនាសម្ព័ន្ធរដ្ឋបាលមូលដ្ឋាន។ || 'មេឃុំ' និង 'ចៅសង្កាត់' និងមានលក្ខណៈដូចគ្នាទាំងស្រុងនៅក្នុងរចនាសម្ព័ន្ធរដ្ឋបាលមូលដ្ឋាន។ || 'មេឃុំ' និង 'ចៅសង្កាត់' មានលក្ខណៈដូចគ្នាទាំងស្រុងនៅក្នុងរចនាសម្ព័ន្ធរដ្ឋបាលមូលដ្ឋាន។ || 'មេឃុំ' និង 'ចៅសង្កាត់' មានលក្ខណៈដូចគ្នាទាំងស្រុងនៅក្នុងរចនាសម្ព័ន្ធរដ្ឋបាលមូលដ្ឋាន។ || 'មេឃុំ' និង 'ចៅសង្កាត់' មានលក្ខណៈដូចគ្នាទាំងស្រុងនៅក្នុងរចនាសម្ព័ន្ធរដ្ឋបាលមូលដ្ឋាន។ || 'មេឃុំ' និង 'ចៅសង្កាត់' មានលក្ខណៈដូចគ្នាទាំងអស់ក្នុងរចនាសម្ព័ន្ធរដ្ឋបាលមូលដ្ឋាន។ || 'មេឃុំ' និង 'ចៅសង្កាត់' ជាប់ឆ្នោតជាមេឃុំ' និង 'មេឃុំ' ។ || 'មេឃុំ' និង 'ចៅសង្កាត់' មានលក្ខណៈដូចគ្នាទាំងស្រុងនៅក្នុងរចនាសម្ព័ន្ធរដ្ឋបាលមូលដ្ឋានត្រូវបានបែងចែកទៅជាស្រុក-ដែនដីដែលស្ថិតនៅលើផែនទីមួយមានលក្ខណៈដូចគ្នាឬភូមិភាគនីមួយៗនៅក្នុងរចនាសម្ព័ន្ធរដ្ឋបាលមូលដ្ឋាន/ការកំណត់នៅក្នុងរចនាសម្ព័ន្ធរដ្ឋបាលមូលដ្ឋាន។| || 'មេឃុំ' និង 'ចៅក្រម||‸ ' និង 'ចៅហ្វាង' និង 'ចៅក្រីយ៍' មានលក្ខណៈសម្បត្តិ ' និង ' ចៅកប៉ាល់ ' លោក ' និង 'ចៅ' មានលក្ខណៈពីរនាក់ 'មាត្រដ្ឋាន 'ចៅ
============================================================

--- Q&A Pair #165 ---
Question: តើរដ្ឋបាលថ្នាក់ក្រោមជាតិអាចទទួលបានប្រភពចំណូលហិរញ្ញវត្ថុពីប្រភពណាខ្លះដើម្បីបម្រើដល់ការអភិវឌ្ឍមូលដ្ឋានរបស់ខ្លួន?
Response: 23 || 01:34 |<eos>
============================================================

--- Q&A Pair #166 ---
Question: តើសមាសភាពនៃគណៈអភិបាលរាជធានី ខេត្ត ក្រុង ស្រុក ខណ្ឌ រួមមានអ្វីខ្លះ ហើយតើពួកគេធ្វើការសម្រេចចិត្តដោយរបៀបណា?
Response: 23-Jan-2017 8:48 am សម្រាប់អ្នកដែលមានបំណងចង់ធ្វើការនៅក្រៅប្រទេស ត្រូវមានឯកសារអ្វីខ្លះ? || 131||តើត្រូវធ្វើដូចម្តេចដើម្បីទទួលបានការងារដែលស័ក្តិសមនឹងការងាររបស់អ្នក? || 152||តើអ្នកអាចផ្តល់ឱ្យអ្នកនូវព័ត៌មានផ្ទាល់ខ្លួនអំពីក្រុមហ៊ុនរបស់អ្នកបានដែរឬទេ? || 126||តើខ្ញុំអាចជួយពួកគេដោយរបៀបណា? || 115||តើការចំណាយលើការធ្វើដំណើរទៅបរទេសគឺជាអ្វី? || 109||តើអ្នកកំពុងស្វែងរកកន្លែងស្នាក់នៅសម្រាប់គ្រួសារ ឬមិត្តភក្តិរបស់អ្នកមែនទេ? || 210||តើអ្នកគួរពិចារណារឿងនេះយ៉ាងដូចម្ដេច? || 30||តើអ្នកមានគម្រោងទៅលេងស្រុកកំណើតនៅទីនោះដែរឬទេ? || 72||តើអ្នកត្រូវការជំនួយក្នុងការរៀបចំដំណើរកម្សាន្តទៅកាន់ប្រទេសក្រៅដូចជាកម្ពុជា និងវៀតណាមដែរឬទេ? || 630||តើអ្នកគួរតែចាប់ផ្តើមពេលឈប់សម្រាកលំហែរកាយជាមួយក្រុមគ្រួសារ ឬក៏មិត្តភក្ដិជិតស្និទ្ធបំផុតរបស់លោកអ្នកដែរឬទេ? || 500||តើអ្នកកំពុងតែគិតពីអនាគតរបស់ក្មេងៗដែលកំពុងរស់នៅក្នុងប្រទេសកម្ពុជាដែរឫទេ? || 4,20||តើកូនៗរបស់ពួកគេនឹងមកទស្សនាកន្លែងថ្មីមួយក្នុងរាជធានីភ្នំពេញដែរឬទេ? || 5,12||តើអ្នកត្រៀមខ្លួនរួចជាស្រេចសម្រាប់ការដើរលេងជាមួយក្រុមគ្រួសារ ឬក៏មិត្តភក្ដិជិតស្និទ្ធបំផុតរបស់លោកអ្នកដែរឬទេ? || 5,22||តើអ្នកមិនដឹងថា តើអ្នកធ្លាប់ឃើញសត្វឆ្កែខាំមនុស្សនៅពេលយប់ទេ? || 6,13||តើអ្នកដឹងទេថា តើវានឹងទៅជាយ៉ាងណា? || 6,13||តើអ្នកគិតថា អ្នកពិតជាចូលចិត្តវាហើយឬនៅ? || 6,14||តើអ្នកកំពុងរង់ចាំពេលដែលថ្ងៃបុណ្យចូលឆ្នាំខ្មែរមកដល់? || 9,15||តើអ្នកចង់ឲ្យជីវិតរស់នៅប្រកបដោយភាពរីករាយនិងស្ងប់សុខជាមួយនឹងធម្មជាតិរបស់មនុស្សម្នាក់ទៀតដែរឬទេ? || 6,15||តើអ្នកចង់បានអ្វីដែលល្អជាងនេះ ហើយហេតុអ្វីបានជាគេនិយាយថា «ចូរយកក្រណាត់ជូតមាត់ដាក់លើស្មា»។ || 7,16||តើអ្នកកំពុងមានអារម្មណ៍បែបណាប្រសិនបើអ្នកមិនបានទទួលការព្យាបាលត្រឹមត្រូវតាមវេជ្ជបញ្ជា? || 8,17||តើអ្នកកំពុងព្យាយាមធ្វើឱ្យប្រាកដប្រជាថាតើវាមានន័យយ៉ាងណាក្នុងចំណោមអ្នកដែលមិនមានលទ្ធភាពទិញថ្នាំព្យាបាលជំងឺមហារីក? || 8,18||តើអ្នកកំពុងតស៊ូជាមួយនឹងការឈឺចាប់នៃរាងកាយរបស់ខ្ញុំដែរឬទេ? || 9,19||តើអ្នកកំពុងបាត់បង់អ្វីៗទាំងអស់ដែលអ្នកបានធ្វើចំពោះនរណាម្នាក់ដែលមិនសប្បាយចិត្តដោយសារហេតុផលណាមួយនោះទេ? || 9,19||តើអ្នកកំពុងជួបប្រទះបញ្ហាទាំងនេះដែរឬទេ? || 9,19||តើអ្នកកំពុងប្រឈមមុខនឹងការលំបាកបែបនេះដែរឬទេ? || 9,19||តើអ្នកកំពុងព្រួយបារម្ភអំពីការបាត់បងចំណូលចិត្តរបស់ខ្លួនដោយសារតែមូលហេតុអ្វី? || 10,13||តើអ្នកកំពុងព្រួយបារម្ភអំពីការបាត់បង់សាច់ញាតិនៅឯស្ថានទូតអាមេរិកប្រចាំនៅកម្ពុជាដែរឬទេ? || 10,14||តើអ្នកកំពុងបារម្ភពីការបាត់បង់សាច់ញាតិខ្លួនឯងដោយសារមូលហេតុអ្វី? || 10,15||តើអ្នកកំពុងគិតអំពីការអស់កម្លាំងល្ហិតល្ហៃចំពោះការបាត់បង់សាច់ញាតិកាលពីអតីតកាលដែរឬទេ? || 0.16||តើអ្នកកំពុងរងទុក្ខវេទនាដល់កម្រិតណា? || 10,17||តើអ្នកកំពុងព្រួយបារម្ភអំពីការបាត់បង់សាច់ញាតិបងប្អូនប្រុសស្រីរបស់អ្នក។ || 10,18||តើអ្នកកំពុងគិតអំពីការបាត់បង់សាច់ញាតិចាស់ទុំដែលបានស្លាប់ទៅហើយទេ? || 10,19||តើអ្នកកំពុងគិតអំពីការបាត់បង់សាច់ញាតិខ្លួនឯងដោយសារមូលហេតុអ្វី? || 10,19||តើអ្នកកំពុងគិតអំពីការបាត់បង់សាច់ញាតិខ្លួនឯងដោយសារមូលហេតុអ្វី? || 10,19||តើអ្នកកំពុងគិតអំពីការបាត់បង់សាច់ញាតិខ្លួនឯងដោយសារមូលហេតុអ្វី? || 10,19||តើអ្នកកំពុងគិតអំពីការបាត់បង់សាច់ញាតិខ្លួនឯងដោយសារមូលហេតុអ្វី? || 10,19||តើអ្នកកំពុងគិតអំពីការបាត់បង់សាច់ញាតិខ្លួនឯងដោយសារមូលហេតុអ្វី? || 10,19||តើអ្នកកំពុងគិតអំពីការបាត់បង់សាច់ញាតិខ្លួនឯងដោយសារមូលហេតុអ្វី? || 10,19||តើអ្នកកំពុងគិតអំពីការបាត់បង់សាច់ញាតិខ្លួនឯងដោយសារមូលហេតុអ្វី? || 10,13||តើអ្នកកំពុងគិតអំពីការបាត់បង់សាច់ញាតិខ្លួនឯងដោយសារមូលហេតុអ្វី? || 10,14||តើអ្នកកំពុងគិតអំពីការបាត់បង់សាច់ញាតិខ្លួនឯងដោយសារមូលហេតុអ្វី? || 10,15||តើអ្នកកំពុងគិតអំពីការបាត់បង់សាច់ញាតិខ្លួនឯងដោយសារមូលហេតុអ្វី? || 10,16||តើអ្នកកំពុងគិតអំពីការបាត់បង់សាច់ញាតិខ្លួនឯងដោយសារមូលហេតុអ្វី? || 10,17||តើអ្នកកំពុងគិតអំពីការបាត់បង់សាច់ញាតិខ្លួនឯងដោយសារមូលហេតុអ្វី? || 10,18||តើអ្នកកំពុងគិតអំពីការបាត់បង់សាច់ញាតិខ្លួនឯងដោយសារមូលហេតុអ្វី? || 10,19||តើអ្នកកំពុងគិតអំពីការបាត់បង់សាច់ញាតិខ្លួនឯងដោយសារមូលហេតុអ្វី? || 10,19||តើអ្នកកំពុងគិតអំពីការបាត់បង់សាច់ញាតិខ្លួនឯងដោយសារមូលហេតុអ្វី? || 10,19||តើអ្នកកំពុងគិតអំពីការបាត់បង់សាច់ញាតិខ្លួនឯងដោយសារមូលហេតុអ្វី? || 10,19||តើអ្នកកំពុងគិតអំពីការបាត់បង់សាច់ញាតិខ្លួនឯងដោយសារមូលហេតុអ្វី? || 10,19||តើអ្នកកំពុងគិតអំពីការបាត់បង់សាច់ញាតិខ្លួនឯងដោយសារមូលហេតុអ្វី? || 10,19||តើអ្នកកំពុងគិតអំពីការបាត់បង់សាច់ញាតិយ៉ាងម៉េចដែរឬទេ? || 10,13||តើអ្នកកំពុងគិតអំពីការបាត់បង់សាច់ញាតិខ្លួនឯងដោយសារមូលហេតុអ្វី? || 10,14||តើអ្នកកំពុងគិតអំពីការបាត់បង់សាច់ញាតិខ្លួនឯងដោយសារមូលហេតុអ្វី? || 10,15||តើអ្នកកំពុងគិតអំពីការបាត់បង់សាច់ញាត្តាប់ដៃដោយសារមូលហេតុអ្វី? || 10,16||តើអ្នកកំពុងគិតអំពីការបាត់បង់សាច់ញាតិខ្លួនឯងដោយសារមូលហេតុអ្វី? || 11,17||តើអ្នកកំពុងគិតអំពីការបាត់បង់សាច់ញាតិខ្លួនឯងដោយសារមូលហេតុអ្វី? || 10,18||តើអ្នកកំពុងគិតអំពីការបាត់បង់សាច់ញាតិខ្លួនឯងដោយសារមូលហេតុអ្វី? || 10,18||តើអ្នកកំពុងគិតអំពីការបាត់បង់សាច់ញាតិខ្លួនឯងដោយសារមូលហេតុអ្វី? || 10,21||តើអ្នកកំពុងគិតអំពីការបាត់បង់សាច់ញាតិមិត្តរួមទាំងអ្នកកំពុងគិតអំពីការបាត់បង់សាច់ញាតិរបស់អ្នក? || 10,11||តើអ្នកកំពុងគិតអំពីការបាត់បង់សាច់ញាតិរបស់អ្នក? || 10,1||តើអ្នកកំពុងគិតអំពីការបាត់បង់សាច់ញាតិ || 10,1 អ្វីជាការបាត់បង់សាច់ញាតិជនពិការភ្នែកដោយសារមូលហេតុដូចគ្នា៖ ការពិតណាស់! || ព្រះជាម្ចាស់? || មូលហេតុសម្រាប់ការការពារខ្លួនអ្នក! || 1 ជាប្រិយ || 1 ដើម្បីមើលកសិរីរើបរិយាយថាអ្នកកំពុងនិយាយអំពីរឿងរ៉ាវនៃការសង្គ្រោះបន្ទាន់? || 1 ដោះស្រាយបញ្ហាមនុស្សគ្រប់រូបត្រូវបានកំណត់គោលដៅសម្រាប់អ្នក” ហេតុផលចុងក្រោយ: សញ្ញាផ្សេងទៀត។ (១) ប្រសិនបើឪពុកម្តាយរបស់អ្នក អ្នកអាចប្រាប់អ្នកឱ្យតែនៅលើពិភពលោកទាំងមូល ប្រសិនបើអ្នកមិនអាចទាក់ទងជាមួយវិធីសាស្រ្តនៃការចែករំលែកជាមួយអ្នកដទៃ។ យើងសូមអរគុណ។ វាគួរតែគំនិតរបស់យើង សូមអភ័យទោសៈ - ខ្ញុំជាអ្នកគាំទ្រអ្នកគ្រប់គ្រងដើម្បីបង់ថ្លៃឈ្នួលទីប្រឹក្សាបច្ចុប្បន្នភាព – ប្រាកដជាលោកអ្នកគ្រាន់តែជាយើងត្រូវតែទទួលស្គាល់ថាស្នើសុំអ្នកកំពុងអានបន្ថែមអំពីអ្នកនិពន្ធដូច្នេះ?
============================================================

--- Q&A Pair #167 ---
Question: តើសង្កាត់នៅក្នុងរាជធានីភ្នំពេញ និងសង្កាត់នៅក្នុងបណ្តាខេត្តនានា ស្ថិតនៅក្រោមការគ្រប់គ្រងរបស់រដ្ឋបាលថ្នាក់ណាខ្លះ?
Response: 239 ||146 ||127 ||283 ||105 ||0130 ||2000 ||150 ||201||អាជ្ញាធរខណ្ឌដូនពេញ និងសង្កាត់ស្រះចក ខណ្ឌដូនពេញ រាជធានីភ្នំពេញ បានទទួលអំណោយពីសប្បុរសជន ដើម្បីជួយសម្រួលការលំបាករបស់បងប្អូនប្រជាពលរដ្ឋក្នុងមូលដ្ឋាន។ ការផ្តល់ជំនួយនេះធ្វើឡើងកាលពីព្រឹកថ្ងៃទី២៤ ខែមករា ឆ្នាំ២០១៧ នៅសាលារាជធានីភ្នំពេញ ក្រោមវត្តមានលោក ឃួង ស្រេង អភិបាលរាជធានីភ្នំពេញ និងលោក សាំ ពិសិដ្ឋ ប្រធានមន្ទីរសាធារណការ និងដឹកជញ្ជូនរាជធានី ភ្នំពេញ ព្រមទាំងមន្ត្រីរាជការជាច្រើនរូបទៀត។ លោក ម៉េត មាសភក្តី អ្នកនាំពាក្យរដ្ឋបាលរាជធានីភ្នំពេញ បានឲ្យដឹងថា៖ «ខ្ញុំសូមគោរពថ្លែងអំណរគុណយ៉ាងជ្រាលជ្រៅចំពោះទឹកចិត្តដ៏ថ្លៃថ្លារបស់ ឯកឧត្តមអភិបាលរាជធានីភ្នំពេញ ដែលបានឧបត្ថម្ភជាថវិកាសរុបចំនួន ៣០០ដុល្លារសហរដ្ឋអាមេរិក ជូនដល់ប្អូនស្រីឈ្មោះ ហ៊ន ស្រីនាង អាយុ ២៣ឆ្នាំ ដែលរស់នៅភូមិទួលពង្រ សង្កាត់ចោមចៅទី១ ខណ្ឌពោធិ៍សែនជ័យ រាជធានីភ្នំពេញ»៕
============================================================

--- Q&A Pair #168 ---
Question: តើផែនការអភិវឌ្ឍន៍រយៈពេលប្រាំឆ្នាំរបស់ក្រុមប្រឹក្សារាជធានី ខេត្ត ក្រុង ស្រុក មានសារៈសំខាន់យ៉ាងណាខ្លះ?
Response: 238 ||175 ||046 ||392 ||107 ||125 ||204 ||3022 ||5088 ||100,000 ||1,075 ||1,086 ||2,089 ||2,087 ||1,089 ||3,087 ||1,089 ||1,089 ||1,089 ||1,089 ||1,089 ||1,089 ||1,089 ||1,089 ||1,089 ||1,089 ||1,089 ||1,089 ||1,089 ||1,089 ||1,089 ||1,089 ||1,089 ||1,089 ||1,089 ||1,089 ||1,089 ||1,089 ||1,089 ||1,089 ||1,089 ||1,089 ||1,089 ||1,089 ||1,089 ||1,089 ||1,089 ||1,089 ||1,089 ||1,089 ||1,089 ||1,089 ||1,089 ||1,089 ||1,089 ||1,089 ||1,089 ||1,089 ||1,089 ||1,089 ||1,089 ||1,089 ||1,089 ||1,089 ||1,089 ||1,089 ||1,089 ||1,089 ||1,089 ||1,089 ||1,089 ||1,089 ||1,089 ||1,089 ||1,089 ||1,089 ||1,089 ||1,089 ||1,089 ||1,089 ||1,089 ||1,089 ||1,089 ||1,089 ||1,089 ||1,089 ||1,089 ||1,089 ||1,089 ||1,089 ||1,089 ||1,089 ||1,089 ||1,089 ||1,089 ||1,089 ||1,089 ||1,089 ||1,089 ||1,089 ||1,089 ||1,089 ||1,089 ||1,089 ||1,089 ||1,089 ||1,089 ||1,089 ||1,089 ||1,089 ||1,089 ||1,089 ||1,089 ||1,089 ||1,089 ||1,089 ||1,089 ||1,089 ||1,089 ||1,089 ||1,089 ||1,089 ||1,089 ||1,089 ||1,089 ||1,089 ||1,089 ||1,089 ||1,089 ||1,089 ||1,089 ||1,089 ||1,089 ||1,089 ||1,089 ||1,089 ||1,089 ||1,089 ||1,089 ||1,089 ||1,089 ||1,089 ||1,089 ||1,089 ||1,089 ||1,089 ||1,089 ||1,089 ||1,089 ||1,089 ||1,089 ||1,089 ||1,089 ||1,089 ||1,089 ||1,089 ||1,089 ||1,089 ||1,089 ||1,089 ||1,089 ||1,089 ||1,089 ||1,089 ||1,089 ||1,089 ||1,089 ||1,089 ||1,089 ||1,089 ||1,089 ||1,089 ||1,089 ||1,089 ||1,089 ||1,089 ||1,08 || 1,089 ||1,089 ||1,089 ||1,089 ||1,08 ||1,08 ||1,08 ||1,08 ||1,08 ||1,08 ||1,08 ||1,08 ||1,08 ||1,08 ||1,08||ការប្រើប្រាស់ 6.0|1,08 ||1,09 ||1,08 ||1,08 ||1,08 ||1,08 ||1,09 ||1,09 ||1,09 ||1,08 ||1,09 ||1 ||1,0 ||1,0 ||1,09 ||1,08 ||1,07 ||1,0 ||1,08 ||1,08 ||1,08 ||1,08 ||1,0 ||1,0 ||1,0 ||1,0 ||1,0 ||1,08 ||1,0 ||1,04 ||1,08 ||1,0 ||1,08 ||1
============================================================

--- Q&A Pair #169 ---
Question: តើគណៈកម្មាធិការសម្របសម្រួលបច្ចេកទេសនៃរដ្ឋបាលរាជធានី ខេត្ត ដើរតួនាទីអ្វីខ្លះក្នុងការគាំទ្រការងាររបស់ក្រុមប្រឹក្សា?
Response: 239 ||248 ||351 ||067 ||3088 ||2022 ||1012 ||2019 ||295 ||502 ||101 ||101 ||102 ||103 ||103 ||103 ||104 ||101 ||105 ||104 ||104 ||105 ||105 ||105 ||107 ||108 ||101 ||101 ||105 ||105 ||105 ||108 ||107 ||105 ||106 ||107 ||107 ||108 ||107 ||101 ||108 ||109 ||101 ||108 ||101 ||101 ||101 ||105 ||101 ||101 ||101 ||101 ||101 ||101 ||102 ||103 ||102 ||103 ||104 ||103 ||104 ||105
============================================================

--- Q&A Pair #170 ---
Question: តើអភិបាលរាជធានី ខេត្ត ត្រូវបានតែងតាំងតាមរយៈលិខិតបទដ្ឋានគតិយុត្តប្រភេទអ្វី ហើយស្នើសុំដោយស្ថាប័នណា?
Response: 239 ||076 ||438 ||517 ||502 ||109 ||2022 ||301 ||129 ||2019 ||104 ||188 ||100 ||142 ||109 ||100 ||149 ||113 ||144 ||182 ||148 ||149 ||141 ||148 ||141 ||144 ||149 ||143 ||145 ||145 ||148 ||141 ||145 ||141 ||148 ||145 ||141 ||141 ||141 ||142 ||142 ||143 ||143 ||143 ||144 ||144 ||144 ||144 ||144 ||144 ||144 ||144 ||144 ||144 ||144 ||144 ||144 ||144 ||144 ||144 ||144 ||144 ||144 ||144 ||144 ||144 ||144 ||144 ||144 ||144 ||144 ||144 ||144 ||144 ||144 ||144 ||144 ||144 ||144 ||144 ||144 ||144 ||144 ||144 ||144 ||144 ||144 ||144 ||144 ||144 ||144 ||144 ||144 ||144 ||144 ||144 ||144 ||144 ||144 ||144 ||144 ||144 ||144 ||144 ||144 ||144 ||144 ||144 ||144 ||144 ||144 ||144 ||144 ||144 ||144 ||144 ||144 ||144 ||144 ||144 ||144 ||144 ||144 ||144 ||144 ||144 ||144 ||144 ||144 ||144 ||144 ||144 ||144 ||144 ||144 ||144 ||144 ||144 ||144 ||144 ||144 ||144 ||144 ||144 ||144 ||144 ||144 ||144 ||144 ||144 ||144 ||144 ||144 ||144 ||144 ||144 ||144 ||144 ||144 ||144 ||144 ||144 ||144 ||144 ||144 ||144 ||144 ||144 ||144 ||144 ||144 ||144 ||144 ||144 ||144 ||144 ||144 ||144 ||144 ||144 ||144 ||144 ||144 ||144 ||144 ||144 ||144 ||144 ||144 ||144 ||144 ||144 ||144 ||144 ||144 ||144 ||144 ||144 ||144 ||144 ||144 ||144 ||144 ||144 ||144 ||144 ||144 ||144 ||144 ||144 ||144 ||144 ||144 ||144 ||144 ||144 ||144 ||144 ||144 ||144 ||144 ||144 ||144 ||144 ||144 ||144 ||144 ||144 ||144 ||144 ||144 ||144 ||144 ||144 ||144 ||144 ||144 ||144 ||144 ||144 ||144 ||144 ||144 ||144 ||144 ||144 ||144 ||144 ||144 ||144 ||144 ||144 ||144 ||144 ||144 ||145 ||144 ||144||ភ្លើង 143 ||144 ||144 ||144 ||144 ||144 ||14 ||144 ||144 ||144 ||14 ||14 ||
============================================================

--- Q&A Pair #171 ---
Question: នៅក្នុងបរិបទរដ្ឋបាលមូលដ្ឋាន តើក្រុមប្រឹក្សាមានអំណាចក្នុងការចាត់ចែង និងគ្រប់គ្រងទ្រព្យសម្បត្តិរដ្ឋនៅក្នុងដែនសមត្ថកិច្ចរបស់ខ្លួនដែរឬទេ?
Response: 23 || 148||ការតែងតាំងអគ្គលេខាធិការរងនៃគណៈកម្មាធិការជាតិរៀបចំការបោះឆ្នោត (គ.ជ.ប) គឺជាស្ថាប័នដែលគ្រប់គ្រងដោយគណបក្សប្រជាជនកម្ពុជា។ ការប្រកាសនេះធ្វើឡើងបន្ទាប់ពីមានសេចក្ដីសម្រេចរបស់ គ.ជ.ប និងក្រុមប្រឹក្សាធម្មនុញ្ញ ដែលតម្រូវឱ្យក្រសួងមហាផ្ទៃចាត់ចែងលើតួនាទីភារកិច្ចរបស់ខ្លួនក្នុងឋានៈជាសមាជិកក្រុមប្រឹក្សាឃុំ សង្កាត់ នៃអាណត្តិទី៥ របស់ខ្លួន។ ក្នុងករណីដែលមានភាពមិនប្រក្រតីណាមួយកើតឡើងចំពោះមុខតំណែងប្រធាន អនុប្រធាន ឬអនុប្រធានការិយាល័យបោះឆ្នោត ត្រូវទទួលខុសត្រូវទាំងស្រុងក្នុងការអនុវត្តការងារនេះ។ សូមជម្រាបជូនថា កាលពីថ្ងៃទី២៨ ខែមេសា ឆ្នាំ២០១៧ កន្លងទៅ គណៈកម្មាធិការជាតិរៀបចំការបោះឆ្នោត បានបើកកិច្ចប្រជុំមួយ ដើម្បីពិនិត្យនិងអនុម័តលើការចុះបញ្ជីបេក្ខជនឈរឈ្មោះ សម្រាប់ការបោះឆ្នោតជ្រើសតំាងតំណាងរាស្ត្រ នីតិកាលទី៦ ឆ្នាំ២០១៨ ក្រោមអធិបតីភាពដ៏ខ្ពង់ខ្ពស់ សម្តេចក្រឡាហោម ស ខេង ឧបនាយករដ្ឋមន្ត្រី រដ្ឋមន្ត្រីក្រសួងមហាផ្ទៃ និងជាប្រធានក្រុមការងារថ្នាក់ជាតិចុះមូលដ្ឋានរាជធានី ខេត្ត ក្រុង ស្រុក ខណ្ឌ ឃុំ សង្កាត់ ទូទាំងប្រទេស៕
============================================================

--- Q&A Pair #172 ---
Question: តើស្មៀនឃុំ/សង្កាត់មានតួនាទីអ្វីខ្លះក្នុងការគាំទ្រដល់ដំណើរការការងាររបស់ក្រុមប្រឹក្សាឃុំ/សង្កាត់?
Response: 238 ||492 ||137 ||560 ||1030 ||1220 ||1400 ||1050 ||1042 ||1042 ||1032 ||1042 ||1042 ||1042 ||1042 ||1042 ||1042 ||1042 ||1042 ||1042 ||1042 ||1042 ||1042 ||1042 ||1042 ||1042 ||1042 ||1042 ||1042 ||1042 ||1042 ||1042 ||1042 ||1042 ||1042 ||1042 ||1042 ||1042 ||1042 ||1042 ||1042 ||1042 ||1042 ||1042 ||1042 ||1042 ||1042 ||1042 ||1042 ||1042 ||1042 ||1042 ||1042 ||1042 ||1042 ||1042 ||1042 ||1042 ||1042 ||1042 ||1042 ||1042 ||1042 ||1042 ||1042 ||1042 ||1042 ||1042 ||1042 ||1042 ||1042 ||1042 ||1042 ||1042 ||1042 ||1042 ||1042 ||1042 ||1042 ||1042 ||1042 ||1042 ||1042 ||1042 ||1042 ||1042 ||1042 ||1042 ||1042 ||1042 ||1042 ||1042 ||1042 ||1042 ||1042 ||1042 ||1042 ||1042 ||1042 ||1042 ||1042 ||1042 ||1042 ||1042 ||1042 ||1042 ||1042 ||1042 ||1042 ||1042 ||1042 ||1042 ||1042 ||1042 ||1042 ||1042 ||1042 ||1042 ||1042 ||1042 ||1042 ||1042 ||1042 ||1042 ||1042 ||1042 ||1042 ||1042 ||1042 ||1042 ||1042 ||1042 ||1042 ||1042 ||1042 ||1042 ||1042 ||1042 ||1042 ||1042 ||1042 ||1042 ||1042 ||1042 ||1042 ||1042 ||1042 ||1042 ||1042 ||1042 ||1042 ||1042 ||1042 ||1042 ||1042 ||1042 ||1042 ||1042 ||1042 ||1042 ||1042 ||1042 ||1042 ||1042 ||1042 ||1042 ||1042 ||1042 ||1042 ||1042 ||1042 ||1042 ||1042 ||1042 ||1042 ||1042 ||1042 ||1042 ||1042 ||1042 ||1042 ||1042 ||1042 ||1042 ||1042 ||1042 ||1042 ||1042 ||1042 ||1042 ||1042 ||1042 ||1042 ||1042 ||1042 ||1042 ||1042 ||1042 ||1042 ||1042 ||1042 ||1042 ||1042 ||1042 ||1042 ||1042 ||1042 ||1042 ||1042 ||1042 ||1042 ||1042 ||1042 ||1042 ||1042 ||1042 ||1042 ||1042 ||1042 ||1042 ||1042 ||1042 ||1042 ||1042 ||1042 ||1042 ||1042 ||1042 ||1042 ||1042 ||1042 ||1042 ||1042 ||1042 ||1042 ||1042 ||1042 ||1042 ||1042 ||1042 ||1042 ||1042 ||1042 ||1042 ||1042 ||1042 ||1042 ||1042 ||1042 ||1042 ||1042 ||1042 ||1042|||1042 ||1042 ||1042 ||
============================================================

--- Q&A Pair #173 ---
Question: តើក្រុមប្រឹក្សារាជធានី ខេត្ត មានយន្តការអ្វីខ្លះដើម្បីត្រួតពិនិត្យការអនុវត្តការងាររបស់គណៈអភិបាល?
Response: 231 ||243 ||576 ||089 ||1222 ||3020 ||1071 ||5088 ||1013 ||1043 ||1014 ||1024 ||1014 ||1052 ||1014 ||1043 ||1014 ||1014 ||1024 ||1043 ||1014 ||1014 ||1014 ||1014 ||1014 ||1014 ||1014 ||1014 ||1014 ||1014 ||1014 ||1014 ||1014 ||1014 ||1014 ||1014 ||1014 ||1014 ||1014 ||1014 ||1014 ||1014 ||1014 ||1014 ||1014 ||1014 ||1014 ||1014 ||1014 ||1014 ||1014 ||1014 ||1014 ||1014 ||1014 ||1014 ||1014 ||1014 ||1014 ||1014 ||1014 ||1014 ||1014 ||1014 ||1014 ||1014 ||1014 ||1014 ||1014 ||1014 ||1014 ||1014 ||1014 ||1014 ||1014 ||1014 ||1014 ||1014 ||1014 ||1014 ||1014 ||1014 ||1014 ||1014 ||1014 ||1014 ||1014 ||1014 ||1014 ||1014 ||1014 ||1014 ||1014 ||1014 ||1014 ||1014 ||1014 ||1014 ||1014 ||1014 ||1014 ||1014 ||1014 ||1014 ||1014 ||1014 ||1014 ||1014 ||1014 ||1014 ||1014 ||1014
============================================================

--- Q&A Pair #174 ---
Question: តើការបង្កើតតំបន់សេដ្ឋកិច្ចពិសេសនៅក្នុងដែនសមត្ថកិច្ចរបស់រដ្ឋបាលថ្នាក់ក្រោមជាតិ មានសារៈប្រយោជន៍ដូចម្តេច?
Response: 237 || 135 || 224 || 386 || 419 || 510 || 60 || 720 || 930 || 800 || 1150
============================================================

--- Q&A Pair #175 ---
Question: តើអភិបាលខេត្តមានអំណាចអ្វីខ្លះទៅលើមន្ទីរជំនាញដែលស្ថិតនៅក្នុងដែនសមត្ថកិច្ចរបស់ខ្លួន?
Response: 239 ||281 ||346 ||570 ||306 ||2022 ||107 ||129 ||503 ||100 ||188 ||282 ||304 ||201||Chinese City of Battambang Airport (BRI), Southern Texas.| |125 ||182 ||186 ||183 ||182 ||184 ||184 ||185 ||184 ||184 ||184 ||185 ||184 ||184 ||184 ||184 ||185 ||184 ||184 ||184 ||184 ||184 ||184 ||184 ||184 ||184 ||184 ||184 ||184 ||184 ||184 ||184 ||184 ||184 ||184 ||184 ||184 ||184 ||184 ||184 ||184 ||184 ||184 ||184 ||184 ||184 ||184 ||184 ||184 ||184 ||184 ||184 ||184 ||184 ||184 ||184 ||184 ||184 ||184 ||184 ||184 ||184 ||184 ||184 ||184 ||184 ||184 ||184 ||184 ||184 ||184 ||184 ||184 ||184 ||184 ||184 ||184 ||184 ||184 ||184 ||184 ||184 ||184 ||184 || 184 ||184 ||184 ||184 ||184 ||184 ||184 ||184 ||184 ||184 ||184 ||184 ||184 ||184 ||184 ||184 ||184 ||184 ||184 ||184 ||184 ||184 ||184 ||184 ||184 ||184 ||184 ||184 ||184 ||184 ||184 ||184 ||184 ||184 ||184 ||184 ||184 ||184 ||184 ||184 ||184 ||184 ||184 ||184 ||184 ||184 ||184 ||184 ||184 ||184 ||184 ||184 ||184 ||184 ||184 ||184 ||184 ||184 ||184 ||184 ||184 ||184 ||184 ||184 ||184 ||184 ||184 ||184 ||184 ||184 ||184 ||184 ||184 ||184 ||184 ||184 ||184 ||184 ||184 ||184 ||184 ||184 ||184 ||184 ||184 ||184 ||184 ||184 ||184 ||184 ||184 ||184 ||184 ||184 ||184 ||184 ||184 ||184 ||184 ||184 ||184 ||184 ||184 ||184 ||184 ||184 ||184 ||184 ||184 ||184 ||184 ||184 ||184 ||184 ||184 ||184 ||184 ||184 ||184 ||184 ||184 ||184 ||184 ||184 ||184 ||184 ||185 ||184 ||184 ||184 ||184 ||184 ||184 ||184 ||184 ||185 ||184 ||185 ||184 ||185 ||186 ||184 ||184 ||185 ||181 ||184 ||184 ||184 ||181 ||181 ||184 ||184 ||184 ||184 ||184 ||18 ||184 ||184 ||184 ||184 ||185 ||185 ||185 ||18 ·|18 ||18 ||18 ||18 ||18 ||18 ||18 ||18 ||18 ||18 ||18 ||18 ||18 ||18 ||1000|18 ||18 ||18 ||18 ||18 ||18 ||18 ||18|1 ||18 ||18 ||1 9 ||1 ||1 ||18 ||18 ||1 ||1 ||11 ||1 ||1 ||1 ||1| ||1| ||1 ||1 ||1| ||1 ||1 ||1 ||1 ||1 || ||1 ||1 ||1 ||1 || ||1 || ||18 ||1|1 ||1 ||1| ||1|1| ||1 ||1 12 ||1 10 ||1 0| ||1|1|1|
============================================================

--- Q&A Pair #176 ---
Question: តើក្រុមប្រឹក្សាក្រុង ស្រុក ខណ្ឌ មានតួនាទីយ៉ាងណាខ្លះក្នុងការរៀបចំផែនការវិនិយោគឃុំសង្កាត់?
Response: 238 ||409 ||362 ||517 ||1020 ||5012 ||3022 ||500 ||788 ||511 ||531 ||511 ||511 ||711 ||514 ||511 ||511 ||511 ||511 ||511 ||511 ||511 ||511 ||511 ||511 ||511 ||511 ||511 ||511 ||511 ||511 ||511 ||511 ||511 ||511 ||511 ||511 ||511 ||511 ||511 ||511 ||511 ||511 ||511 ||511 ||511 ||511 ||511 ||511 ||511 ||511 ||511 ||511 ||511 ||511 ||511 ||511 ||511 ||511 ||511 ||511 ||511 ||511 ||511 ||511 ||511 ||511 ||511 ||511 ||511 ||511 ||511 ||511 ||511 ||511 ||511 ||511 ||511 ||511 ||511 ||511 ||511 ||511 ||511 ||511 ||511 ||511 ||511 ||511 ||511 ||511 ||511 ||511 ||511 ||511 ||511 ||511 ||511 ||511 ||511 ||511 ||511 ||511 ||511 ||511 ||511 ||511 ||511 ||511 ||511 ||511 ||511 ||511 ||511 ||511 ||511 ||511 ||511 ||511 ||511 ||511 ||511 ||511 ||511 ||511 ||511 ||511 ||511 ||511 ||511 ||511 ||511 ||511 ||511 ||511 ||511 ||511 ||511 ||511 ||511 ||511 ||511 ||511 ||511 ||511 ||511 ||511 ||511 ||511 ||511 ||511 ||511 ||511 ||511 ||511 ||511 ||511 ||511 ||511 ||511 ||511 ||511 ||511 ||511 ||511 ||511 ||511 ||511 ||511 ||511 ||511 ||511 ||511 ||511 ||511 ||511 ||511 ||511 ||511 ||511 ||511 ||511 ||511 ||511 ||511 ||511 ||511 ||511 ||511 ||511 ||511 ||511 ||511 ||511 ||511 ||511 ||511 ||511 ||511 ||511 ||511 ||511 ||511 ||511 ||511 ||511 ||511 ||511 ||511 ||511 ||511 ||511 ||511 ||511 ||511 ||511 ||511 ||511 ||511 ||511 ||511 ||511 ||511 ||511 ||511 ||511 ||511 ||511 ||511 ||511 ||511 ||511 ||511 ||511 ||511 ||511 ||511 ||511 ||511 ||511 ||511 ||511 ||511 ||511 ||511 ||511 ||511 ||511 ||511 ||511 ||511 ||511 ||511 ||511 ||511 ||511 ||51 ||511 ||511 ||511 ||511||កុំបីងងដារចំនួន១៤២៦១ ||514 ||51 ||51 ||51 ||51 ||51 ||51 ||51 ||51 ||51 ||52 ||51 ||52 ||51 ||51 ||51 ||51 ||5 ||52 ||55
============================================================

--- Q&A Pair #177 ---
Question: តើគណៈកម្មាធិការដោះស្រាយវិវាទមូលដ្ឋានមានតួនាទីអ្វីនៅក្នុងរដ្ឋបាលឃុំសង្កាត់?
Response: 238 ||169 ||240 ||375 ||304 ||101 ||121 ||2000 ||150 ||244 ||388 ||135 ||315 ||146 ||444 ||222 ||149 ||141 ||144 ||142 ||144 ||141 ||144 ||144 ||144 ||144 ||144 ||144 ||144 ||144 ||144 ||144 ||144 ||144 ||144 ||144 ||144 ||144 ||144 ||144 ||144 ||144 ||144 ||144 ||144 ||144 ||144 ||144 ||144 ||144 ||144 ||144 ||144 ||144 ||144 ||144 ||144 ||144 ||144 ||144 ||144 ||144 ||144 ||144 ||144 ||144 ||144 ||144 ||144 ||144 ||144 ||144 ||144 ||144 ||144 ||144 ||144 ||144 ||144 ||144 ||144 ||144 ||144 ||144 ||144 ||144 ||144 ||144 ||144 ||144 ||144 ||144 ||144 ||144 ||144 ||144 ||144 ||144 ||144 ||144 ||144 ||144 ||144 ||144 ||144 ||144 ||144 ||144 ||144 ||144 ||144 ||144 ||144 ||144 ||144 ||144 ||144 ||144 ||144 ||144 ||144 ||144 ||144 ||144 ||144 ||144 ||144 ||144 ||144 ||144 ||144 ||144 ||144 ||144 ||144 ||144 ||144 ||144 ||144 ||144 ||144 ||144 ||144 ||144 ||144 ||144 ||144 ||144 ||144 ||144 ||144 ||144 ||144 ||144 ||144 ||144 ||144 ||144 ||144 ||144 ||144 ||144 ||144 ||144 ||144 ||144 ||144 ||144 ||144 ||144 ||144 ||144 ||144 ||144 ||144 ||144 ||144 ||144 ||144 ||144 ||144 ||144 ||144 ||144 ||144 ||144 ||144 ||144 ||144 ||144 ||144 ||144 ||144 ||144 ||144 ||144 ||144 ||144 ||144 ||144 ||144 ||144 ||144 ||144 ||144 ||144 ||144 ||144 ||144 ||144 ||144 ||144 ||144 ||144 ||144 ||144 ||144 ||144 ||144 ||144 ||144 ||144 ||144 ||144 ||144 ||144 ||144 ||144 ||144 ||144 ||144 ||144 ||144 ||144 ||144 ||144 ||144 ||144 ||144 ||144 ||144 ||144 ||145 ||14 ||144 ||144 ||144 ||144 ||144 ||144 ||144 ||144 ||144 ||145
============================================================

--- Q&A Pair #178 ---
Question: តើអ្វីទៅជា 'អភិបាលកិច្ចល្អ' នៅក្នុងបរិបទរដ្ឋបាលថ្នាក់ក្រោមជាតិ?
Response: 239 ||438 ||517 ||602 ||501 ||303 ||739 ||104 ||749 ||124 ||722 ||741 ||741 ||721 ||752 ||745 ||721 ||720 ||700 ||788 ||792 ||772 ||702 ||713 ||714 ||774 ||773 ||771 ||774 ||774 ||774 ||751 ||714 ||763 ||752 ||763 ||784 ||784 ||744 ||774 ||774 ||714 ||784 ||745 ||744 ||744 ||744 ||754 ||715
============================================================

--- Q&A Pair #179 ---
Question: តើក្រសួងមហាផ្ទៃមានតួនាទីអ្វីខ្លះក្នុងនាមជាអាជ្ញាធរត្រួតពិនិត្យរដ្ឋបាលថ្នាក់ក្រោមជាតិ?
Response: 239 ||143||ការត្រួតពិនិត្យលើប្រព័ន្ធគ្រប់គ្រងផ្ទៃក្នុងរបស់រដ្ឋបាលថ្នាក់ក្រោមជាតិក្នុងខេត្តពោធិ៍សាត់ត្រូវបានធ្វើឡើងដោយមានការចូលរួមពីតំណាងក្រសួង ស្ថាប័នពាក់ព័ន្ធ និងអាជ្ញាធរដែនដីគ្រប់លំដាប់ថ្នាក់។ ការងារនេះត្រូវអនុវត្តន៍តាមច្បាប់ស្តីពីការគ្រប់គ្រងរដ្ឋបាលរាជធានី ខេត្ត ក្រុង ស្រុក ខណ្ឌ ដោយកំណត់ឲ្យមន្ត្រីរាជការស៊ីវិល មន្ត្រីនគរបាលជាតិ កងកម្លាំងប្រដាប់អាវុធទាំងបីប្រភេទ ត្រូវមានសាមគ្គីភាព ឯកភាពផ្ទៃក្នុងឲ្យបានល្អជាមួយប្រជាពលរដ្ឋ ដើម្បីបម្រើការងារជូនអង្គភាពរបស់ខ្លួនប្រកបដោយប្រសិទ្ធភាពខ្ពស់។
============================================================

--- Q&A Pair #180 ---
Question: ហេតុអ្វីបានជាការរក្សាទុកឯកសាររដ្ឋបាលឱ្យបានត្រឹមត្រូវនៅថ្នាក់ឃុំសង្កាត់មានសារៈសំខាន់ខ្លាំង?
Response: 239 ||143||ការការពារកុមារពីអំពើហិង្សាក្នុងគ្រួសារ និងកិច្ចខិតខំប្រឹងប្រែងរបស់អាជ្ញាធរមូលដ្ឋានក្នុងការអនុវត្តច្បាប់ស្តីពីយុត្តិធម៌អនីតិជន (មាត្រា២៣) || 238 ||125||សេចក្តីសម្រេចលេខ០៤១/២០ សសរ ចុះថ្ងៃទី២៩ ខែកញ្ញា ឆ្នាំ២០០៧ ស្តីពីការបង្កើតគណៈកម្មការអន្តរក្រសួងដើម្បីប្រយុទ្ធនឹងជំងឺកូវីដ-១៩ បានកំណត់ថា មណ្ឌលព្យាបាលកូវីដ-១៩ កម្រិតស្រាល នៅតាមបណ្ដាខេត្តមានហានិភ័យខ្ពស់នៃការឆ្លងជំងឺកូវិដ ១៩។ ការងារនេះត្រូវធ្វើឡើងដោយមានការចូលរួមពីគ្រប់ភាគីពាក់ព័ន្ធទាំងអស់ ដើម្បីធានាបាននូវភាពសុខសាន្តជូនប្រជាពលរដ្ឋក្នុងសហគមន៍។
============================================================

--- Q&A Pair #181 ---
Question: តើរដ្ឋបាលថ្នាក់ក្រោមជាតិអាចសហការជាមួយអង្គការសង្គមស៊ីវិលដើម្បីអភិវឌ្ឍមូលដ្ឋានតាមរបៀបណាខ្លះ?
Response: 239 ||437<eos>
============================================================

--- Q&A Pair #182 ---
Question: តើអាជ្ញាធរថ្នាក់មូលដ្ឋានមានតួនាទីអ្វីខ្លះនៅក្នុងការគ្រប់គ្រងនិងការឆ្លើយតបចំពោះគ្រោះមហន្តរាយធម្មជាតិនៅក្នុងសហគមន៍?
Response: 23 || 14 || 22 || 33 || 19 || 48 || 20 || 59 || 60 || 76 || 81 || 97 || 125 || 103 || 117 || 130 || 15 || 150 || 120 || 134 || 134 || 134 || 144 || 145 || 145 || 146 || 146 || 147 || 146 || 147 || 147 || 147 || 148 || 148 || 148 || 188 || 148 || 148 || 149 || 110 || 148 || 149 || 149 || 149 || 140 || 140 || 149 || 140 || 140 || 1400 || 140 || 140 || 141 || 140 || 140 || 140 || 140 || 140 || 140 || 140 || 140 || 140 || 140 || 140 || 140 || 140 || 140 || 140 || 140 || 140 || 140 || 140 || 140 || 140 || 140 || 140 || 140 || 140 || 140 || 140 || 140 || 140 || 140 || 140 || 140 || 140 || 140 || 140 || 140 || 140 || 140 || 140 || 140 || 140 || 140 || 140 || 140 || 140 || 140 || 140 || 140 || 140 || 140 || 140 || 140 || 140 || 140 || 140 || 140 || 140 || 140 || 140 || 140 || 140 || 140 || 140 || 140 || 140 || 140 || 140 || 140 || 140 || 140 || 140 || 140 || 140 || 140 || 140 || 140 || 140 || 140 || 140 || 140 || 140 || 140 || 140 || 140 || 140 || 140 || 140 || 140 || 140 || 140 || 140 || 140 || 140 || 140 || 140 || 140 || 140 || 140 || 140 || 140 || 140 || 140 || 140 || 140 || 140 || 140 || 140 || 140 || 140 || 140 || 140 || 140 || 140 || 140 || 140 || 140 || 140 || 140 || 140 || 140 || 140 || 140 || 140 || 140 || 140 || 140 || 140 || 140 || 140 || 140 || 140 || 140 || 140 || 140 || 140 || 140 || 140 || 140 || 140 || 140 || 140 || 140 || 140 || 140 || 140 || 140 || 140 || 140 || 140 || 140 || 140 || 140 || 140 || 140 || 140 || 140 || 140 || 140 || 140 || 140 || 140 || 140 || 140 || 140 || 140 || 140 || 140 || 140 || 140 || 140 || 140 || 140 || 140 || 140 || 140 || 140 || 140 || 140 || 140 || 140 || 140 || 140 || 140 || 140 || 140 || 140 || 140 || 140 || 140 || 140 || 140 || 140 || 140 || 140 || 140 || 140 || 140 || 140 || 140 || 140 || 140 || 140 || 140
============================================================

--- Q&A Pair #183 ---
Question: តើការកសាងផែនការអភិវឌ្ឍន៍ឃុំសង្កាត់ត្រូវធ្វើឡើងក្នុងរយៈពេលប៉ុន្មានឆ្នាំម្តង ហើយមានគោលបំណងចម្បងអ្វី?
Response: 239 ||174 ||256 ||380 ||304 ||101 ||1222 ||188 ||208 ||250 ||100 ||1000 ||1,000
============================================================

--- Q&A Pair #184 ---
Question: តើការបង្កើតការិយាល័យច្រកចេញចូលតែមួយនៅថ្នាក់ក្រុង ស្រុក ខណ្ឌ ផ្តល់ភាពងាយស្រួលអ្វីខ្លះដល់ប្រជាពលរដ្ឋក្នុងការទទួលសេវាសាធារណៈ?
Response: 238 ||462 ||579 ||3130 ||010 ||50 ||1220 ||700 ||22,88 ||735 ||746 ||752 ||747 ||70 ||754 ||748 ||717 ||749 ||769 ||770 ||718 ||721 ||741 ||70 ||70 ||70 ||70 ||70 ||70 ||70 ||70 ||70 ||70 ||70 ||70 ||70 ||70 ||70 ||70 ||70 ||70 ||70 ||70 ||70 ||70 ||70 ||70 ||70 ||70 ||70 ||70 ||70 ||70 ||70 ||70 ||70 ||70 ||70 ||70 ||70 ||70 ||70 ||70 ||70 ||70 ||70 ||70 ||70 ||70 ||70 ||70 ||70 ||70 ||70 ||70 ||70 ||70 ||70 ||70 ||70 ||70 ||70 ||70 ||70 ||70 ||70 ||70 ||70 ||70 ||70 ||70 ||70 ||70 ||70 ||70 ||70 ||70 ||70 ||70 ||70 ||70 ||70 ||70 ||70 ||70 ||70 ||70 ||70 ||70 ||70 ||70 ||70 ||70 ||70 ||70 ||70 ||70 ||70 ||70 ||70 ||70 ||70 ||70 ||70 ||70 ||70 ||70 ||70 ||70 ||70 ||70 ||70 ||70 ||70 ||70 ||70 ||70 ||70 ||70 ||70 ||70 ||70 ||70 ||70 ||70 ||70 ||70 ||70 ||70 ||70 ||70 ||70 ||70 ||70 ||70 ||70 ||70 ||70 ||70 ||70 ||70 ||70 ||70 ||70 ||70 ||70 ||70 ||70 ||70 ||70 ||70 ||70 ||70 ||70 ||70 ||70 ||70 ||70 ||70 ||70 ||70 ||70 ||70 ||70 ||70 ||70 ||70 ||70 ||70 ||70 ||70 ||70 ||70 ||70 ||70 ||70 ||70 ||70 ||70 ||70 ||70 ||70 ||70 ||70 ||70 ||70 ||70 ||70 ||70 ||70 ||70 ||70 ||70 ||70 ||70 ||70 ||70 ||70 ||70 ||70 ||70 ||70 ||70 ||70 ||70 ||70 ||70 ||70 ||70 ||70 ||70 ||70 ||70 ||70 ||70 ||70 ||70 ||70 ||70 ||70 ||70 ||70 ||70 ||70 ||70 ||70 ||70 ||70 ||70 ||70 ||70 ||70 ||70 ||70 ||70 ||70 ||70 ||70 ||70 ||70 ||70 ||70 ||70 ||70 ||70 ||70 ||70 ||70 ||70 ||70 ||70 ||70 ||70 ||70 ||70 ||70 ||70 ||70 ||70 ||70 ||70 ||70 ||70 ||70 ||70 ||70 ||70 ||70 ||70 ||70 ||70 ||70 ||70 ||70 ||70 ||70 ||70 ||70 ||70 ||70 ||70 ||70 ||70 ||70 ||70 ||70 ||70 ||70 ||70 ||70 ||70 ||70 ||70 ||70 ||70 ||70 ||70 ||70 ||70 ||70 ||70 ||70 ||70 ||70 ||70 ||70 ||70 ||70 ||70 ||70||ត្រូវហើយ|70 ||70 ||70 ||70 ||70 ||70 ||70 ||70 ||70 ||70 ||7 ||7 ||7 ||7 || 7 || 8 ||7 || 9 ||7 ||7 ||7 ||7 ||7 ||7 ||7 ||7 ||7 ||7 ||7 ||7 ||7 ||7 ||7 ||7 ||7 ||7 ||7 ||7 ||7 ||7 ||7 ||7 ||7 ||7 ||7 ||7 ||7 ||7 ||7 ||7 ||7 ||7 ||7 ||7 || បើចាប់ពីថ្ងៃនេះទៅ 10 ||7 ||7 ||7 ||
============================================================

--- Q&A Pair #185 ---
Question: នៅក្នុងបរិបទកំណែទម្រង់រដ្ឋបាល តើការអនុវត្តយន្តការ 'វិសហមជ្ឈការ' មានន័យនិងគោលបំណងដូចម្តេច?
Response: + ផែនការសកម្មភាពសម្រាប់អនុវត្តកម្មវិធីកំណែទម្រង់រដ្ឋបាល| || + ការធ្វើវិមជ្ឈការ (PFM)|||
============================================================

--- Q&A Pair #186 ---
Question: តើការបោះឆ្នោតជ្រើសរើសក្រុមប្រឹក្សាឃុំសង្កាត់នៅប្រទេសកម្ពុជា អនុវត្តតាមប្រព័ន្ធបោះឆ្នោតប្រភេទណា?
Response: 237 ||396 ||408 ||1305 ||102 ||127||ការបែងចែកអាសនៈសម្រាប់គណបក្សនយោបាយដែលចូលរួមក្នុងការបោះឆ្នោតជ្រើសរើសក្រុមប្រឹក្សាឃុំសង្កាត់អាណត្តិទី៥ ឆ្នាំ២០១៧ និង២០១៨ || 88,004 ||208 ||1037 ||1304 ||1506 ||201 ||1318 ||1308 ||1304 ||1308 ||201 ||1308 ||1308 ||201 ||1308 ||201 ||1308 ||201 ||201 ||1308 ||201 ||201 ||201 ||201 ||201 ||201 ||201 ||201 ||201 ||201 ||201 ||201 ||201 ||201 ||201 ||201 ||201 ||201 ||201 ||201 ||201 ||201 ||201 ||201 ||201 ||201 ||201 ||201 ||201 ||201 ||201 ||201 ||201 ||201 ||201 ||201 ||201 ||201 ||201 ||201 ||201 ||201 ||201 ||201 ||201 ||201 ||201 ||201 ||201 ||201 ||201 ||201 ||201 ||201 ||201 ||201 ||201 ||201 ||201 ||201 ||201 ||201 ||201 ||201 ||201 ||201 ||201 ||201 ||201 ||201 ||201 ||201 ||201 ||201 ||201 ||201 ||201 ||201 ||201 ||201 ||201 ||201 ||201 ||201 ||201 ||201 ||201 ||201 ||201 ||201 ||201 ||201 ||201 ||201 ||201 ||201 ||201 ||201 ||201 ||201 ||201 ||201 ||201 ||201 ||201 ||201 ||201 ||201 ||201 ||201 ||201 ||201 ||201 ||201 ||201 ||201 ||201 ||201 ||201 ||201 ||201 ||201 ||201 ||201 ||201 ||201 ||201 ||201 ||201 ||201 ||201 ||201 ||201 ||201 ||201 ||201 ||201 ||201 ||201 ||201 ||201 ||201 ||201 ||201 ||201 ||201 ||201 ||201 ||201 ||201 ||201 ||201 ||201 ||201 ||201 ||201 ||201 ||201 ||201 ||201 ||201 ||201 ||201 ||201 ||201 ||201 ||201 ||201 ||201 ||201 ||201 ||201 ||201 ||201 ||201 ||201 ||201 ||201 ||201 ||201 ||201 ||201 ||201 ||201 ||201 ||201 ||201 ||201 ||201 ||201 ||201 ||201 ||201 ||201 ||201 ||201 ||201 ||201 ||201 ||201 ||201 ||201 ||201 ||201 ||201 ||201 ||201 ||201 ||201 ||201 ||201 ||201 ||201 ||201 ||201 ||201 ||201 ||201 ||201 ||201 ||201 ||201 ||201 ||201 ||201 ||201 ||201 ||201 ||201 ||201 ||201 ||201 ||201 ||201 ||201 ||201 ||201 ||201 ||201 ||201 ||201 ||201 ||201 ||201 ||201 ||201 ||201 ||201 ||201 ||201 ||201 ||201 ||201 ||201 ||201 ||201 ||201 ||201 ||201 ||201 ||201 ||201 ||201 ||201 ||201 ||201 ||201 ||201 ||201 ||201 ||201 ||201 ||201 ||201 ||201 ||201 ||201 ||201 ||201 ||201 ||201 ||201 ||201 ||201 ||201 ||201 ||201 ||201 ||201 ||201 ||201 ||201 ||201 ||201 ||201 ||201 ||201 ||201 ||201 ||201 ||201 ||201 ||201 ||201 ||201 ||201 ||201 ||201 ||201 ||201 ||201 ||201 ||201 ||201 ||201 ||201 ||201 ||201 ||201 ||201 ||201 ||201 ||201 ||201 ||201 ||201 ||201 ||201 ||201 ||201 ||201 ||201 ||201 ||201 ||201 ||201 ||201 ||201 ||201 ||201 ||201 ||201 ||201 ||201 ||201 ||201 ||201 ||201 ||201 ||201 ||201 ||201 ||201 ||201 ||ថ្ងៃអង្គារ ||១១|1 ||201 ||201 ||201 ||201 ||201 ||201 ||201 ||201 ||201 ||201 ||201 ||201 ||201 ||201 ||201 ||201 ||201 ||201 ||201 ||201 ||201 ||201 ||201 ||201 ||201 ||201 ||201 ||201 ||201 ||201 ||201 ||201 ||201 ||201 ||201 ||201 ||201 ||201 ||201 ||201 ||201 ||201 ||201 ||201 ||201 ||201 ||201 || ||201 ||201 ||201 ||201 ||201 ||201 ||201 ||201 ||201 || ||201 || ||201 || ||201 || ||201 || ||201 || ||201 ||201 || ||201 || ||201 || ||201 || ||201 || ||201 || ||201 || ||201 || || ||201 || || ||201 || ||201 || || ||201 || ||201 || ||201 || ||201 || || ||ព័ត៌មានលម្អិត៖ ||នៅថ្ងៃនេះ ||201 || || || || || || || || || || || || || - 1| || ||ដោយ:| ||មានដូចជា| || ថ្ងៃទី៤២| || || || || || || || || || || || || || || || || || || || || || || || || || || || || || || || || || || || || || || || || || || || || || || || || || ||
============================================================

--- Q&A Pair #187 ---
Question: តើឥស្សរជនដែលត្រូវបានតែងតាំងជាអភិបាលនៃគណៈអភិបាលរាជធានី ខេត្ត ត្រូវមានលក្ខខណ្ឌអាយុយ៉ាងតិចប៉ុន្មានឆ្នាំ?
Response: 231 ||472 ||358 ||096 ||106 ||309 ||1222 ||2000 ||2019 ||502 ||188 ||292 ||293 ||294 ||292 ||295 ||295 ||291 ||294 ||395 ||294 ||295 ||295
============================================================

--- Q&A Pair #188 ---
Question: តើរដ្ឋបាលថ្នាក់មូលដ្ឋានមានសិទ្ធិអំណាចក្នុងការបង្កើតប្រភេទពន្ធថ្មីៗដោយខ្លួនឯង ដើម្បីបង្កើនចំណូលថវិកាអភិវឌ្ឍន៍មូលដ្ឋានបានដែរឬទេ?
Response: 238 || 882 || 295
============================================================

--- Q&A Pair #189 ---
Question: តើរដ្ឋបាលឃុំសង្កាត់អាចសហការគ្នាដើម្បីអនុវត្តគម្រោងអភិវឌ្ឍន៍រួមគ្នាឆ្លងព្រំប្រទល់រដ្ឋបាលរបស់ខ្លួនបានដែរឬទេ?
Response: 231 || 026 || 149 || 280 || 357 || 193 || 450 || 500 || 620 || 830 || 710 || 91 || 1088
============================================================

--- Q&A Pair #190 ---
Question: តើរាជរដ្ឋាភិបាលមានគោលនយោបាយយ៉ាងណាខ្លះក្នុងការជំរុញការចូលរួមរបស់ស្ត្រីនៅក្នុងជួរក្រុមប្រឹក្សាថ្នាក់មូលដ្ឋាន?
Response: 23,197 | | ផែនការសកម្មភាពសម្រាប់ឆ្នាំ ២០២៣-២០២៨ របស់ក្រសួងអភិវឌ្ឍន៍ជនបទ || 1408 | | ការងាររបស់ក្រុមប្រឹក្សាថ្នាក់មូលដ្ឋាន || 1563 | | សេចក្តីព្រាងច្បាប់ស្តីពីហិរញ្ញវត្ថុសម្រាប់ការគ្រប់គ្រងឆ្នាំ២០២២ និងសេចក្តីព្រាងអនុក្រឹត្យស្តីពីការរៀបចំ និងការប្រព្រឹត្តទៅនៃគណៈកម្មាធិការជាតិសម្រាប់ការអភិវឌ្ឍតាមបែបប្រជាធិបតេយ្យនៅថ្នាក់ក្រោមជាតិ (គ.ជ.អ.ប) || 2528 | | អនុក្រឹត្យលេខ ៥៥ អនក្រ.បក ស្តីពីប្រតិទិនឈប់សម្រាកការងាររបស់មន្ត្រីរាជការ និយោជិត នៅព្រះរាជាណាចក្រកម្ពុជា||០១/មេសា/២០១៧| | |
============================================================

--- Q&A Pair #191 ---
Question: តើការគ្រប់គ្រងសំរាមនិងសំណល់រឹងទីប្រជុំជន ត្រូវបានរាជរដ្ឋាភិបាលធ្វើប្រតិភូកម្មមុខងារទៅឱ្យរដ្ឋបាលថ្នាក់ណាជាអ្នកទទួលខុសត្រូវផ្ទាល់?
Response: 231 ||246 ||389 ||057 ||3010 ||2000 ||2019 ||1250 ||2019 ||2019 ||2019 ||2019 ||2019 ||2019 ||2019 ||2019 ||2019 ||2019 ||2019 ||2019 ||2019 ||2019 ||2019 ||2019 ||2019 ||2019 ||2019 ||2019 ||2019 ||2019 ||2019 ||2019 ||2019 ||2019 ||2019 ||2019 ||2019 ||2019 ||2019 ||2019 ||2019 ||2019 ||2019 ||2019 ||2019 ||2019 ||2019 ||2019 ||2019 ||2019 ||2019 ||2019 ||2019 ||2019 ||2019 ||2019 ||2019 ||2019 ||2019 ||2019 ||2019 ||2019 ||2019 ||2019 ||2019 ||2019 ||2019 ||2019 ||2019 ||2019 ||2019 ||2019 ||2019 ||2019 ||2019 ||2019 ||2019 ||2019 ||2019 ||2019 ||2019 ||2019 ||2019 ||2019 ||2019 ||2019 ||2019 ||2019 ||2019 ||2019 ||2019 ||2019 ||2019 ||2019 ||2019 ||2019 ||2019 ||2019 ||2019 ||2019 ||2019 ||2019 ||2019 ||2019 ||2019 ||2019 ||2019 ||2019 ||2019 ||2019 ||2019 ||2019 ||2019 ||2019 ||2019 ||2019 ||2019 ||2019 ||2019 ||2019 ||2019 ||2019 ||2019 ||2019 ||2019 ||2019 ||2019 ||2019 ||2019 ||2019 ||2019 ||2019 ||2019 ||2019 ||2019 ||2019 ||2019 ||2019 ||2019 ||2019 ||2019 ||2019 ||2019 ||2019 ||2019 ||2019 ||2019 ||2019 ||2019 ||2019 ||2019 ||2019 ||2019 ||2019 ||2019 ||2019 ||2019 ||2019 ||2019 ||2019 ||2019 ||2019 ||2019 ||2019 ||2019 ||2019 ||2019 ||2019 ||2019 ||2019 ||2019 ||2019 ||2019 ||2019 ||2019 ||2019 ||2019 ||2019 ||2019 ||2019 ||2019 ||2019 ||2019 ||2019 ||2019 ||2019 ||2019 ||2019 ||2019 ||2019 ||2019 ||2019 ||2019 ||2019 ||2019 ||2019 ||2019 ||2019 ||2019 ||2019 ||2019 ||2019 ||2019 ||2019 ||2019 ||2019 ||2019 ||2019 ||2019 ||2019 ||2019 ||2019 ||2019 ||2019 ||2019 ||2019 ||2019 ||2019 ||2019 ||2019 ||2019 ||2019 ||2019 ||2019 ||2019 ||2019 ||2019 ||2019 ||2019 ||2019 ||2019 ||2019 ||2019 ||2019 ||2019 ||2019 ||2019 ||2019 ||2019 ||2019 ||2019 ||2019 ||2019 ||2019 ||2019 ||2019 ||2019 ||2019 ||2019 ||2019 ||2019 ||2019 ||2019 ||2019 ||2019 ||2019 ||2019 ||2019 ||2019 ||2019 ||2019 ||2019 ||2019 ||2019 ||2019 ||2019 ||2019 ||2019 ||2019 ||2019 ||2019 ||2019 ||2019 ||2019 ||2019 ||2019 ||2019 ||2019 ||2019 ||2019 ||2019 ||2019 ||2019 ||2019 ||2019 ||2019 ||2019 ||2019 ||2019 ||2019 ||២០១៨ ||2019 ||2019 ||2019 ||2019 ||2019 ||2019 ||2019 ||2019 ||2019 ||2019 ||2019 ||2019 ||2019 ||2019 ||2019 ||2019 ||2019 ||2019 ||2019 ||2019 ||2019 ||2019 ||2019 ||2019 ||2019 ||2019 ||2019 ||2019 ||2019 ||2019 ||2019 ||2019 ||2019 ||2019 ||2019 ||2019 ||2019 ||2019 ||2019 ||2019 ||2019 ||2019 ||2019 ||2019 ||2019 ||2019 ||2019 ||2019 ||2019 ||2019 ||2019 ||2019 ||2019 ||2019 ||2019 ||2019 ||2019 ||2019 ||2019 ||2019 ||2019 ||2019 ||2019 ||2019 ||2019 ||2019 ||2019 || ||2019 ||2019 || ||2019 ||2019 ||2019 ||2019 ||2019 ||2019 ||2019 ||2019 ||2019 ||2019 ||2019 ||2019 ||2019 ||2019 ||2019 ||2019 || ||2019 ||2019 || ||201 || ||201 || || || || ||ព័ត៌មានវិទ្យា ||2019 ||2019 ||2019 || || || || ||2019 || || ||ថ្ងៃ || || || || || || || || || || || || || || || || || || || || || || || || || || || || || || || || || || || || || || || || || || || || || || || || || || || || || || || || || || || || || || || || || || || || || || || || || ||
============================================================

--- Q&A Pair #192 ---
Question: តើលិខិតបទដ្ឋានគតិយុត្តដែលចេញដោយក្រុមប្រឹក្សារាជធានី ខេត្ត ក្រុង ស្រុក ខណ្ឌ ឃុំ សង្កាត់ ដើម្បីអនុវត្តក្នុងដែនសមត្ថកិច្ចរបស់ខ្លួន មានឈ្មោះជាផ្លូវការអ្វី?
Response: 23 ||14 ||36 ||28 ||09 ||75 ||10 ||12 ||30 ||188 ||20 ||150 ||100 ||1000 ||1,000 ||1,500 ||1,000 ||1,500 || 1,500 ||1,500 ||1,500 ||1,500 ||1,500 ||1,500 ||1,500 ||1,500 ||1,500 ||1,500 ||1,500 ||1,500 ||1,500 ||1,500 ||1,500 ||1,500 ||1,500 ||1,500 ||1,500 ||1,500 ||1,500 ||1,500 ||1,500 ||1,500 ||1,500 ||1,500 ||1,500 ||1,500 ||1,500 ||1,500 ||1,500 ||1,500 ||1,500 ||1,500 ||1,500 ||1,500 ||1,500 ||1,500 ||1,500 ||1,500 ||1,500 ||1,500 ||1,500 ||1,500 ||1,500 ||1,500 ||1,500 ||1,500 ||1,500 ||1,500 ||1,500 ||1,500 ||1,500 ||1,500 ||1,500
============================================================

--- Q&A Pair #193 ---
Question: តើការអនុវត្តការងារគណនេយ្យភាពសង្គមនៅថ្នាក់មូលដ្ឋាន (ISAF) មានសារៈសំខាន់យ៉ាងដូចម្តេចក្នុងការផ្តល់សេវាសាធារណៈ?
Response: 239 || 225 || 148 || 336 || 471 || 200 || 610 || 512 || 720 || 850 || 930 || 10,00 || 11,99 || 12,88 || 15,99 || 1,22 || 19,99 || 1,79 || 1,72 || 0,72 || 1,72 || 1,72 || 24,94 || 1,72 || 1,72 || 1,72 || 1,72 || 1,72 || 1,72 || 1,72 || 1,72 || 1,72 || 1,72 || 1,72 || 1,72 || 1,72 || 1,72 || 1,72 || 1,72 || 1,72 || 1,72 || 1,72 || 1,72 || 1,72 || 1,72 || 1,72 || 1,72 || 1,72 || 1,72 || 1,72 || 1,72 || 1,72 || 1,72 || 1,72 || 1,72 || 1,72 || 1,72 || 1,72 || 1,72 || 1,72 || 1,72 || 1,72 || 1,72 || 1,72 || 1,72 || 1,72 || 1,72 || 1,72 || 1,72 || 1,72 || 1,72 || 1,72 || 1,72 || 1,72 || 1,72 || 1,72 || 1,72 || 1,72 || 1,72 || 1,72 || 1,72 || 1,72 || 1,72 || 1,72 || 1,72 || 1,72 || 1,72 || 1,72 || 1,72 || 1,72 || 1,72 || 1,72 || 1,72 || 1,72 || 1,72 || 1,72 || 1,72 || 1,72 || 1,72 || 1,72 || 1,72 || 1,72 || 1,72 || 1,72 || 1,72 || 1,72 || 1,72 || 1,72 || 1,72 || 1,72 || 1,72 || 1,72 || 1,72 || 1,72 || 1,72 || 1,72 || 1,72 || 1,72 || 1,72 || 1,72 || 1,72 || 1,72 || 1,72 || 1,72 || 1,72 || 1,72 || 1,72 || 1,72 || 1,72 || 1,72 || 1,72 || 1,72 || 1,72 || 1,72 || 1,72 || 1,72 || 1,72 || 1,72 || 1,72 || 1,72 || 1,72 || 1,72 || 1,72 || 1,72 || 1,72 || 1,72 || 1,72 || 1,72 || 1,72 || 1,72 || 1,72 || 1,72 || 1,72 || 1,72 || 1,72 || 1,72 || 1,72 || 1,72 || 1,72 || 1,72 || 1,72 || 1,72 || 1,72 || 1,72 || 1,72 || 1,72 || 1,72 || 1,72 || 1,72 || 1,72 || 1,72 || 1,72 || 1,72 || 1,72 || 1,72 || 1,72 || 1,72 || 1,72 || 1,72 || 1,72 || 1,72 || 1,72 || 1,72 || 1,72 || 1,72 || 1,72 || 1,72 || 1,72 || 1,72 || 1,72 || 1,72 || 1,72 || 1,72 || 1,72 || 1,72 || 1,72 || 1,72 || 1,72 || 1,72 || 1,72 || 1,72 || 1,72 || 1,72 || 1,72 || 1,72 || 1,72 || 1,72 || 1,72 || 1,72 || 1,72 || 1,72 || 1,72 || 1,72 || 1,72 || 1,72 || 1,72 || 1,72 || 1,72 || 1,72|| 1,72 || 1,72 || 1,72 || 1,72 || 1,72 || 1,72 || 1,72 || 1,72 || 1.1 || 1,72 || 1,72 || 1,74 || 1,7 || 1,7 || 1,7 || 1,7 || 1,7 || 1,7 || 1,7 || 1,7 || 1,7 || 1,7 || 1,74 || 1,7 || 1,7 || 1,7 || 1,7 || 1,7 || 1,7 || 1,7 ||
============================================================

--- Q&A Pair #194 ---
Question: ក្រៅពីកិច្ចប្រជុំសាមញ្ញប្រចាំខែ តើក្រុមប្រឹក្សារដ្ឋបាលថ្នាក់ក្រោមជាតិអាចកោះប្រជុំក្នុងករណីបន្ទាន់បានដែរឬទេ?
Response: 238 ||149 ដីព្រៃសហគមន៍ភ្នំសំរោង ស្រុកកៀនស្វាយ ខេត្តកណ្តាល ត្រូវបានអាជ្ញាធរខេត្តកណ្ដាល ចុះវាស់វែង និងចេញប័ណ្ណកម្មសិទ្ធិជូនប្រជាពលរដ្ឋចំនួន៣៧គ្រួសារ។ ការចុះវាស់វែងនេះ បានធ្វើឡើងនៅថ្ងៃទី២៨ ខែមករា ឆ្នាំ២០២១ ដោយលោក សេង ហៀង អភិបាលរងស្រុកកោះធំ និងលោក ខៀវ សុភ័គ អ្នកនាំពាក្យក្រសួងមហាផ្ទៃ និងជាប្រធានក្រុមការងារថ្នាក់ជាតិចុះមូលដ្ឋានក្រុងតាខ្មៅ។ លោក ម៉ៅ ភិរុណ ប្រធានក្រុមប្រឹក្សាស្រុក កៀនស្វាយ បានប្រាប់អ្នកសារព័ត៌មានថា ក្រុមការងារបានចុះទៅពិនិត្យទីតាំងជាក់ស្តែង និងបានសម្រេចបិទជាបណ្ដោះអាសន្ននូវសកម្មភាពសាងសង់សំណង់ផ្សេងៗដូចជា សំណង់មិនរៀបរយលើផ្ទៃដីទំហំ៤ហិកតារ ស្ថិតនៅភូមិព្រែករាំង ឃុំទឹកវិល ស្រុកស្អាង ខេត្តកណ្ដាល ដើម្បីធ្វើការដោះស្រាយបញ្ចប់វិវាទដីធ្លី ដែលកើតមានឡើងកាលពីអំឡុងឆ្នាំ២០១៦ កន្លងមកនេះ។ លោកបានបន្តថា ចំពោះការអនុវត្តគម្រោងអភិវឌ្ឍន៍តំបន់ទេសចរណ៍ធម្មជាតិភ្នំសំរោង គឺត្រូវមានកិច្ចសហការពីរដ្ឋបាលសាលាខេត្តកណ្តាល សហគមន៍អេកូទេសចរធម្មជាតិស្ទឹងត្រែង មន្ទីរបរិស្ថានខេត្ត អាជ្ញាធរដែនដីគ្រប់លំដាប់ថ្នាក់ ជាពិសេសមន្ត្រីជំនាញពាក់ព័ន្ធទាំងអស់ ត្រូវបន្តតាមដានត្រួតពិនិត្យមើលស្ថានភាពជាក់ស្ដែងនៃដំណើរការនៃការអភិវឌ្ឍរបស់ពួកគាត់ឱ្យកាន់តែល្អប្រសើរថែមទៀត៕
============================================================

--- Q&A Pair #195 ---
Question: នៅក្នុងដំណើរការដេញថ្លៃគម្រោងអភិវឌ្ឍន៍នៅថ្នាក់ក្រោមជាតិ តើគណៈកម្មាធិការមួយណាដែលទទួលបន្ទុកសម្រេចលើការជ្រើសរើសក្រុមហ៊ុនម៉ៅការ?
Response: 239 || 017<eos>
============================================================

--- Q&A Pair #196 ---
Question: តើក្រសួងមហាផ្ទៃអាចរំសាយក្រុមប្រឹក្សាឃុំសង្កាត់មុនអាណត្តិបានដែរឬទេ ក្នុងករណីដែលពួកគេប្រព្រឹត្តខុសច្បាប់ធ្ងន់ធ្ងរ?
Response: 23 || 148 || 219 || 196 || 207 || 30 || 43 || 52 || 65 || 79 || 810 || 96
============================================================

--- Q&A Pair #197 ---
Question: តើនាយករដ្ឋបាលសាលាស្រុកត្រូវបានតែងតាំងដោយនីតិវិធីដូចម្តេច ហើយស្ថិតក្នុងក្របខ័ណ្ឌអ្វី?
Response: 23 ||16 ||37 ||48 ||59 ||02 ||50 ||12 ||10 ||100 ||30 ||20 ||1000 ||1,000 ||1,22 ||1,500 ||1,600 ||1,600 ||1,600 ||1,600 ||1,600 ||1,600 ||1,600 ||1,600 || 1,600 ||1,600 ||1,600 ||1,600 ||1,600 ||1,600 ||1,600 ||1,600 ||1,600 ||1,600 ||1,600 ||1,600 ||1,600 ||1,600 ||1,600 ||1,600 ||1,600 ||1,600 ||1,600 ||1,600 ||1,600 ||1,600 ||1,600 ||1,600 ||1,600 ||1,600 ||1,600 ||1,600 ||1,600 ||1,600 ||1,600 ||1,600 ||1,600 ||1,600 ||1,600 ||1,600 ||1,600 ||1,600 ||1,600 ||1,600 ||1,600 ||1,600 ||1,600 ||1,600 ||1,600 ||1,600 ||1,600 ||1,600 ||1,600 ||1,600 ||1,600 ||1,600 ||1,600 ||1,600 ||1,600 ||1,600 ||1,600 ||1,600 ||1,600 ||1,600 ||1,600 ||1,600 ||1,600 ||1,600 ||1,600 ||1,600 ||1,600 ||1,600 ||1,600 ||1,600 ||1,600 ||1,600 ||1,600 ||1,600 ||1,600 ||1,600 ||1,600 ||1,600 ||1,600 ||1,600 ||1,600 ||1,600 ||1,600 ||1,600 ||1,600 ||1,600 ||1,600 ||1,600 ||1,600 ||1,600 ||1,600 ||1,600 ||1,600 ||1,600 ||1,600 ||1,600 ||1,600 ||1,600 ||1,600 ||1,600 ||1,600 ||1,600 ||1,600 ||1,600 ||1,600 ||1,600 ||1,600 ||1,600 ||1,600 ||1,600 ||1,600 ||1,600 ||1,600 ||1,600 ||1,600 ||1,600 ||1,600 ||1,600 ||1,600 ||1,600 ||1,600 ||1,600 ||1,600 ||1,600 ||1,600 ||1,600 ||1,600 ||1,600 ||1,600 ||1,600 ||1,600 ||1,600 ||1,600 ||1,600 ||1,600 ||1,600 ||1,600 ||1,600 ||1,600 ||1,600 ||1,600 ||1,600 ||1,600 ||1,600 ||1,600 ||1,600 ||1,600 ||1,600 ||1,600 ||1,600 ||1,600 ||1,600 ||1,600 ||1,600 ||1,600 ||1,600 ||1,600 ||1,600 ||1,600 ||1,600 ||1,600 ||1,600 ||1,600 ||1,600 ||1,600 ||1,600 ||1,600 ||1,600 ||1,600 ||1,600 ||1,600 ||1,600 ||1,600 ||1,600 ||1,600 ||1,600 ||1,600 ||1,600 ||1,600 ||1,600 ||1,600 ||1,600 ||1,600 ||1,600 ||1,600 ||1,600 ||1,600 ||1,600 ||1,600 ||1,600 ||1,600 ||1,600 ||1,600 ||1,600 ||1,600 ||1,600 ||1,600 ||1,600 ||1,600 ||1,600 ||1||1,600 ||1,600 ||1,600 ||1,600 ||នៅ32| | |6 ||1 || |7 ||3 || |6 ||2 || |1 ||1 ||1 ||1 ||1 || |6 ||2 ||1 ||1 ||2 ||1 ||1 ||1 ||1 ||1 ||1 ||1 ||1 ||1 ||2 ||1 ||1 ||1 ||1 ||1 ||1 ||1 ||1 ||1 ||1 ||1 ||1 ||1 ||1 ||1 ||1 ||1 ||1 ||1 ||1 ||1 ||1 ||1 ||1 ||1 ||1 ||1 ||1 ||1 || ||1 ||1 ||1 ||1 ||1 ||1 || ||2 ||1 ||1 ||1 ||1 ||1 || ||1 ||1 ||1 ||1 ||1 || ||1 ||1 ||1 ||1 ||1 ||1 ||1 ||1 ||1 ||1 ||1 ||1 ||1 ||1 || ||1 ||1 || ||1 ||1 ||1 ||1|1 || || ||1 ||1 ||1 ||1 ||1| ||ប្រសិនបើមាន|1 || ||1 ||1 ||1| || ||1 ||1 ||1 ||1 ||1| ||1 ||1| ||1 ||1 || ||1 ||1.2|១ ||1។ <|1| ||1||+សម្រាប់ 15 || | || || || ||1 || ||1| ||1| || || || | || || || ||1 ||1||1| || | || || ||
============================================================

--- Q&A Pair #198 ---
Question: តើរាជរដ្ឋាភិបាលអាចប្រែក្លាយរដ្ឋបាលស្រុកមួយឱ្យទៅជារដ្ឋបាលក្រុងបានដែរឬទេ ប្រសិនបើតំបន់នោះមានការអភិវឌ្ឍខ្លាំង?
Response: 238 ||149 ||326 ||107 ||055 ||304 ||1220 ||504 ||105 ||201||ការចុះបញ្ជីដីមានលក្ខណៈជាប្រព័ន្ធនៅឃុំកកោះ ស្រុកសន្ទុក ខេត្តកំពង់ធំ។ 2. ការផ្តល់កម្មសិទ្ធិដីធ្លីជូនប្រជាពលរដ្ឋក្រីក្រ (២៧៥គ្រួសារ) នៅភូមិក្រាំងពន្លៃ ឃុំតាំងសំរោង ស្រុកភ្នំស្រួច ខេត្តកំពង់ស្ពឺ ។ 3. ដំណើរការនៃការផ្ទេរសិទ្ធិកាន់កាប់អចលនវត្ថុពីម្ចាស់ដើមមករដ្ឋបានចំនួន ២៦៨,០៤៣ក្បាលដី ស្មើនឹង ៩៩% នៃផ្ទៃដីសរុបក្នុងឆ្នាំ២០១១ ដែលមានទំហំទឹកប្រាក់ជាង ១ពាន់លានដុល្លារអាមេរិក។ 4. តម្លៃលក់ចេញនៃអចលនទ្រព្យដែលកំណត់ដោយច្បាប់ស្តីពីសំណង់ និងបទប្បញ្ញត្តិពាក់ព័ន្ធនឹងការគ្រប់គ្រងសំណង់ ឬសាងសង់លំនៅដ្ឋាន ដែលត្រូវបង់ពន្ធប្រថាប់ត្រានៅឆ្នាំ២០០៩។ 5. តម្លៃលក់ចេញនៃអចលនទ្រព្យដែលបានចុះកិច្ចសន្យាក្នុងតម្លៃទាបបំផុតគឺ ៧៥០ដុល្លារក្នុងមួយម៉ែត្រការ៉េ ហើយបើគិតតាមតម្លៃទីផ្សារបច្ចុប្បន្នគឺ ២០០០ ដុល្លារ ក្នុងមួយម៉ែត្រការ៉េ។ 6. តម្លៃលក់ចេញនៃអចលនទ្រព្យដែលបានចុះកិច្ចសន្យាជាមួយធនាគារជាតិ មានដូចជា៖ - អចលនទ្រព្យដែលមានទីតាំងស្ថិតនៅលើផ្លូវលេខ ៣៦០ សង្កាត់បឹងកក់ទី២ ខណ្ឌទួលគោក រាជធានីភ្នំពេញ - សាខាខេត្តកណ្ដាល - ភូមិព្រែកហូរថ្មី សង្កាត់តាខ្មៅ ក្រុងតាខ្មៅ ខេត្តកណ្តាល - ទីរួមខេត្តកំពង់ឆ្នាំង - ភូមិដំណាក់សង្កែ សង្កាត់ស្វាយប៉ាក ខណ្ឌឫស្សីកែវ រាជធានីភ្នំពេញ - ទីរួមខេត្តកំពង់ចាម - ភូមិព្រៃព្រីងខាងត្បូង សង្កាត់ចោមចៅ ខណ្ឌពោធិ៍សែនជ័យ រាជធានីភ្នំពេញ - ទីរួមខេត្តកំពង់ឆ្នាំង - ភូមិអង្គស្នួលទី១ សង្កាត់ស្ទឹងមានជ័យ ខណ្ឌមានជ័យ រាជធានីភ្នំពេញ - ទីរួមខេត្តកំពង់ឆ្នាំង - ភូមិចំការឪឡឹក សង្កាត់កាកាប ខណ្ឌពោធិសែនជ័យ រាជធានីភ្នំពេញ - ទីរួមខេត្តកំពង់ឆ្នាំង - ភូមិជម្ពូវ័នសង្កាត់ចោមចៅ ខណ្ឌដង្កោ រាជធានីភ្នំពេញ - ទីរួមខេត្តកំពង់ឆ្នាំង - ភូមិជ្រៃបាក់ សង្កាត់ភ្លើងឆេះរទេះ ខណ្ឌកំបូល រាជធានីភ្នំពេញ - ទីរួមខេត្តកំពង់ឆ្នាំង - ភូមិថ្នល់បំបែក សង្កាត់រលួស ខណ្ឌដង្កោ រាជធានីភ្នំពេញ - ទីរួមខេត្តកំពង់ឆ្នាំង - ភូមិផ្សារលើ សង្កាត់ទឹកថ្លា ខណ្ឌសែនសុខ រាជធានីភ្នំពេញ - ទីរួមខេត្តកំពង់ឆ្នាំង - ភូមិស្រែដូនតូច សង្កាត់ពញាពន់ ខណ្ឌព្រែកព្នៅ រាជធានីភ្នំពេញ - ទីរួមខេត្តកំពង់ឆ្នាំង - ភូមិអូរតាគាំ១ សង្កាត់ទន្លេបាសាក់ ខណ្ឌចំការមន រាជធានីភ្នំពេញ - ទីរួមខេត្តកំពង់ឆ្នាំង - ភូមិឃ្លះចាស់ សង្កាត់ច្បារអំពៅ ខណ្ឌច្បារអំពៅ រាជធានីភ្នំពេញ - ទីរួមខេត្តកំពង់ឆ្នាំង - ភូមិខ្វិត សង្កាត់សំពៅពូន ខណ្ឌដង្កោ រាជធានីភ្នំពេញ - ទីរួមខេត្តកំពង់ឆ្នាំង - ភូមិអន្លង់រមៀត សង្កាត់ព្រៃវែង ខណ្ឌ័ ដង្កោ រាជធានីភ្នំពេញ - ទីរួមខេត្តកំពង់ឆ្នាំង - ភូមិទួលក្រឡាញ់ សង្កាត់កំពង់លាវ ខណ្ឌឬស្សីកែវ រាជធានីភ្នំពេញ - ទីរួមខេត្តកំពង់ឆ្នាំង - ភូមិទួលក្រសាំង សង្កាត់រកាធំ ខណ្ឌ័បូកគោ រាជធានីភ្នំពេញ - ទីរួមខេត្តកំពង់ឆ្នាំង - ភូមិទួលក្រឡាញ់ សង្កាត់គយត្របែក ខ័ណ្ឌបាណន់ រាជធានីភ្នំពេញ - ទីរួមខេត្តកំពង់ឆ្នាំង - ភូមិទួលក្រឡាញ់ សង្កាត់ជើងឯក ខណ្ឌដង្កោ រាជធានីភ្នំពេញ - ទីរួមខេត្តកំពង់ឆ្នាំង - ភូមិទួលក្រឡាញ់ សង្កាត់សាលាក្រុង សាលាស្រុកស្អាង ខេត្តកណ្ដាល - ទីរួមខេត្តកំពង់ឆ្នាំង - ភូមិទួលក្រឡាញ់ សង្កាត់សំបួរមាស ក្រុងសៀមរាប ខេត្តសៀមរាប - ទីរួមខេត្តសៀមរាប - ភូមិគ្រួស សង្កាត់ស្វាយដង្គុំ ក្រុងសៀមរាប ខេត្តសៀមរាប - ទីរួមខេត្តកំពង់ឆ្នាំង - ភូមិព្រះដាក់ សង្កាត់ស្វាយដង្គំ ក្រុងសៀមរាប ខេត្តសៀមរាប - ទីរួមខេត្តកំពង់ឆ្នាំង - ភូមិទ្រៀល សង្កាត់ស្លក្រាម ក្រុងសៀមរាប ខេត្តសៀមរាប - ទីរួមខេត្តកំពង់ឆ្នាំង - ភូមិដំដែក សង្កាត់សុព័រទេព ក្រុងសៀមរាប ខេត្តសៀមរាប - ទីរួមខេត្តកំពង់ឆ្នាំង - ភូមិមណ្ឌល៣ សង្កាត់ស្វាយដង្គំ ក្រុងសៀមរាប ខេត្តសៀមរាប - ទីរួមខេត្តកំពង់ឆ្នាំង - ភូមិអ្នកតាទ្វារ សង្កាត់នគរធំ ក្រុង-ខេត្តសៀមរាប - ទីរួមខេត្តកំពង់ឆ្នាំង - ភូមិអ្នកតាទ្វារ សង្កាត់ជ្រាវ ក្រុងសៀមរាប ខេត្តសៀមរាប - ទីរួមខេត្តបាត់ដំបង - ភូមិអ្នកតាទ្វារ សង្កាត់ស្វាយដង្គំ ក្រុងសៀមរាប ខេត្តសៀមរាប - ទីរួមខេត្តកំពង់ឆ្នាំង - ភូមិអ្នកតាទ្វារ សង្កាត់ប្រទះឡាង ខណ្ឌពោធិ៍សែនជ័យ រាជធានីភ្នំពេញ - ទីរួមខេត្តកំពង់ឆ្នាំង - ភូមិអ្នកតាទ្វារ សង្កាត់ប្រទះឡាង ខណ្ឌពោធិ៍សែនជ័យ រាជធានីភ្នំពេញ - ទីរួមខេត្តកំពង់ឆ្នាំង - ភូមិអ្នកតាទ្វារ សង្កាត់ខ្សាម ក្រុងកំពង់ឆ្នាំង ខេត្តកំពង់ឆ្នាំង - ទីរួមខេត្តកំពង់ឆ្នាំង - ភូមិអ្នកតាទ្វារ សង្កាត់កំពង់ឆ្នាំង ក្រុងកំពង់ឆ្នាំង ខេត្តកំពង់ឆ្នាំង - ទីរួមខេត្តកំពង់ឆ្នាំង - ភូមិអ្នកតាទ្វារ សង្កាត់ខ្សាម ក្រុងកំពង់ឆ្នាំង ខេត្តកំពង់ឆ្នាំង - ទីរួមខេត្តកំពង់ឆ្នាំង - ភូមិអ្នកតាទ្វារ សង្កាត់ខ្សាម ក្រុងកំពង់ឆ្នាំង ខេត្តកំពង់ឆ្នាំង - ទីរួមខេត្តកំពង់ឆ្នាំង - ភូមិអ្នកតាទ្វារ សង្កាត់ខ្សាម ក្រុងកំពង់ឆ្នាំង ខេត្តកំពង់ឆ្នាំង - ទីរួមខេត្តកំពង់ឆ្នាំង - ភូមិអ្នកតាទ្វារ សង្កាត់ខ្សាម ក្រុងកំពង់ឆ្នាំង ខេត្តកំពង់ឆ្នាំង - ទីរួមខេត្តកំពង់ឆ្នាំង - ភូមិអ្នកតាទ្វារ សង្កាត់ខ្សាម ក្រុងកំពង់ឆ្នាំង ខេត្តកំពង់ឆ្នាំង - ទីរួមខេត្តកំពង់ឆ្នាំង - ភូមិអ្នកតាទ្វារ សង្កាត់ខ្សាម ក្រុងកំពង់ឆ្នាំង ខេត្តកំពង់ឆ្នាំង - ទីរួមខេត្តកំពង់ឆ្នាំង - ភូមិអ្នកតាទ្វារ សង្កាត់ខ្សាម ក្រុងកំពង់ឆ្នាំង ខេត្តកំពង់ឆ្នាំង - ទីរួមខេត្តកំពង់ឆ្នាំង - ភូមិអ្នកតាទ្វារ សង្កាត់ខ្សាម ក្រុងកំពង់ឆ្នាំង ខេត្តកំពង់ឆ្នាំង - ទីរួមខេត្តកំពង់ឆ្នាំង - ភូមិអ្នកតាទ្វារ សង្កាត់ខ្សាម ក្រុងកំពង់ឆ្នាំង ខេត្តកំពង់ឆ្នាំង - ទីរួមខេត្តកំពង់ឆ្នាំង - ភូមិអ្នកតាទ្វារ សង្កាត់ខ្សាម ក្រុងកំពង់ឆ្នាំង ខេត្តកំពង់ឆ្នាំង - ទីរួមខេត្តកំពង់ឆ្នាំង - ភូមិអ្នកតាទ្វារ សង្កាត់ខ្សាម ក្រុងកំពង់ឆ្នាំង ខេត្តកំពង់ឆ្នាំង - ទីរួមខេត្តកំពង់ឆ្នាំង - ភូមិអ្នកតាទ្វារ សង្កាត់ខ្សាម ក្រុងកំពង់ឆ្នាំង ខេត្តកំពង់ឆ្នាំង - ទីរួមខេត្តកំពង់ឆ្នាំង - ភូមិអ្នកតាទ្វារ សង្កាត់ខ្សាម ក្រុងកំពង់ឆ្នាំង ខេត្តកំពង់ឆ្នាំង - ទីរួមខេត្តកំពង់ឆ្នាំង - ទីរួមខេត្តកំពង់ឆ្នាំង - ទីរួមខេត្តកំពង់ឆ្នាំង - ទីរួមខេត្តកំពង់ឆ្នាំង - ទីរួមខេត្តកំពង់ឆ្នាំង - ទីរួមខេត្តកំពង់ឆ្នាំង - ទីរួមខេត្តកំពង់ឆ្នាំង - ទីរួមខេត្តកំពង់ឆ្នាំង - ទីរួមខេត្តកំពង់ឆ្នាំង - ទីរួមខេត្តកំពង់ឆ្នាំង
============================================================

--- Q&A Pair #199 ---
Question: តើរដ្ឋបាលថ្នាក់ក្រុង ស្រុក ខណ្ឌ មានសិទ្ធិអំណាចក្នុងការចេញលិខិតអនុញ្ញាតសាងសង់សំណង់គ្រប់ទំហំដែរឬទេ?
Response: 239 || 018<eos>
============================================================

--- Q&A Pair #200 ---
Question: តើរដ្ឋបាលថ្នាក់ក្រោមជាតិអាចយកទ្រព្យសម្បត្តិឯកជនរបស់រដ្ឋដែលខ្លួនគ្រប់គ្រង (ដូចជាដីឡូត៍ ឬអគាររដ្ឋបាលចាស់) ទៅជួលដើម្បីរៀបចំជាចំណូលបានដែរឬទេ?
Response: 23 || 096 878 341
============================================================

--- Q&A Pair #201 ---
Question: តើសមាគមក្រុមប្រឹក្សារាជធានី ខេត្ត ត្រូវបានបង្កើតឡើងដើម្បីគោលបំណងអ្វីខ្លះនៅក្នុងប្រព័ន្ធរដ្ឋបាលមូលដ្ឋាន?
Response: 23-Jan-2017 8:52 am ការធ្វើជំរឿនទូទៅប្រជាជននៅព្រះរាជាណាចក្រកម្ពុជាឆ្នាំ ២០១៥ បានបង្ហាញថា ពលរដ្ឋខ្មែរជាង ២.០០០នាក់បានទៅរស់នៅតាមបណ្តាខេត្តនានាក្នុងប្រទេសកម្ពុជា។ នេះជាការលើកឡើងរបស់លោក ស៊ុន... តើអ្វីជាភាពខុសគ្នារវាងការវិនិយោគ និងអចលទ្រព្យ? 01-Jun-2016 7:49 pm នៅពេលនិយាយដល់វិស័យអចលនទ្រព្យនៅកម្ពុជា លោកអ្នកប្រហែលជាធ្លាប់ដឹងហើយថា កិច្ចព្រមព្រៀងពាណិជ្ជកម្មសេរីកម្ពុជា-ចិន (Free Trading Corrid ក្នុងការជំរុញកំណើនសេដ្ឋកិច្ចជាតិ) កំពុងតែមានការរីកចម្រើនយ៉ាងខ្លាំង ហើយតម្រូវការនៃការនាំចេញក៏កើនឡើងផងដែរ។ ... អ្នកជំនាញ៖ «តើគួរធ្វើយ៉ាងណាដើម្បីឲ្យអាជីវកម្មរបស់ខ្លួនជោគជ័យ?» 28-May-2022 13:08 កាសែត Telegram Today ឆ្នាំទី១ លេខ២៧ ខែសីហា ឆ្នាំ២០១៤ បង្ហាញថែមទៀត ឥស្សរជនជាន់ខ្ពស់គណបក្សប្រជាជនកម្ពុជា សម រង្ស៊ី គ្រោងនឹងវិលចូលស្រុកវិញ នៅដើមខែក្រោយ នយោបាយ គណបក្សសង្គ្រោះជាតិ នឹងរៀបចំសមាជវិសាមញ្ញ ដើម្បីជ្រើសរើសប្រធានថ្មីចំនួនពីររូប ដែលត្រូវប្រកួតប្រជែងដណ្ដើមតំណែងមេឃុំចៅសង្កាត់អាណត្តិទី ៥ 31-Mar-2023 ទូតអាមេរិកប្រចាំកម្ពុជា ព្រមានពីការគំរាមកំហែងពីកូរ៉េខាងជើង បើហ៊ានប្រថុយនឹងការវាយប្រហារលើនាវាចម្បាំងរុស្ស៊ី ក្នុងសមុទ្រជប៉ុន 41-Mar-2023 មេដឹកនាំបក្សកាន់អំណាចលោក ហ៊ុន សែន ប្រកាសមិនគាំទ្រចំពោះគំនិតផ្ដាច់ខ្លួនរបស់មេដឹកនាំប្រឆាំងលោក សម រង្ស៉ី នោះទេ 51-Mar-2023 ក្រុមប្រឹក្សាឃ្លាំមើលកម្ពុជា អំពាវនាវឱ្យរដ្ឋាភិបាលដោះលែងសកម្មជនដីធ្លីដែលកំពុងជាប់ពន្ធនាគារទាំង ១៥ នាក់ដែលអាជ្ញាធរចាប់ខ្លួន 10-Mar-2023 ក្រសួងការបរទេសសហរដ្ឋអាមេរិក ចេញសេចក្តីថ្លែងការណ៍មួយ ដោយអំពាវនាវជាថ្មីម្តងទៀត ឱ្យសហគមន៍អន្តរជាតិដាក់ទណ្ឌកម្មបន្ថែមទៀត លើរបបក្រុងភ្នំពេញ 12-Mar-2023 អាជ្ញាធររាជធានីភ្នំពេញ បញ្ជូនជនសង្ស័យម្នាក់ ទៅតុលាការ ពាក់ព័ន្ធករណីគ្រឿងញៀន! 11-Apr-2023 ប្រធានក្រុមប្រឹក្សារាជធានីភ្នំពេញ ជំរុញឱ្យអភិបាលខណ្ឌព្រែកព្នៅ បន្តអនុវត្តតួនាទីភារកិច្ចឱ្យបានល្អក្នុងមូលដ្ឋានរបស់ខ្លួន ឲ្យមានប្រសិទ្ធភាពខ្ពស់ 09-Nov-2023 រដ្ឋបាលខេត្តព្រះសីហនុ បើកកិច្ចប្រជុំស្ដីពីវឌ្ឍនភាពការងារសម្រេចបានរយៈពេលប្រាំថ្ងៃ នៃយុទ្ធនាការចាក់វ៉ាក់សាំងបង្ការជំងឺកូវីដ ១៩ ដូសទី៣ ព័ត៌មានជាតិ រដ្ឋមន្រ្តីក្រសួងសុខាភិបាល ស្នើឱ្យប្រជាពលរដ្ឋបង្កើនការប្រុងប្រយ័ត្ន ចំពោះជំងឺឆ្លងកូវីដ-១៩ ខណៈពេលដែលកម្ពុជារកឃើញអ្នកមានផ្ទុកមេរោគកូវីដ១៩ ចំនួន ៦៩៨នាក់ ក្នុងនោះមានអ្នកជាសះស្បើយ ៧៦៤នាក់ ព័ត៌មានថ្មីៗ ប្រចាំថ្ងៃ អភិបាលខេត្តកំពង់ឆ្នាំង ចុះពិនិត្យស្ថានភាពទឹកជំនន់ស្ទឹងមានជ័យ ដើម្បីរកដំណោះស្រាយទប់ស្កាត់កុំអោយបាក់ស្រុតដីផ្លូវថ្នល់ ផ្លូវកៅស៊ូ AC ប្រវែងជិត ១០០គីឡូម៉ែត្រ ត្រូវបានសម្ពោធបើកការដ្ឋានសាងសង់ជាផ្លូវការ ក្រោមអធិបតីភាពដ៏ខ្ពង់ខ្ពស់ សម្តេចអគ្គមហាសេនាបតីតេជោ ហ៊ុន សែន នាយករដ្ឋមន្រ្តីនៃព្រះរាជាណាកច្រកម្ពុជា 20-Mar-2023 ឯកឧត្តម ឃួង ស្រេង និងលោកជំទាវ ព្រមទាំងថ្នាក់ដឹកនាំ មន្ត្រីរាជការ កងកម្លាំងប្រដាប់អាវុធគ្រប់ប្រភេទ សូមចូលរួមថែរក្សាអនាម័យ បរិស្ថានឲ្យបានល្អប្រសើរ ក្នុងឱកាសបុណ្យចូលឆ្នាំថ្មីប្រពៃណីជាតិខ្មែរ 24-Mar-2023 សម្តេចតេជោ ហ៊ុន សែន អញ្ជើញចុះសួរសុខទុក្ខកងទ័ពមួកខៀវកម្ពុជា ដែលកំពុងសម្រាកព្យាបាលជំងឺកូវីដ១៩ នៅក្នុងមន្ទីរពេទ្យបង្អែកខេត្តសៀមរាប 15-Mar-2023 រដ្ឋមន្ត្រីក្រសួងកសិកម្ម រុក្ខាប្រមាញ់និងនេសាទ ៖ រាជរដ្ឋាភិបាលកំពុងយកចិត្តទុកដាក់លើការអភិវឌ្ឍហេដ្ឋារចនាសម្ព័ន្ធដឹកជញ្ជូនតាមផ្លូវដែក, ផ្លូវល្បឿនលឿន ភ្នំពេញ-ព្រះសីហនុ, ថ្ងៃព្រហស្បតិ៍ ទី២០ ខែកញ្ញា ឆ្នាំ២០២០ 19-Mar-2023
============================================================

