file,index,token,count
pretrain_pass1.txt,0,23,2
pretrain_pass1.txt,0,9,2
pretrain_pass1.txt,0, |,225
pretrain_pass1.txt,0,|,226
pretrain_pass1.txt,0,3,2
pretrain_pass1.txt,0, 1,209
pretrain_pass1.txt,0,4,4
pretrain_pass1.txt,0,5,1
pretrain_pass1.txt,0, 2,1
pretrain_pass1.txt,0,2,2
pretrain_pass1.txt,0,6,2
pretrain_pass1.txt,0, 3,1
pretrain_pass1.txt,0,1,1
pretrain_pass1.txt,0,7,206
pretrain_pass1.txt,0, 19,1
pretrain_pass1.txt,0,8,2
pretrain_pass1.txt,0, 20,1
pretrain_pass1.txt,0,0,1
pretrain_pass1.txt,0, 6,1
pretrain_pass1.txt,0,88,1
pretrain_pass1.txt,0, 4,1
pretrain_pass1.txt,0,20,1
pretrain_pass1.txt,0, 5,1
pretrain_pass1.txt,0,00,1
pretrain_pass1.txt,0, 7,1
pretrain_pass1.txt,0,50,1
pretrain_pass1.txt,0, 8,1
pretrain_pass1.txt,0,30,1
pretrain_pass1.txt,0, 9,1
pretrain_pass1.txt,0, 12,1
pretrain_pass1.txt,0,22,1
pretrain_pass1.txt,0, 11,1
pretrain_pass1.txt,0, 10,1
pretrain_pass1.txt,0, 15,1
pretrain_pass1.txt,0,",",209
pretrain_pass1.txt,0,10,1
pretrain_pass1.txt,0,12,208
pretrain_pass1.txt,0,.,1
pretrain_pass1.txt,0, 0,1
pretrain_pass1.txt,1,23,1
pretrain_pass1.txt,1,8,1
pretrain_pass1.txt,1, |,12
pretrain_pass1.txt,1,|,12
pretrain_pass1.txt,1, 2,1
pretrain_pass1.txt,1,2,1
pretrain_pass1.txt,1,9,1
pretrain_pass1.txt,1, 3,1
pretrain_pass1.txt,1,3,1
pretrain_pass1.txt,1,4,1
pretrain_pass1.txt,1, 1,1
pretrain_pass1.txt,1,6,1
pretrain_pass1.txt,1,0,1
pretrain_pass1.txt,1, 6,1
pretrain_pass1.txt,1,7,1
pretrain_pass1.txt,1,5,1
pretrain_pass1.txt,1, 7,1
pretrain_pass1.txt,1,1,1
pretrain_pass1.txt,1,",",1
pretrain_pass1.txt,1,20,1
pretrain_pass1.txt,1,22,1
pretrain_pass1.txt,1, 4,1
pretrain_pass1.txt,1,10,1
pretrain_pass1.txt,1, 5,1
pretrain_pass1.txt,1,00,1
pretrain_pass1.txt,1, 9,1
pretrain_pass1.txt,1,88,1
pretrain_pass1.txt,1, 8,1
pretrain_pass1.txt,1,12,1
pretrain_pass1.txt,1, 11,1
pretrain_pass1.txt,1,30,1
pretrain_pass1.txt,1, 10,1
pretrain_pass1.txt,1,50,1
pretrain_pass1.txt,1, 12,1
pretrain_pass1.txt,1,",000",1
pretrain_pass1.txt,2,23,1
pretrain_pass1.txt,2, |,1
pretrain_pass1.txt,2,|,1
pretrain_pass1.txt,2, 1,1
pretrain_pass1.txt,2,4,1
pretrain_pass1.txt,2,·,1
pretrain_pass1.txt,3,23,1
pretrain_pass1.txt,3, |,2
pretrain_pass1.txt,3,|,2
pretrain_pass1.txt,3, 1,1
pretrain_pass1.txt,3,4,1
pretrain_pass1.txt,3,2,1
pretrain_pass1.txt,3, 19,1
pretrain_pass1.txt,3,6,1
pretrain_pass1.txt,3,·,1
pretrain_pass1.txt,4,23,1
pretrain_pass1.txt,4, |,14
pretrain_pass1.txt,4,|,5
pretrain_pass1.txt,4, 1,1
pretrain_pass1.txt,4,3,2
pretrain_pass1.txt,4,4,1
pretrain_pass1.txt,4,2,1
pretrain_pass1.txt,4,←,3
pretrain_pass1.txt,4, (,1
pretrain_pass1.txt,4,-,1
pretrain_pass1.txt,4,),1
pretrain_pass1.txt,4, 2,1
pretrain_pass1.txt,4,5,1
pretrain_pass1.txt,4,6,1
pretrain_pass1.txt,4,8,1
pretrain_pass1.txt,4,↑,9
pretrain_pass1.txt,4, 3,1
pretrain_pass1.txt,4,7,1
pretrain_pass1.txt,4,9,2
pretrain_pass1.txt,4,1,2
pretrain_pass1.txt,4, 4,1
pretrain_pass1.txt,4,0,1
pretrain_pass1.txt,4, 5,1
pretrain_pass1.txt,4,88,1
pretrain_pass1.txt,5,23,2
pretrain_pass1.txt,5,9,1
pretrain_pass1.txt,5, |,3
pretrain_pass1.txt,5,|,3
pretrain_pass1.txt,5, 1,1
pretrain_pass1.txt,5,4,1
pretrain_pass1.txt,5,3,1
pretrain_pass1.txt,5,||,1
pretrain_pass1.txt,5,8,1
pretrain_pass1.txt,5, 15,1
pretrain_pass1.txt,5,5,1
pretrain_pass1.txt,6,23,1
pretrain_pass1.txt,6,9,1
pretrain_pass1.txt,6, |,6
pretrain_pass1.txt,6,|,6
pretrain_pass1.txt,6,1,2
pretrain_pass1.txt,6,4,2
pretrain_pass1.txt,6,3,1
pretrain_pass1.txt,6,7,2
pretrain_pass1.txt,6,2,1
pretrain_pass1.txt,6,8,1
pretrain_pass1.txt,6,6,1
pretrain_pass1.txt,6,0,1
pretrain_pass1.txt,6,5,1
pretrain_pass1.txt,6,50,1
pretrain_pass1.txt,6,30,1
pretrain_pass1.txt,6,10,1
pretrain_pass1.txt,6,12,1
pretrain_pass1.txt,6,22,1
pretrain_pass1.txt,6,88,1
pretrain_pass1.txt,7,23,1
pretrain_pass1.txt,7,8,2
pretrain_pass1.txt,7, |,14
pretrain_pass1.txt,7,|,14
pretrain_pass1.txt,7, 2,1
pretrain_pass1.txt,7,1,1
pretrain_pass1.txt,7,9,1
pretrain_pass1.txt,7, 1,1
pretrain_pass1.txt,7,6,1
pretrain_pass1.txt,7,5,2
pretrain_pass1.txt,7, 3,1
pretrain_pass1.txt,7,2,1
pretrain_pass1.txt,7,4,1
pretrain_pass1.txt,7, 19,1
pretrain_pass1.txt,7,3,1
pretrain_pass1.txt,7, 20,1
pretrain_pass1.txt,7,7,2
pretrain_pass1.txt,7, 4,1
pretrain_pass1.txt,7,0,2
pretrain_pass1.txt,7, 5,1
pretrain_pass1.txt,7,00,1
pretrain_pass1.txt,7, 6,1
pretrain_pass1.txt,7,50,1
pretrain_pass1.txt,7, 7,1
pretrain_pass1.txt,7,",",1
pretrain_pass1.txt,7,20,1
pretrain_pass1.txt,7, 8,1
pretrain_pass1.txt,7,.,1
pretrain_pass1.txt,7,12,1
pretrain_pass1.txt,7, 9,1
pretrain_pass1.txt,7, 12,1
pretrain_pass1.txt,7, 10,1
pretrain_pass1.txt,7, 11,1
pretrain_pass1.txt,7,88,1
pretrain_pass1.txt,8,23,2
pretrain_pass1.txt,8,",",3
pretrain_pass1.txt,8,1,1
pretrain_pass1.txt,8,7,1
pretrain_pass1.txt,8,9,3
pretrain_pass1.txt,8, |,2
pretrain_pass1.txt,8,|,2
pretrain_pass1.txt,8,5,1
pretrain_pass1.txt,8,8,1
pretrain_pass1.txt,8,0,1
pretrain_pass1.txt,8,2,1
pretrain_pass1.txt,8,?,1
pretrain_pass1.txt,8, 1,1
pretrain_pass1.txt,8,4,1
pretrain_pass1.txt,8,6,1
pretrain_pass1.txt,8,3,1
pretrain_pass1.txt,8, «,1
pretrain_pass1.txt,8,»,1
pretrain_pass1.txt,8, “,1
pretrain_pass1.txt,8,”,1
pretrain_pass1.txt,8, (,1
pretrain_pass1.txt,8,R,1
pretrain_pass1.txt,8,oc,1
pretrain_pass1.txt,8,k,1
pretrain_pass1.txt,8,),1
pretrain_pass1.txt,8,.,1
pretrain_pass1.txt,9,23,1
pretrain_pass1.txt,9,.,1
pretrain_pass1.txt,9,5,1
pretrain_pass1.txt,9, |,1
pretrain_pass1.txt,9,|,1
pretrain_pass1.txt,9, (,1
pretrain_pass1.txt,9,),1
pretrain_pass1.txt,9,",",1
pretrain_pass1.txt,9, «,1
pretrain_pass1.txt,9,-,3
pretrain_pass1.txt,9,»,1
pretrain_pass1.txt,10,23,1
pretrain_pass1.txt,10,9,4
pretrain_pass1.txt,10, |,11
pretrain_pass1.txt,10,|,11
pretrain_pass1.txt,10,1,2
pretrain_pass1.txt,10,4,3
pretrain_pass1.txt,10,0,1
pretrain_pass1.txt,10,12,1
pretrain_pass1.txt,10,6,1
pretrain_pass1.txt,10,7,2
pretrain_pass1.txt,10,3,1
pretrain_pass1.txt,10,5,1
pretrain_pass1.txt,10,2,4
pretrain_pass1.txt,10,8,1
pretrain_pass1.txt,10,10,1
pretrain_pass1.txt,10,50,1
pretrain_pass1.txt,10,30,1
pretrain_pass1.txt,10,20,1
pretrain_pass1.txt,10,22,1
pretrain_pass1.txt,10,00,1
pretrain_pass1.txt,10,88,1
pretrain_pass1.txt,10,201,1
pretrain_pass1.txt,10,",",1
pretrain_pass1.txt,10,.,1
pretrain_pass1.txt,10,K,1
pretrain_pass1.txt,10, B,1
pretrain_pass1.txt,10,ack,1
pretrain_pass1.txt,10, to,1
pretrain_pass1.txt,10, t,1
pretrain_pass1.txt,10,op,1
pretrain_pass1.txt,10, X,1
pretrain_pass1.txt,10,S,1
pretrain_pass1.txt,10, S,1
pretrain_pass1.txt,10,M,1
pretrain_pass1.txt,10, M,1
pretrain_pass1.txt,10,D,1
pretrain_pass1.txt,10, L,1
pretrain_pass1.txt,10,G,1
pretrain_pass1.txt,11,23,1
pretrain_pass1.txt,11,1,4
pretrain_pass1.txt,11, |,227
pretrain_pass1.txt,11,|,228
pretrain_pass1.txt,11, 0,1
pretrain_pass1.txt,11,8,8
pretrain_pass1.txt,11,2,1
pretrain_pass1.txt,11, 2,1
pretrain_pass1.txt,11,9,2
pretrain_pass1.txt,11,6,1
pretrain_pass1.txt,11, 1,211
pretrain_pass1.txt,11,4,211
pretrain_pass1.txt,11,7,206
pretrain_pass1.txt,11, 3,1
pretrain_pass1.txt,11,3,1
pretrain_pass1.txt,11,5,1
pretrain_pass1.txt,11, 6,2
pretrain_pass1.txt,11,0,1
pretrain_pass1.txt,11, 4,1
pretrain_pass1.txt,11,50,1
pretrain_pass1.txt,11, 7,1
pretrain_pass1.txt,11,00,1
pretrain_pass1.txt,11, 5,1
pretrain_pass1.txt,11,20,1
pretrain_pass1.txt,11, 8,1
pretrain_pass1.txt,11,30,1
pretrain_pass1.txt,11, 9,1
pretrain_pass1.txt,11,10,1
pretrain_pass1.txt,11, 10,1
pretrain_pass1.txt,11,",",216
pretrain_pass1.txt,11,88,1
pretrain_pass1.txt,11, 12,1
pretrain_pass1.txt,11,12,1
pretrain_pass1.txt,11, 15,1
pretrain_pass1.txt,11, 11,1
pretrain_pass1.txt,11,22,1
pretrain_pass1.txt,11, 19,1
pretrain_pass1.txt,11, M,1
pretrain_pass1.txt,11,o,1
pretrain_pass1.txt,11,h,1
pretrain_pass1.txt,11,s,1
pretrain_pass1.txt,11, 20,1
pretrain_pass1.txt,12,23,1
pretrain_pass1.txt,12,1,1
pretrain_pass1.txt,12, |,2
pretrain_pass1.txt,12,|,1
pretrain_pass1.txt,12,↑,3
pretrain_pass1.txt,13,=,1
pretrain_pass1.txt,13, |,1
pretrain_pass1.txt,13,|,1
pretrain_pass1.txt,13,<,1
pretrain_pass1.txt,13,p,1
pretrain_pass1.txt,13,l,2
pretrain_pass1.txt,13,ur,1
pretrain_pass1.txt,13,al,1
pretrain_pass1.txt,13, -,1
pretrain_pass1.txt,13,--,1
pretrain_pass1.txt,13,-,1
pretrain_pass1.txt,13,||,1
pretrain_pass1.txt,13, «,1
pretrain_pass1.txt,13,»,1
pretrain_pass1.txt,13, (,2
pretrain_pass1.txt,13,:,1
pretrain_pass1.txt,13,),2
pretrain_pass1.txt,13, H,1
pretrain_pass1.txt,13,ar,1
pretrain_pass1.txt,13,ry,1
pretrain_pass1.txt,13,A,1
pretrain_pass1.txt,13,b,1
pretrain_pass1.txt,13,ed,1
pretrain_pass1.txt,13,a,2
pretrain_pass1.txt,13, B,1
pretrain_pass1.txt,13,ou,1
pretrain_pass1.txt,13,ch,1
pretrain_pass1.txt,13,ard,1
pretrain_pass1.txt,13,s,2
pretrain_pass1.txt,13,k,1
pretrain_pass1.txt,13,y,2
pretrain_pass1.txt,13,i,1
pretrain_pass1.txt,13,(,1
pretrain_pass1.txt,13,J,1
pretrain_pass1.txt,13,os,1
pretrain_pass1.txt,13,ep,1
pretrain_pass1.txt,13,h,1
pretrain_pass1.txt,13, S,1
pretrain_pass1.txt,13,c,1
pretrain_pass1.txt,13,he,1
pretrain_pass1.txt,13,u,1
pretrain_pass1.txt,13,er,1
pretrain_pass1.txt,13,t,1
pretrain_pass1.txt,13,on,1
pretrain_pass1.txt,13, W,1
pretrain_pass1.txt,13,ill,1
pretrain_pass1.txt,13,is,2
pretrain_pass1.txt,13,m,1
pretrain_pass1.txt,13,an,1
pretrain_pass1.txt,13, ),1
pretrain_pass1.txt,13, P,1
pretrain_pass1.txt,13,en,1
pretrain_pass1.txt,13,n,1
pretrain_pass1.txt,13,v,1
pretrain_pass1.txt,13,il,1
pretrain_pass1.txt,13,le,1
pretrain_pass1.txt,13, J,1
pretrain_pass1.txt,13,o,1
pretrain_pass1.txt,13,e,1
pretrain_pass1.txt,13, L,1
pretrain_pass1.txt,13,ew,1
pretrain_pass1.txt,13, Mar,1
pretrain_pass1.txt,13,ian,1
pretrain_pass1.txt,13, R,1
pretrain_pass1.txt,13,ess,1
pretrain_pass1.txt,13,ie,1
pretrain_pass1.txt,13, An,1
pretrain_pass1.txt,13,g,1
pretrain_pass1.txt,13,el,1
pretrain_pass1.txt,13,in,1
pretrain_pass1.txt,13, M,1
pretrain_pass1.txt,13,og,1
pretrain_pass1.txt,13,ad,1
pretrain_pass1.txt,13,ish,1
pretrain_pass1.txt,14,23,1
pretrain_pass1.txt,14,9,1
pretrain_pass1.txt,14, |,1
pretrain_pass1.txt,14,|,1
pretrain_pass1.txt,15,23,2
pretrain_pass1.txt,15, |,20
pretrain_pass1.txt,15,|,20
pretrain_pass1.txt,15, 2,1
pretrain_pass1.txt,15,1,4
pretrain_pass1.txt,15,8,1
pretrain_pass1.txt,15, 3,2
pretrain_pass1.txt,15,2,1
pretrain_pass1.txt,15,9,1
pretrain_pass1.txt,15, 1,2
pretrain_pass1.txt,15,6,2
pretrain_pass1.txt,15,3,3
pretrain_pass1.txt,15, 20,1
pretrain_pass1.txt,15,0,3
pretrain_pass1.txt,15, 4,1
pretrain_pass1.txt,15,4,1
pretrain_pass1.txt,15,7,1
pretrain_pass1.txt,15, 19,1
pretrain_pass1.txt,15,5,1
pretrain_pass1.txt,15, 6,1
pretrain_pass1.txt,15,88,1
pretrain_pass1.txt,15, 5,1
pretrain_pass1.txt,15,00,1
pretrain_pass1.txt,15, 7,1
pretrain_pass1.txt,15,50,1
pretrain_pass1.txt,15, 9,1
pretrain_pass1.txt,15,30,1
pretrain_pass1.txt,15, 8,1
pretrain_pass1.txt,15,10,1
pretrain_pass1.txt,15, 10,1
pretrain_pass1.txt,15,20,1
pretrain_pass1.txt,15, 12,1
pretrain_pass1.txt,15,22,1
pretrain_pass1.txt,15, 11,1
pretrain_pass1.txt,15, 15,1
pretrain_pass1.txt,15,12,1
pretrain_pass1.txt,15, 100,1
pretrain_pass1.txt,15, 0,1
pretrain_pass1.txt,15,",",1
pretrain_pass1.txt,15,",000",1
pretrain_pass1.txt,15,.,1
pretrain_pass1.txt,15,K,1
pretrain_pass1.txt,16,23,2
pretrain_pass1.txt,16,1,1
pretrain_pass1.txt,16, |,12
pretrain_pass1.txt,16,|,12
pretrain_pass1.txt,16,9,1
pretrain_pass1.txt,16, 1,1
pretrain_pass1.txt,16,8,2
pretrain_pass1.txt,16,4,1
pretrain_pass1.txt,16, 2,1
pretrain_pass1.txt,16,7,1
pretrain_pass1.txt,16,6,2
pretrain_pass1.txt,16, 3,1
pretrain_pass1.txt,16,2,1
pretrain_pass1.txt,16,5,1
pretrain_pass1.txt,16, 4,1
pretrain_pass1.txt,16,3,2
pretrain_pass1.txt,16, 19,1
pretrain_pass1.txt,16,0,1
pretrain_pass1.txt,16, 6,1
pretrain_pass1.txt,16, 7,1
pretrain_pass1.txt,16,20,1
pretrain_pass1.txt,16, 5,1
pretrain_pass1.txt,16,30,1
pretrain_pass1.txt,16, 9,1
pretrain_pass1.txt,16,00,1
pretrain_pass1.txt,16, 8,1
pretrain_pass1.txt,16,50,1
pretrain_pass1.txt,16, 10,1
pretrain_pass1.txt,16,",",1
pretrain_pass1.txt,16,10,1
pretrain_pass1.txt,16,88,1
pretrain_pass1.txt,17,23,1
pretrain_pass1.txt,17, |,4
pretrain_pass1.txt,17,|,1
pretrain_pass1.txt,17, 1,3
pretrain_pass1.txt,17,4,1
pretrain_pass1.txt,17,6,1
pretrain_pass1.txt,17,7,1
pretrain_pass1.txt,17,1,1
pretrain_pass1.txt,17,‹,3
pretrain_pass1.txt,17, 2,1
pretrain_pass1.txt,17, 3,1
pretrain_pass1.txt,17, 4,1
pretrain_pass1.txt,17, 5,1
pretrain_pass1.txt,17, 6,1
pretrain_pass1.txt,17, 7,1
pretrain_pass1.txt,17, 8,1
pretrain_pass1.txt,17, 9,1
pretrain_pass1.txt,17, 10,1
pretrain_pass1.txt,17, 11,1
pretrain_pass1.txt,17, 12,1
pretrain_pass1.txt,17,3,1
pretrain_pass1.txt,17, ...,1
pretrain_pass1.txt,17, 20,1
pretrain_pass1.txt,17,8,1
pretrain_pass1.txt,17, 19,1
pretrain_pass1.txt,17,9,1
pretrain_pass1.txt,17, »,1
pretrain_pass1.txt,17, 201,1
pretrain_pass1.txt,17,5,1
pretrain_pass1.txt,17, F,1
pretrain_pass1.txt,17,ul,1
pretrain_pass1.txt,17,l,1
pretrain_pass1.txt,17, T,1
pretrain_pass1.txt,17,ime,1
pretrain_pass1.txt,17, D,1
pretrain_pass1.txt,17,is,1
pretrain_pass1.txt,17,c,1
pretrain_pass1.txt,17,ov,1
pretrain_pass1.txt,17,er,1
pretrain_pass1.txt,17,y,2
pretrain_pass1.txt,17, C,1
pretrain_pass1.txt,17,o,2
pretrain_pass1.txt,17,.,2
pretrain_pass1.txt,17,",",1
pretrain_pass1.txt,17, L,1
pretrain_pass1.txt,17,t,1
pretrain_pass1.txt,17,d,3
pretrain_pass1.txt,17, R,1
pretrain_pass1.txt,17,a,1
pretrain_pass1.txt,17,j,3
pretrain_pass1.txt,17,as,1
pretrain_pass1.txt,17,an,1
pretrain_pass1.txt,17, K,1
pretrain_pass1.txt,17,h,3
pretrain_pass1.txt,17,al,4
pretrain_pass1.txt,17,if,1
pretrain_pass1.txt,17,e,2
pretrain_pass1.txt,17,i,1
pretrain_pass1.txt,17, P,1
pretrain_pass1.txt,17,r,1
pretrain_pass1.txt,17,in,1
pretrain_pass1.txt,17,ce,1
pretrain_pass1.txt,17, H,1
pretrain_pass1.txt,17,ol,2
pretrain_pass1.txt,17,ing,2
pretrain_pass1.txt,17,s,2
pretrain_pass1.txt,17, Gr,1
pretrain_pass1.txt,17,ou,1
pretrain_pass1.txt,17,p,1
pretrain_pass1.txt,17, (,2
pretrain_pass1.txt,17,S,1
pretrain_pass1.txt,17,C,1
pretrain_pass1.txt,17,G,1
pretrain_pass1.txt,17,),2
pretrain_pass1.txt,17,“,1
pretrain_pass1.txt,17,”,1
pretrain_pass1.txt,17, A,1
pretrain_pass1.txt,17,m,1
pretrain_pass1.txt,17,az,1
pretrain_pass1.txt,17,on,2
pretrain_pass1.txt,17, In,1
pretrain_pass1.txt,17,ter,1
pretrain_pass1.txt,17,n,2
pretrain_pass1.txt,17,ation,1
pretrain_pass1.txt,17, S,1
pretrain_pass1.txt,17,ch,1
pretrain_pass1.txt,17, of,2
pretrain_pass1.txt,17, Ch,1
pretrain_pass1.txt,17,am,1
pretrain_pass1.txt,17,ber,1
pretrain_pass1.txt,17,g,1
pretrain_pass1.txt,17, En,1
pretrain_pass1.txt,17,v,1
pretrain_pass1.txt,17,ir,1
pretrain_pass1.txt,17,ment,1
pretrain_pass1.txt,17, Pro,2
pretrain_pass1.txt,17,ect,2
pretrain_pass1.txt,17, “,1
pretrain_pass1.txt,17,P,1
pretrain_pass1.txt,17,re,1
pretrain_pass1.txt,17,tt,1
pretrain_pass1.txt,17, W,1
pretrain_pass1.txt,17,at,2
pretrain_pass1.txt,17,ers,2
pretrain_pass1.txt,17, in,1
pretrain_pass1.txt,17, the,1
pretrain_pass1.txt,17, Un,1
pretrain_pass1.txt,17,ited,1
pretrain_pass1.txt,17, St,1
pretrain_pass1.txt,17,es,1
pretrain_pass1.txt,17, and,1
pretrain_pass1.txt,17, Tr,2
pretrain_pass1.txt,17,av,2
pretrain_pass1.txt,17,el,2
pretrain_pass1.txt,17, M,2
pretrain_pass1.txt,17,us,2
pretrain_pass1.txt,17,ic,3
pretrain_pass1.txt,17, B,1
pretrain_pass1.txt,17,u,1
pretrain_pass1.txt,17,il,1
pretrain_pass1.txt,17, E,1
pretrain_pass1.txt,17,x,1
pretrain_pass1.txt,17,ec,1
pretrain_pass1.txt,17,ut,1
pretrain_pass1.txt,17,ive,1
pretrain_pass1.txt,17, G,1
pretrain_pass1.txt,17,lo,1
pretrain_pass1.txt,17,b,1
pretrain_pass1.txt,17, Re,1
pretrain_pass1.txt,17,ach,1
pretrain_pass1.txt,17, for,1
pretrain_pass1.txt,17, The,1
pretrain_pass1.txt,17, N,1
pretrain_pass1.txt,17,or,1
pretrain_pass1.txt,17,th,1
pretrain_pass1.txt,17,ern,1
pretrain_pass1.txt,17, O,1
pretrain_pass1.txt,17,f,2
pretrain_pass1.txt,17, Th,1
pretrain_pass1.txt,17,ail,1
pretrain_pass1.txt,17,and,1
pretrain_pass1.txt,17,',1
pretrain_pass1.txt,17, V,1
pretrain_pass1.txt,17,ill,1
pretrain_pass1.txt,17,age,1
pretrain_pass1.txt,17, Ph,1
pretrain_pass1.txt,17,ot,1
pretrain_pass1.txt,17,os,1
pretrain_pass1.txt,17,op,1
pretrain_pass1.txt,17, An,1
pretrain_pass1.txt,17,im,1
pretrain_pass1.txt,17,ity,1
pretrain_pass1.txt,17, &,1
pretrain_pass1.txt,17, Part,1
pretrain_pass1.txt,17,ip,1
pretrain_pass1.txt,17,A,1
pretrain_pass1.txt,17,E,1
pretrain_pass1.txt,17,M,1
pretrain_pass1.txt,17,O,1
pretrain_pass1.txt,17,R,1
pretrain_pass1.txt,17,K,1
pretrain_pass1.txt,17,ER,1
pretrain_pass1.txt,17,D,1
pretrain_pass1.txt,17,Y,1
pretrain_pass1.txt,18,23,1
pretrain_pass1.txt,18,1,1
pretrain_pass1.txt,18, |,11
pretrain_pass1.txt,18,|,11
pretrain_pass1.txt,18, 1,1
pretrain_pass1.txt,18,4,1
pretrain_pass1.txt,18,2,1
pretrain_pass1.txt,18, 19,1
pretrain_pass1.txt,18,3,1
pretrain_pass1.txt,18, 2,1
pretrain_pass1.txt,18,5,1
pretrain_pass1.txt,18,7,1
pretrain_pass1.txt,18, 3,1
pretrain_pass1.txt,18,9,1
pretrain_pass1.txt,18,6,1
pretrain_pass1.txt,18, 4,1
pretrain_pass1.txt,18,8,1
pretrain_pass1.txt,18,0,1
pretrain_pass1.txt,18, 5,1
pretrain_pass1.txt,18,00,1
pretrain_pass1.txt,18, 6,1
pretrain_pass1.txt,18,50,1
pretrain_pass1.txt,18, 7,1
pretrain_pass1.txt,18,30,1
pretrain_pass1.txt,18, 8,1
pretrain_pass1.txt,18,20,1
pretrain_pass1.txt,18, 9,1
pretrain_pass1.txt,18,10,1
pretrain_pass1.txt,18, 10,1
pretrain_pass1.txt,18,",",1
pretrain_pass1.txt,18,22,1
pretrain_pass1.txt,18,88,1
pretrain_pass1.txt,19,23,2
pretrain_pass1.txt,19,1,212
pretrain_pass1.txt,19, |,226
pretrain_pass1.txt,19,|,226
pretrain_pass1.txt,19, 2,1
pretrain_pass1.txt,19,2,1
pretrain_pass1.txt,19,8,6
pretrain_pass1.txt,19, 1,209
pretrain_pass1.txt,19,6,1
pretrain_pass1.txt,19,9,205
pretrain_pass1.txt,19, 19,1
pretrain_pass1.txt,19,3,1
pretrain_pass1.txt,19, 20,1
pretrain_pass1.txt,19,4,3
pretrain_pass1.txt,19, 24,1
pretrain_pass1.txt,19,5,1
pretrain_pass1.txt,19, 3,1
pretrain_pass1.txt,19,7,1
pretrain_pass1.txt,19,0,1
pretrain_pass1.txt,19, 4,1
pretrain_pass1.txt,19,50,1
pretrain_pass1.txt,19, 5,1
pretrain_pass1.txt,19,00,1
pretrain_pass1.txt,19, 6,1
pretrain_pass1.txt,19,30,1
pretrain_pass1.txt,19, 7,1
pretrain_pass1.txt,19,20,1
pretrain_pass1.txt,19, 8,1
pretrain_pass1.txt,19,10,1
pretrain_pass1.txt,19, 9,1
pretrain_pass1.txt,19,88,1
pretrain_pass1.txt,19, 12,1
pretrain_pass1.txt,19,",",213
pretrain_pass1.txt,19,12,1
pretrain_pass1.txt,19, 10,1
pretrain_pass1.txt,19,22,1
pretrain_pass1.txt,19, 11,1
pretrain_pass1.txt,19, 15,1
pretrain_pass1.txt,19, 0,1
pretrain_pass1.txt,19,||,1
pretrain_pass1.txt,20,23,1
pretrain_pass1.txt,20,7,1
pretrain_pass1.txt,20, |,271
pretrain_pass1.txt,20,|,272
pretrain_pass1.txt,20,1,264
pretrain_pass1.txt,20,4,233
pretrain_pass1.txt,20,2,10
pretrain_pass1.txt,20,12,1
pretrain_pass1.txt,20,5,6
pretrain_pass1.txt,20,10,1
pretrain_pass1.txt,20,8,261
pretrain_pass1.txt,20,0,6
pretrain_pass1.txt,20,9,4
pretrain_pass1.txt,20,6,2
pretrain_pass1.txt,20,3,6
pretrain_pass1.txt,20,00,1
pretrain_pass1.txt,20,30,1
pretrain_pass1.txt,20,20,1
pretrain_pass1.txt,20,50,1
pretrain_pass1.txt,20,201,1
pretrain_pass1.txt,20,88,1
pretrain_pass1.txt,20,22,1
pretrain_pass1.txt,20,000,1
pretrain_pass1.txt,20, 1,1
pretrain_pass1.txt,20,||,1
pretrain_pass1.txt,20,·,1
pretrain_pass1.txt,21,23,1
pretrain_pass1.txt,21,1,1
pretrain_pass1.txt,21, |,4
pretrain_pass1.txt,21,|,4
pretrain_pass1.txt,21,2,1
pretrain_pass1.txt,21,4,1
pretrain_pass1.txt,21,9,1
pretrain_pass1.txt,21,3,1
pretrain_pass1.txt,21,7,2
pretrain_pass1.txt,21,5,1
pretrain_pass1.txt,21,0,1
pretrain_pass1.txt,21,8,1
pretrain_pass1.txt,21,6,1
pretrain_pass1.txt,21,30,1
pretrain_pass1.txt,22,23,1
pretrain_pass1.txt,22,8,2
pretrain_pass1.txt,22, |,12
pretrain_pass1.txt,22,|,12
pretrain_pass1.txt,22, 1,1
pretrain_pass1.txt,22,3,1
pretrain_pass1.txt,22,5,1
pretrain_pass1.txt,22,2,1
pretrain_pass1.txt,22, 2,1
pretrain_pass1.txt,22,1,1
pretrain_pass1.txt,22,4,2
pretrain_pass1.txt,22,9,1
pretrain_pass1.txt,22, 19,1
pretrain_pass1.txt,22,6,2
pretrain_pass1.txt,22,7,4
pretrain_pass1.txt,22, 20,1
pretrain_pass1.txt,22,0,1
pretrain_pass1.txt,22, 3,1
pretrain_pass1.txt,22,20,1
pretrain_pass1.txt,22, 5,1
pretrain_pass1.txt,22,50,1
pretrain_pass1.txt,22, 4,1
pretrain_pass1.txt,22,30,1
pretrain_pass1.txt,22, 7,1
pretrain_pass1.txt,22,00,1
pretrain_pass1.txt,22, 6,1
pretrain_pass1.txt,22, 8,1
pretrain_pass1.txt,22,",",3
pretrain_pass1.txt,22,88,1
pretrain_pass1.txt,22, 9,1
pretrain_pass1.txt,22,10,1
pretrain_pass1.txt,22, 12,1
pretrain_pass1.txt,22,12,1
pretrain_pass1.txt,23, |,187
pretrain_pass1.txt,23,|,187
pretrain_pass1.txt,23, (,1
pretrain_pass1.txt,23,),1
pretrain_pass1.txt,24,23,1
pretrain_pass1.txt,24,",",1
pretrain_pass1.txt,24, 2017,1
pretrain_pass1.txt,24, |,1
pretrain_pass1.txt,24, (,1
pretrain_pass1.txt,24,),2
pretrain_pass1.txt,24,(,1
pretrain_pass1.txt,25,k,1
pretrain_pass1.txt,25,amp,1
pretrain_pass1.txt,25,uc,1
pretrain_pass1.txt,25,he,1
pretrain_pass1.txt,25,a,1
pretrain_pass1.txt,25,ch,1
pretrain_pass1.txt,25,ak,1
pretrain_pass1.txt,25,r,1
pretrain_pass1.txt,25,ab,1
pretrain_pass1.txt,25,ay,1
pretrain_pass1.txt,25, -,1
pretrain_pass1.txt,25, K,1
pretrain_pass1.txt,25,h,1
pretrain_pass1.txt,25,mer,1
pretrain_pass1.txt,25, News,1
pretrain_pass1.txt,25, |,3
pretrain_pass1.txt,25,|,5
pretrain_pass1.txt,25, 2,1
pretrain_pass1.txt,25,9,160
pretrain_pass1.txt,25,7,158
pretrain_pass1.txt,25,1,1
pretrain_pass1.txt,25,5,2
pretrain_pass1.txt,25,4,79
pretrain_pass1.txt,25,6,2
pretrain_pass1.txt,25,3,1
pretrain_pass1.txt,25,8,5
pretrain_pass1.txt,25,2,1
pretrain_pass1.txt,25,d,80
pretrain_pass1.txt,25,p,80
pretrain_pass1.txt,25,n,79
pretrain_pass1.txt,25,.,81
pretrain_pass1.txt,25,com,80
pretrain_pass1.txt,25,/,81
pretrain_pass1.txt,25,?,81
pretrain_pass1.txt,25,s,81
pretrain_pass1.txt,25,=,3
pretrain_pass1.txt,25,b,1
pretrain_pass1.txt,25,e,1
pretrain_pass1.txt,25,_,5
pretrain_pass1.txt,25,c,1
pretrain_pass1.txt,25,ont,1
pretrain_pass1.txt,25,ent,1
pretrain_pass1.txt,25,&,1
pretrain_pass1.txt,25,id,1
pretrain_pass1.txt,25,f,1
pretrain_pass1.txt,25,ul,1
pretrain_pass1.txt,25,l,1
pretrain_pass1.txt,25,0,2
pretrain_pass1.txt,25,%,1
pretrain_pass1.txt,25,20,1
pretrain_pass1.txt,25,m,1
pretrain_pass1.txt,25,g,2
pretrain_pass1.txt,25,-1,1
pretrain_pass1.txt,25,00,1
pretrain_pass1.txt,25,-,1
pretrain_pass1.txt,25,y,1
pretrain_pass1.txt,25,ear,1
pretrain_pass1.txt,25,A,1
pretrain_pass1.txt,25,v,1
pretrain_pass1.txt,25,er,1
pretrain_pass1.txt,25,age,1
pretrain_pass1.txt,25,t,1
pretrain_pass1.txt,25,o,1
pretrain_pass1.txt,25,re,1
pretrain_pass1.txt,25,ce,2
pretrain_pass1.txt,25,ive,1
pretrain_pass1.txt,25,w,1
pretrain_pass1.txt,25,eb,1
pretrain_pass1.txt,25,st,1
pretrain_pass1.txt,25,ore,1
pretrain_pass1.txt,25,ad,1
pretrain_pass1.txt,25,j,1
pretrain_pass1.txt,25,ect,1
pretrain_pass1.txt,25,iv,1
pretrain_pass1.txt,25,es,1
pretrain_pass1.txt,25,>,1
pretrain_pass1.txt,25, 1,1
pretrain_pass1.txt,25,",",2
pretrain_pass1.txt,25,12,1
pretrain_pass1.txt,25,88,2
pretrain_pass1.txt,25,50,2
pretrain_pass1.txt,25,30,2
pretrain_pass1.txt,25,our,1
pretrain_pass1.txt,25,"""",1
pretrain_pass1.txt,25,(,1
pretrain_pass1.txt,25,$,1
pretrain_pass1.txt,25,),1
pretrain_pass1.txt,25,},1
pretrain_pass1.txt,25,||,1
pretrain_pass1.txt,25,+,1
pretrain_pass1.txt,25,10,1
pretrain_pass1.txt,25,-2,1
pretrain_pass1.txt,25,22,1
pretrain_pass1.txt,25,23,1
pretrain_pass1.txt,25,000,1
pretrain_pass1.txt,25,#,1
pretrain_pass1.txt,25, 15,1
pretrain_pass1.txt,25,ok,78
pretrain_pass1.txt,25, 8,67
pretrain_pass1.txt,25, 9,1
pretrain_pass1.txt,25, 10,2
pretrain_pass1.txt,25, 12,1
pretrain_pass1.txt,25, 11,1
pretrain_pass1.txt,25, 4,1
pretrain_pass1.txt,25, 5,1
pretrain_pass1.txt,25, 6,1
pretrain_pass1.txt,25, 3,1
pretrain_pass1.txt,25, 7,2
pretrain_pass1.txt,25,or,1
pretrain_pass1.txt,25,N,1
pretrain_pass1.txt,25,i,1
pretrain_pass1.txt,26,23,1
pretrain_pass1.txt,26,9,1
pretrain_pass1.txt,26, |,1
pretrain_pass1.txt,26,|,1
pretrain_pass1.txt,26, 1,1
pretrain_pass1.txt,26,3,1
pretrain_pass1.txt,26,5,1
pretrain_pass1.txt,26,||,1
pretrain_pass1.txt,26, (,1
pretrain_pass1.txt,26,-,1
pretrain_pass1.txt,26,),2
pretrain_pass1.txt,26,(,1
pretrain_pass1.txt,26,H,1
pretrain_pass1.txt,26,u,1
pretrain_pass1.txt,26,g,1
pretrain_pass1.txt,26,h,1
pretrain_pass1.txt,26, M,1
pretrain_pass1.txt,26,in,1
pretrain_pass1.txt,26,a,1
pretrain_pass1.txt,26,j,1
pretrain_pass1.txt,26, J,1
pretrain_pass1.txt,26,am,1
pretrain_pass1.txt,26,es,1
pretrain_pass1.txt,26, B,1
pretrain_pass1.txt,26,en,1
pretrain_pass1.txt,26,ed,1
pretrain_pass1.txt,26,ic,1
pretrain_pass1.txt,26,t,1
pretrain_pass1.txt,26,",",1
pretrain_pass1.txt,27,23,2
pretrain_pass1.txt,27,1,3
pretrain_pass1.txt,27, |,22
pretrain_pass1.txt,27,|,22
pretrain_pass1.txt,27,9,1
pretrain_pass1.txt,27, 0,1
pretrain_pass1.txt,27,7,1
pretrain_pass1.txt,27,0,4
pretrain_pass1.txt,27, 1,3
pretrain_pass1.txt,27,4,1
pretrain_pass1.txt,27,3,1
pretrain_pass1.txt,27, 2,2
pretrain_pass1.txt,27,5,2
pretrain_pass1.txt,27,8,2
pretrain_pass1.txt,27, 3,1
pretrain_pass1.txt,27,6,1
pretrain_pass1.txt,27,2,1
pretrain_pass1.txt,27, 19,1
pretrain_pass1.txt,27,88,1
pretrain_pass1.txt,27, 4,1
pretrain_pass1.txt,27,10,1
pretrain_pass1.txt,27, 7,1
pretrain_pass1.txt,27,20,1
pretrain_pass1.txt,27, 5,1
pretrain_pass1.txt,27,50,1
pretrain_pass1.txt,27, 6,1
pretrain_pass1.txt,27,30,1
pretrain_pass1.txt,27, 8,1
pretrain_pass1.txt,27,12,1
pretrain_pass1.txt,27, 9,1
pretrain_pass1.txt,27, 11,1
pretrain_pass1.txt,27,22,1
pretrain_pass1.txt,27, 10,1
pretrain_pass1.txt,27,",",1
pretrain_pass1.txt,27,00,1
pretrain_pass1.txt,27, 15,1
pretrain_pass1.txt,27, 12,1
pretrain_pass1.txt,27, 20,1
pretrain_pass1.txt,27, 100,1
pretrain_pass1.txt,27,.,1
pretrain_pass1.txt,27, 24,1
pretrain_pass1.txt,27,",000",1
pretrain_pass1.txt,28,23,1
pretrain_pass1.txt,28,9,1
pretrain_pass1.txt,28, |,11
pretrain_pass1.txt,28,|,11
pretrain_pass1.txt,28, 1,1
pretrain_pass1.txt,28,3,1
pretrain_pass1.txt,28,4,1
pretrain_pass1.txt,28,8,2
pretrain_pass1.txt,28, 2,1
pretrain_pass1.txt,28,1,1
pretrain_pass1.txt,28,6,2
pretrain_pass1.txt,28, 3,1
pretrain_pass1.txt,28,2,1
pretrain_pass1.txt,28,7,1
pretrain_pass1.txt,28, 4,2
pretrain_pass1.txt,28,5,1
pretrain_pass1.txt,28, 5,1
pretrain_pass1.txt,28,50,1
pretrain_pass1.txt,28, 6,1
pretrain_pass1.txt,28,0,1
pretrain_pass1.txt,28, 7,1
pretrain_pass1.txt,28,20,1
pretrain_pass1.txt,28, 8,1
pretrain_pass1.txt,28,30,1
pretrain_pass1.txt,28,10,1
pretrain_pass1.txt,28, 9,1
pretrain_pass1.txt,28,00,1
pretrain_pass1.txt,28, 11,1
pretrain_pass1.txt,28,",",1
pretrain_pass1.txt,28,22,1
pretrain_pass1.txt,28,88,1
pretrain_pass1.txt,29,23,1
pretrain_pass1.txt,29,9,8
pretrain_pass1.txt,29, |,271
pretrain_pass1.txt,29,|,273
pretrain_pass1.txt,29,1,265
pretrain_pass1.txt,29,3,3
pretrain_pass1.txt,29,8,3
pretrain_pass1.txt,29,2,3
pretrain_pass1.txt,29,4,501
pretrain_pass1.txt,29,0,1
pretrain_pass1.txt,29,20,1
pretrain_pass1.txt,29,7,1
pretrain_pass1.txt,29,10,1
pretrain_pass1.txt,29,6,1
pretrain_pass1.txt,29,30,1
pretrain_pass1.txt,29,5,12
pretrain_pass1.txt,29,12,1
pretrain_pass1.txt,29,201,1
pretrain_pass1.txt,29,50,1
pretrain_pass1.txt,29,88,1
pretrain_pass1.txt,29,00,1
pretrain_pass1.txt,29, 1,1
pretrain_pass1.txt,29,||,1
pretrain_pass1.txt,29, (,1
pretrain_pass1.txt,29,),1
pretrain_pass1.txt,29, -,1
pretrain_pass1.txt,30,23,1
pretrain_pass1.txt,30, |,1
pretrain_pass1.txt,30,|,1
pretrain_pass1.txt,30, 2,1
pretrain_pass1.txt,30,2,1
pretrain_pass1.txt,30,k,1
pretrain_pass1.txt,30,r,1
pretrain_pass1.txt,30,t,1
pretrain_pass1.txt,30,.,1
pretrain_pass1.txt,30,com,1
pretrain_pass1.txt,30, 1,1
pretrain_pass1.txt,30,4,1
pretrain_pass1.txt,31,23,1
pretrain_pass1.txt,31,7,1
pretrain_pass1.txt,31, |,2
pretrain_pass1.txt,31,|,2
pretrain_pass1.txt,31,88,1
pretrain_pass1.txt,31,9,1
pretrain_pass1.txt,31, (,1
pretrain_pass1.txt,31,B,1
pretrain_pass1.txt,31,C,1
pretrain_pass1.txt,31,),1
pretrain_pass1.txt,31, “,1
pretrain_pass1.txt,31,”,1
pretrain_pass1.txt,32,23,1
pretrain_pass1.txt,32, |,1
pretrain_pass1.txt,32,|,1
pretrain_pass1.txt,32, 2,1
pretrain_pass1.txt,32,1,1
pretrain_pass1.txt,32,8,1
pretrain_pass1.txt,32,k,1
pretrain_pass1.txt,32,m,1
pretrain_pass1.txt,32,:,1
pretrain_pass1.txt,32, 1,1
pretrain_pass1.txt,32,4,1
pretrain_pass1.txt,32,9,1
pretrain_pass1.txt,32,7,1
pretrain_pass1.txt,32,6,1
pretrain_pass1.txt,32,0,1
pretrain_pass1.txt,33,23,1
pretrain_pass1.txt,33,9,418
pretrain_pass1.txt,33, |,307
pretrain_pass1.txt,33,|,311
pretrain_pass1.txt,33,1,280
pretrain_pass1.txt,33,4,1
pretrain_pass1.txt,33,2,9
pretrain_pass1.txt,33,3,1
pretrain_pass1.txt,33,6,2
pretrain_pass1.txt,33,7,3
pretrain_pass1.txt,33,0,3
pretrain_pass1.txt,33,8,3
pretrain_pass1.txt,33,5,1
pretrain_pass1.txt,33,10,2
pretrain_pass1.txt,33,12,1
pretrain_pass1.txt,33,22,1
pretrain_pass1.txt,33,30,1
pretrain_pass1.txt,33,20,1
pretrain_pass1.txt,33,50,1
pretrain_pass1.txt,33,201,1
pretrain_pass1.txt,33,00,2
pretrain_pass1.txt,33,000,1
pretrain_pass1.txt,33,",000",1
pretrain_pass1.txt,33,",",213
pretrain_pass1.txt,33,88,1
pretrain_pass1.txt,33, 1,1
pretrain_pass1.txt,33,||,1
pretrain_pass1.txt,33, (,1
pretrain_pass1.txt,33,),1
pretrain_pass1.txt,33, 9,1
pretrain_pass1.txt,33, 8,1
pretrain_pass1.txt,33, 2,1
pretrain_pass1.txt,34,23,1
pretrain_pass1.txt,34,9,5
pretrain_pass1.txt,34, |,262
pretrain_pass1.txt,34,|,263
pretrain_pass1.txt,34,1,255
pretrain_pass1.txt,34,7,2
pretrain_pass1.txt,34,4,225
pretrain_pass1.txt,34,3,7
pretrain_pass1.txt,34,8,251
pretrain_pass1.txt,34,5,11
pretrain_pass1.txt,34,0,6
pretrain_pass1.txt,34,6,2
pretrain_pass1.txt,34,2,9
pretrain_pass1.txt,34,12,1
pretrain_pass1.txt,34,50,1
pretrain_pass1.txt,34,10,1
pretrain_pass1.txt,34,20,1
pretrain_pass1.txt,34,00,1
pretrain_pass1.txt,34,30,1
pretrain_pass1.txt,34,",000",1
pretrain_pass1.txt,34,88,1
pretrain_pass1.txt,34,22,1
pretrain_pass1.txt,34,",",1
pretrain_pass1.txt,34,.,1
pretrain_pass1.txt,34, 1,1
pretrain_pass1.txt,34,||,1
pretrain_pass1.txt,34, 0,1
pretrain_pass1.txt,35,23,2
pretrain_pass1.txt,35,9,4
pretrain_pass1.txt,35, |,14
pretrain_pass1.txt,35,|,14
pretrain_pass1.txt,35, 0,1
pretrain_pass1.txt,35,8,3
pretrain_pass1.txt,35,1,1
pretrain_pass1.txt,35, 2,1
pretrain_pass1.txt,35,7,1
pretrain_pass1.txt,35,6,1
pretrain_pass1.txt,35, 1,1
pretrain_pass1.txt,35,3,1
pretrain_pass1.txt,35,4,1
pretrain_pass1.txt,35, 3,1
pretrain_pass1.txt,35,0,1
pretrain_pass1.txt,35,2,1
pretrain_pass1.txt,35, 4,1
pretrain_pass1.txt,35,5,1
pretrain_pass1.txt,35, 5,1
pretrain_pass1.txt,35,50,1
pretrain_pass1.txt,35, 6,1
pretrain_pass1.txt,35,20,1
pretrain_pass1.txt,35, 8,1
pretrain_pass1.txt,35,10,1
pretrain_pass1.txt,35, 7,1
pretrain_pass1.txt,35,30,1
pretrain_pass1.txt,35, 9,1
pretrain_pass1.txt,35,88,1
pretrain_pass1.txt,35,00,1
pretrain_pass1.txt,35, 10,1
pretrain_pass1.txt,35,",",3
pretrain_pass1.txt,35, 12,1
pretrain_pass1.txt,35, 11,1
pretrain_pass1.txt,35,12,1
pretrain_pass1.txt,36,23,1
pretrain_pass1.txt,36,1,1
pretrain_pass1.txt,36, |,16
pretrain_pass1.txt,36,|,16
pretrain_pass1.txt,36,88,1
pretrain_pass1.txt,36,3,1
pretrain_pass1.txt,36, 1,2
pretrain_pass1.txt,36,4,1
pretrain_pass1.txt,36,2,2
pretrain_pass1.txt,36, 2,1
pretrain_pass1.txt,36,5,1
pretrain_pass1.txt,36,6,1
pretrain_pass1.txt,36, 3,1
pretrain_pass1.txt,36,7,1
pretrain_pass1.txt,36,8,1
pretrain_pass1.txt,36, 19,1
pretrain_pass1.txt,36,9,2
pretrain_pass1.txt,36, 4,1
pretrain_pass1.txt,36,0,1
pretrain_pass1.txt,36, 6,1
pretrain_pass1.txt,36,00,1
pretrain_pass1.txt,36, 7,1
pretrain_pass1.txt,36,20,1
pretrain_pass1.txt,36, 5,1
pretrain_pass1.txt,36,50,1
pretrain_pass1.txt,36, 8,1
pretrain_pass1.txt,36,30,1
pretrain_pass1.txt,36, 9,1
pretrain_pass1.txt,36,10,1
pretrain_pass1.txt,36, 12,1
pretrain_pass1.txt,36,",",3
pretrain_pass1.txt,36,12,1
pretrain_pass1.txt,36, 10,1
pretrain_pass1.txt,36,22,1
pretrain_pass1.txt,36, 11,1
pretrain_pass1.txt,36, 100,1
pretrain_pass1.txt,36,",000",1
pretrain_pass1.txt,37,23,1
pretrain_pass1.txt,37, |,6
pretrain_pass1.txt,37,|,3
pretrain_pass1.txt,37, 1,1
pretrain_pass1.txt,37,4,1
pretrain_pass1.txt,37,8,1
pretrain_pass1.txt,37,1,1
pretrain_pass1.txt,37,7,1
pretrain_pass1.txt,37,6,1
pretrain_pass1.txt,38,23,1
pretrain_pass1.txt,38,-,4
pretrain_pass1.txt,38,J,2
pretrain_pass1.txt,38,an,2
pretrain_pass1.txt,38,201,2
pretrain_pass1.txt,38,7,2
pretrain_pass1.txt,38, 1,1
pretrain_pass1.txt,38,:,2
pretrain_pass1.txt,38,5,1
pretrain_pass1.txt,38,9,1
pretrain_pass1.txt,38, p,2
pretrain_pass1.txt,38,m,2
pretrain_pass1.txt,38,<,1
pretrain_pass1.txt,38,p,1
pretrain_pass1.txt,38,>,1
pretrain_pass1.txt,38,...,2
pretrain_pass1.txt,38, |,1
pretrain_pass1.txt,38,|,1
pretrain_pass1.txt,38, 2,1
pretrain_pass1.txt,38,8,1
pretrain_pass1.txt,38, 8,1
pretrain_pass1.txt,38,3,1
pretrain_pass1.txt,38,6,1
pretrain_pass1.txt,39,23,1
pretrain_pass1.txt,39,1,1
pretrain_pass1.txt,39, |,2
pretrain_pass1.txt,39,|,1
pretrain_pass1.txt,39,↑,3
pretrain_pass1.txt,40,23,2
pretrain_pass1.txt,40,1,1
pretrain_pass1.txt,40, |,2
pretrain_pass1.txt,40,|,2
pretrain_pass1.txt,40,9,1
pretrain_pass1.txt,40, «,1
pretrain_pass1.txt,40,»,1
pretrain_pass1.txt,41,23,1
pretrain_pass1.txt,41,1,5
pretrain_pass1.txt,41, |,83
pretrain_pass1.txt,41,|,83
pretrain_pass1.txt,41,2,6
pretrain_pass1.txt,41,4,122
pretrain_pass1.txt,41,6,4
pretrain_pass1.txt,41,3,5
pretrain_pass1.txt,41,7,82
pretrain_pass1.txt,41,9,1
pretrain_pass1.txt,41,5,6
pretrain_pass1.txt,41,8,4
pretrain_pass1.txt,41,0,2
pretrain_pass1.txt,41,10,1
pretrain_pass1.txt,41,12,1
pretrain_pass1.txt,41,22,1
pretrain_pass1.txt,41,30,1
pretrain_pass1.txt,41,20,1
pretrain_pass1.txt,41,50,1
pretrain_pass1.txt,41,88,1
pretrain_pass1.txt,41,00,1
pretrain_pass1.txt,42,23,1
pretrain_pass1.txt,42,",",1
pretrain_pass1.txt,42,1,1
pretrain_pass1.txt,42,9,1
pretrain_pass1.txt,42, |,2
pretrain_pass1.txt,42,©,1
pretrain_pass1.txt,42,:,1
pretrain_pass1.txt,43,23,1
pretrain_pass1.txt,43,6,1
pretrain_pass1.txt,43, |,320
pretrain_pass1.txt,43,|,321
pretrain_pass1.txt,43,1,305
pretrain_pass1.txt,43,3,1
pretrain_pass1.txt,43,8,3
pretrain_pass1.txt,43,12,1
pretrain_pass1.txt,43,9,2
pretrain_pass1.txt,43,2,2
pretrain_pass1.txt,43,4,3
pretrain_pass1.txt,43,0,3
pretrain_pass1.txt,43,30,1
pretrain_pass1.txt,43,7,7
pretrain_pass1.txt,43,5,2
pretrain_pass1.txt,43,00,1
pretrain_pass1.txt,43,20,1
pretrain_pass1.txt,43,10,13
pretrain_pass1.txt,43,50,1
pretrain_pass1.txt,43,88,297
pretrain_pass1.txt,43,22,1
pretrain_pass1.txt,44,23,1
pretrain_pass1.txt,44,1,17
pretrain_pass1.txt,44, |,23
pretrain_pass1.txt,44,|,34
pretrain_pass1.txt,44,2,5
pretrain_pass1.txt,44,4,15
pretrain_pass1.txt,44,5,1
pretrain_pass1.txt,44,3,5
pretrain_pass1.txt,44,7,1
pretrain_pass1.txt,44,6,1
pretrain_pass1.txt,44,30,1
pretrain_pass1.txt,44,8,1
pretrain_pass1.txt,44,0,1
pretrain_pass1.txt,44,9,1
pretrain_pass1.txt,44,20,1
pretrain_pass1.txt,44,00,11
pretrain_pass1.txt,44,12,1
pretrain_pass1.txt,44,10,1
pretrain_pass1.txt,44,50,1
pretrain_pass1.txt,44,000,1
pretrain_pass1.txt,44,",000",1
pretrain_pass1.txt,44,",",12
pretrain_pass1.txt,44,22,1
pretrain_pass1.txt,44,.,1
pretrain_pass1.txt,44,K,1
pretrain_pass1.txt,44, 2,1
pretrain_pass1.txt,44, 1,1
pretrain_pass1.txt,44,m,22
pretrain_pass1.txt,44,g,11
pretrain_pass1.txt,44,/,11
pretrain_pass1.txt,44,s,11
pretrain_pass1.txt,44,q,11
pretrain_pass1.txt,44,||,11
pretrain_pass1.txt,44,≤,30
pretrain_pass1.txt,44,%,11
pretrain_pass1.txt,44,≥,3
pretrain_pass1.txt,45,23,1
pretrain_pass1.txt,45,9,2
pretrain_pass1.txt,45, |,20
pretrain_pass1.txt,45,|,21
pretrain_pass1.txt,45,1,13
pretrain_pass1.txt,45,4,1
pretrain_pass1.txt,45,0,1
pretrain_pass1.txt,45,3,1
pretrain_pass1.txt,45,5,1
pretrain_pass1.txt,45,2,3
pretrain_pass1.txt,45,7,1
pretrain_pass1.txt,45,6,1
pretrain_pass1.txt,45,8,1
pretrain_pass1.txt,45,10,1
pretrain_pass1.txt,45,12,1
pretrain_pass1.txt,45,20,1
pretrain_pass1.txt,45,30,1
pretrain_pass1.txt,45,50,1
pretrain_pass1.txt,45,00,4
pretrain_pass1.txt,45,201,1
pretrain_pass1.txt,45,||,1
pretrain_pass1.txt,45, (,1
pretrain_pass1.txt,45,T,1
pretrain_pass1.txt,45,H,1
pretrain_pass1.txt,45,B,1
pretrain_pass1.txt,45,),1
pretrain_pass1.txt,45,88,1
pretrain_pass1.txt,45,",000",6
pretrain_pass1.txt,45,000,1
pretrain_pass1.txt,45,",",1
pretrain_pass1.txt,46,23,1
pretrain_pass1.txt,46,9,1
pretrain_pass1.txt,46, |,2
pretrain_pass1.txt,46,|,2
pretrain_pass1.txt,46,88,1
pretrain_pass1.txt,46,8,1
pretrain_pass1.txt,46,1,1
pretrain_pass1.txt,46,3,1
pretrain_pass1.txt,46,5,1
pretrain_pass1.txt,46,6,1
pretrain_pass1.txt,47,23,1
pretrain_pass1.txt,47, |,2
pretrain_pass1.txt,47,|,1
pretrain_pass1.txt,47,←,3
pretrain_pass1.txt,47,:,1
pretrain_pass1.txt,47,-,2
pretrain_pass1.txt,47, (,1
pretrain_pass1.txt,47,),2
pretrain_pass1.txt,47,(,1
pretrain_pass1.txt,47,",",1
pretrain_pass1.txt,47," ,",6
pretrain_pass1.txt,47, S,1
pretrain_pass1.txt,47,am,2
pretrain_pass1.txt,47,s,1
pretrain_pass1.txt,47,ung,1
pretrain_pass1.txt,47, I,1
pretrain_pass1.txt,47,P,1
pretrain_pass1.txt,47,hone,1
pretrain_pass1.txt,47, X,1
pretrain_pass1.txt,47,S,1
pretrain_pass1.txt,47, M,1
pretrain_pass1.txt,47,ax,1
pretrain_pass1.txt,47, N,1
pretrain_pass1.txt,47,ok,1
pretrain_pass1.txt,47,ia,1
pretrain_pass1.txt,47, L,1
pretrain_pass1.txt,47,G,1
pretrain_pass1.txt,47, H,1
pretrain_pass1.txt,47,on,1
pretrain_pass1.txt,47,d,1
pretrain_pass1.txt,47,a,1
pretrain_pass1.txt,47, D,1
pretrain_pass1.txt,47,re,1
pretrain_pass1.txt,47, C,1
pretrain_pass1.txt,47,12,1
pretrain_pass1.txt,47,5,1
pretrain_pass1.txt,47, V,1
pretrain_pass1.txt,47,iv,1
pretrain_pass1.txt,47,o,1
pretrain_pass1.txt,47, 1,1
pretrain_pass1.txt,47,F,1
pretrain_pass1.txt,47,Z,1
pretrain_pass1.txt,47,-1,1
pretrain_pass1.txt,47,6,1
pretrain_pass1.txt,47,9,1
pretrain_pass1.txt,47,1,1
pretrain_pass1.txt,47,+,2
pretrain_pass1.txt,47, 9,1
pretrain_pass1.txt,47,7,3
pretrain_pass1.txt,47,0,2
pretrain_pass1.txt,47,3,2
pretrain_pass1.txt,47,2,2
pretrain_pass1.txt,47,4,1
pretrain_pass1.txt,47,8,1
pretrain_pass1.txt,47, 2,1
pretrain_pass1.txt,47,A,2
pretrain_pass1.txt,47,J,1
pretrain_pass1.txt,47,I,1
pretrain_pass1.txt,47,M,1
pretrain_pass1.txt,47,X,1
pretrain_pass1.txt,47,L,1
pretrain_pass1.txt,47, T,1
pretrain_pass1.txt,47,O,2
pretrain_pass1.txt,47,Y,1
pretrain_pass1.txt,47,T,1
pretrain_pass1.txt,47, P,1
pretrain_pass1.txt,47,R,1
pretrain_pass1.txt,47,U,1
pretrain_pass1.txt,47,C,1
pretrain_pass1.txt,47,E,1
pretrain_pass1.txt,47,K,1
pretrain_pass1.txt,47, 10,1
pretrain_pass1.txt,47,88,1
pretrain_pass1.txt,47, 3,1
pretrain_pass1.txt,47,B,1
pretrain_pass1.txt,47,H,1
pretrain_pass1.txt,47,D,1
pretrain_pass1.txt,47, $,1
pretrain_pass1.txt,47,20,1
pretrain_pass1.txt,47,00,1
pretrain_pass1.txt,47,$,1
pretrain_pass1.txt,48,23,2
pretrain_pass1.txt,48,1,1
pretrain_pass1.txt,48, |,2
pretrain_pass1.txt,48,|,2
pretrain_pass1.txt,48,9,1
pretrain_pass1.txt,48, (,1
pretrain_pass1.txt,48, «,1
pretrain_pass1.txt,48,»,1
pretrain_pass1.txt,48,),1
pretrain_pass1.txt,49,23,1
pretrain_pass1.txt,49,6,1
pretrain_pass1.txt,49, |,2
pretrain_pass1.txt,49,|,2
pretrain_pass1.txt,49,88,1
pretrain_pass1.txt,50,23,1
pretrain_pass1.txt,50, |,368
pretrain_pass1.txt,50,|,184
pretrain_pass1.txt,50,↑,549
pretrain_pass1.txt,51,23,1
pretrain_pass1.txt,51,1,2
pretrain_pass1.txt,51, |,16
pretrain_pass1.txt,51,|,16
pretrain_pass1.txt,51, 2,1
pretrain_pass1.txt,51,2,1
pretrain_pass1.txt,51,8,2
pretrain_pass1.txt,51, 1,1
pretrain_pass1.txt,51,6,1
pretrain_pass1.txt,51,4,1
pretrain_pass1.txt,51, 19,1
pretrain_pass1.txt,51,5,1
pretrain_pass1.txt,51, 20,1
pretrain_pass1.txt,51,0,1
pretrain_pass1.txt,51, 3,1
pretrain_pass1.txt,51,3,1
pretrain_pass1.txt,51,9,4
pretrain_pass1.txt,51, 4,1
pretrain_pass1.txt,51,7,2
pretrain_pass1.txt,51,",",3
pretrain_pass1.txt,51,88,1
pretrain_pass1.txt,51, 12,1
pretrain_pass1.txt,51,00,1
pretrain_pass1.txt,51, 15,1
pretrain_pass1.txt,51,12,1
pretrain_pass1.txt,51, 6,1
pretrain_pass1.txt,51,20,1
pretrain_pass1.txt,51, 5,1
pretrain_pass1.txt,51,30,1
pretrain_pass1.txt,51, 7,1
pretrain_pass1.txt,51,50,1
pretrain_pass1.txt,51, 8,2
pretrain_pass1.txt,51,10,1
pretrain_pass1.txt,51, 9,1
pretrain_pass1.txt,51, 11,1
pretrain_pass1.txt,51, 10,1
pretrain_pass1.txt,51,22,1
pretrain_pass1.txt,52,23,2
pretrain_pass1.txt,52, |,3
pretrain_pass1.txt,52,|,3
pretrain_pass1.txt,52, 1,1
pretrain_pass1.txt,52,3,1
pretrain_pass1.txt,52,5,1
pretrain_pass1.txt,52, 19,1
pretrain_pass1.txt,52,9,1
pretrain_pass1.txt,52,8,1
pretrain_pass1.txt,53,23,1
pretrain_pass1.txt,53,1,2
pretrain_pass1.txt,53, |,273
pretrain_pass1.txt,53,|,273
pretrain_pass1.txt,53, 1,258
pretrain_pass1.txt,53,3,1
pretrain_pass1.txt,53,4,4
pretrain_pass1.txt,53, 2,1
pretrain_pass1.txt,53,6,1
pretrain_pass1.txt,53,2,1
pretrain_pass1.txt,53, 19,1
pretrain_pass1.txt,53,5,1
pretrain_pass1.txt,53, 20,1
pretrain_pass1.txt,53,8,1
pretrain_pass1.txt,53, 3,1
pretrain_pass1.txt,53,7,1
pretrain_pass1.txt,53,0,2
pretrain_pass1.txt,53, 4,1
pretrain_pass1.txt,53,9,1
pretrain_pass1.txt,53,",",1
pretrain_pass1.txt,53,88,1
pretrain_pass1.txt,53, 6,1
pretrain_pass1.txt,53,50,1
pretrain_pass1.txt,53, 5,1
pretrain_pass1.txt,53,00,1
pretrain_pass1.txt,53, 8,1
pretrain_pass1.txt,53,.,2
pretrain_pass1.txt,53,12,1
pretrain_pass1.txt,53, 7,1
pretrain_pass1.txt,53,10,1
pretrain_pass1.txt,53, 12,1
pretrain_pass1.txt,53, 9,1
pretrain_pass1.txt,53, 15,1
pretrain_pass1.txt,53, 11,1
pretrain_pass1.txt,53, 10,1
pretrain_pass1.txt,53, 100,1
pretrain_pass1.txt,53,30,257
pretrain_pass1.txt,54,23,1
pretrain_pass1.txt,54, |,11
pretrain_pass1.txt,54,|,11
pretrain_pass1.txt,54, 2,1
pretrain_pass1.txt,54,1,1
pretrain_pass1.txt,54,8,2
pretrain_pass1.txt,54, 1,1
pretrain_pass1.txt,54,6,1
pretrain_pass1.txt,54,9,1
pretrain_pass1.txt,54, 3,1
pretrain_pass1.txt,54,2,1
pretrain_pass1.txt,54,4,1
pretrain_pass1.txt,54, 19,1
pretrain_pass1.txt,54,5,1
pretrain_pass1.txt,54, 4,1
pretrain_pass1.txt,54,3,1
pretrain_pass1.txt,54,7,1
pretrain_pass1.txt,54, 6,1
pretrain_pass1.txt,54,0,2
pretrain_pass1.txt,54, 7,1
pretrain_pass1.txt,54, 5,1
pretrain_pass1.txt,54,50,1
pretrain_pass1.txt,54, 8,1
pretrain_pass1.txt,54,10,1
pretrain_pass1.txt,54, 10,1
pretrain_pass1.txt,54,.,1
pretrain_pass1.txt,54,12,1
pretrain_pass1.txt,54, 9,1
pretrain_pass1.txt,54,",",1
pretrain_pass1.txt,54,88,1
pretrain_pass1.txt,55,23,1
pretrain_pass1.txt,55,9,2
pretrain_pass1.txt,55, |,7
pretrain_pass1.txt,55,|,7
pretrain_pass1.txt,55,1,1
pretrain_pass1.txt,55,3,1
pretrain_pass1.txt,55,7,1
pretrain_pass1.txt,55,2,1
pretrain_pass1.txt,55,12,1
pretrain_pass1.txt,55,4,2
pretrain_pass1.txt,55,6,1
pretrain_pass1.txt,55,0,1
pretrain_pass1.txt,55,8,1
pretrain_pass1.txt,55,5,1
pretrain_pass1.txt,55,10,1
pretrain_pass1.txt,55,50,1
pretrain_pass1.txt,55,20,1
pretrain_pass1.txt,55,00,1
pretrain_pass1.txt,55,30,1
pretrain_pass1.txt,55,22,1
pretrain_pass1.txt,55,201,1
pretrain_pass1.txt,55,||,1
pretrain_pass1.txt,55,:,1
pretrain_pass1.txt,55,?,2
pretrain_pass1.txt,56,23,1
pretrain_pass1.txt,56, |,354
pretrain_pass1.txt,56,|,177
pretrain_pass1.txt,56,↑,528
pretrain_pass1.txt,57,23,1
pretrain_pass1.txt,57,9,1
pretrain_pass1.txt,57, |,2
pretrain_pass1.txt,57,|,1
pretrain_pass1.txt,57,©,1
pretrain_pass1.txt,57, M,1
pretrain_pass1.txt,57,er,1
pretrain_pass1.txt,57,c,1
pretrain_pass1.txt,57,ed,1
pretrain_pass1.txt,57,es,1
pretrain_pass1.txt,58,23,5
pretrain_pass1.txt,58,1,1
pretrain_pass1.txt,58, |,12
pretrain_pass1.txt,58,|,12
pretrain_pass1.txt,58,9,1
pretrain_pass1.txt,58,2,1
pretrain_pass1.txt,58,5,1
pretrain_pass1.txt,58,3,1
pretrain_pass1.txt,58, 1,1
pretrain_pass1.txt,58,4,1
pretrain_pass1.txt,58,6,1
pretrain_pass1.txt,58, 0,1
pretrain_pass1.txt,58,8,2
pretrain_pass1.txt,58,7,1
pretrain_pass1.txt,58, 2,1
pretrain_pass1.txt,58,88,1
pretrain_pass1.txt,58, 3,1
pretrain_pass1.txt,58,0,1
pretrain_pass1.txt,58, 4,1
pretrain_pass1.txt,58,20,1
pretrain_pass1.txt,58, 5,1
pretrain_pass1.txt,58,50,1
pretrain_pass1.txt,58, 6,1
pretrain_pass1.txt,58,00,1
pretrain_pass1.txt,58, 7,1
pretrain_pass1.txt,58,",",1
pretrain_pass1.txt,58,22,1
pretrain_pass1.txt,59,23,2
pretrain_pass1.txt,59,8,1
pretrain_pass1.txt,59, |,2
pretrain_pass1.txt,59,|,2
pretrain_pass1.txt,59,9,1
pretrain_pass1.txt,59, The,1
pretrain_pass1.txt,59, Cambodia,1
pretrain_pass1.txt,59, D,1
pretrain_pass1.txt,59,ail,1
pretrain_pass1.txt,59,y,1
pretrain_pass1.txt,59, «,1
pretrain_pass1.txt,59,-,1
pretrain_pass1.txt,59,»,1
pretrain_pass1.txt,60,23,2
pretrain_pass1.txt,60,1,1
pretrain_pass1.txt,60, |,11
pretrain_pass1.txt,60,|,11
pretrain_pass1.txt,60,9,1
pretrain_pass1.txt,60, 0,1
pretrain_pass1.txt,60,8,1
pretrain_pass1.txt,60,0,1
pretrain_pass1.txt,60, 2,1
pretrain_pass1.txt,60,2,1
pretrain_pass1.txt,60,4,1
pretrain_pass1.txt,60, 1,1
pretrain_pass1.txt,60,3,1
pretrain_pass1.txt,60,6,1
pretrain_pass1.txt,60, 3,1
pretrain_pass1.txt,60,7,1
pretrain_pass1.txt,60,5,1
pretrain_pass1.txt,60, 4,1
pretrain_pass1.txt,60,20,1
pretrain_pass1.txt,60, 5,1
pretrain_pass1.txt,60,50,1
pretrain_pass1.txt,60, 6,1
pretrain_pass1.txt,60,00,1
pretrain_pass1.txt,60, 7,1
pretrain_pass1.txt,60,30,1
pretrain_pass1.txt,60, 10,1
pretrain_pass1.txt,60,",",2
pretrain_pass1.txt,60,88,1
pretrain_pass1.txt,60, 8,1
pretrain_pass1.txt,60,10,1
pretrain_pass1.txt,60,||,1
pretrain_pass1.txt,60, 2018,1
pretrain_pass1.txt,60,.,6
pretrain_pass1.txt,61,23,4
pretrain_pass1.txt,61,1,5
pretrain_pass1.txt,61, |,256
pretrain_pass1.txt,61,|,255
pretrain_pass1.txt,61, 1,238
pretrain_pass1.txt,61,4,3
pretrain_pass1.txt,61,2,237
pretrain_pass1.txt,61, 19,1
pretrain_pass1.txt,61,3,1
pretrain_pass1.txt,61, 2,1
pretrain_pass1.txt,61,8,4
pretrain_pass1.txt,61,9,208
pretrain_pass1.txt,61, 20,1
pretrain_pass1.txt,61,6,1
pretrain_pass1.txt,61, 3,1
pretrain_pass1.txt,61,7,1
pretrain_pass1.txt,61,5,1
pretrain_pass1.txt,61, 6,2
pretrain_pass1.txt,61,0,1
pretrain_pass1.txt,61, 4,1
pretrain_pass1.txt,61,10,1
pretrain_pass1.txt,61, 5,1
pretrain_pass1.txt,61,00,1
pretrain_pass1.txt,61, 7,1
pretrain_pass1.txt,61,50,1
pretrain_pass1.txt,61, 8,1
pretrain_pass1.txt,61,20,1
pretrain_pass1.txt,61, 9,1
pretrain_pass1.txt,61,30,1
pretrain_pass1.txt,61,88,1
pretrain_pass1.txt,61, 11,1
pretrain_pass1.txt,61,",",241
pretrain_pass1.txt,61,12,1
pretrain_pass1.txt,61, 12,1
pretrain_pass1.txt,61,22,1
pretrain_pass1.txt,61, 10,1
pretrain_pass1.txt,61, 15,1
pretrain_pass1.txt,61, 0,1
pretrain_pass1.txt,61,||,1
pretrain_pass1.txt,61, -,1
pretrain_pass1.txt,61,.,1
pretrain_pass1.txt,61,m,1
pretrain_pass1.txt,62,23,1
pretrain_pass1.txt,62,9,1
pretrain_pass1.txt,62, |,12
pretrain_pass1.txt,62,|,12
pretrain_pass1.txt,62, 1,1
pretrain_pass1.txt,62,8,2
pretrain_pass1.txt,62,1,1
pretrain_pass1.txt,62, 2,1
pretrain_pass1.txt,62,2,1
pretrain_pass1.txt,62,4,1
pretrain_pass1.txt,62, 19,1
pretrain_pass1.txt,62,6,1
pretrain_pass1.txt,62, 20,1
pretrain_pass1.txt,62,3,1
pretrain_pass1.txt,62, 3,1
pretrain_pass1.txt,62,5,1
pretrain_pass1.txt,62,7,1
pretrain_pass1.txt,62, 5,1
pretrain_pass1.txt,62,50,1
pretrain_pass1.txt,62, 4,1
pretrain_pass1.txt,62,0,1
pretrain_pass1.txt,62, 6,1
pretrain_pass1.txt,62,10,1
pretrain_pass1.txt,62, 7,1
pretrain_pass1.txt,62,30,1
pretrain_pass1.txt,62, 8,1
pretrain_pass1.txt,62,20,1
pretrain_pass1.txt,62, 9,1
pretrain_pass1.txt,62,88,1
pretrain_pass1.txt,62, 10,1
pretrain_pass1.txt,62,",",1
pretrain_pass1.txt,62,12,1
pretrain_pass1.txt,63,23,1
pretrain_pass1.txt,63,9,1
pretrain_pass1.txt,63, |,16
pretrain_pass1.txt,63,|,16
pretrain_pass1.txt,63, 2,1
pretrain_pass1.txt,63,2,1
pretrain_pass1.txt,63,5,2
pretrain_pass1.txt,63,8,2
pretrain_pass1.txt,63, 24,1
pretrain_pass1.txt,63,3,1
pretrain_pass1.txt,63,4,14
pretrain_pass1.txt,63, 1,1
pretrain_pass1.txt,63,6,1
pretrain_pass1.txt,63,1,5
pretrain_pass1.txt,63,7,1
pretrain_pass1.txt,63, 19,1
pretrain_pass1.txt,63,0,1
pretrain_pass1.txt,63, 3,1
pretrain_pass1.txt,63,30,1
pretrain_pass1.txt,63, 20,1
pretrain_pass1.txt,63,00,1
pretrain_pass1.txt,63, 4,1
pretrain_pass1.txt,63,50,1
pretrain_pass1.txt,63, 6,1
pretrain_pass1.txt,63,10,1
pretrain_pass1.txt,63, 7,1
pretrain_pass1.txt,63,20,1
pretrain_pass1.txt,63, 5,1
pretrain_pass1.txt,63,12,1
pretrain_pass1.txt,63,88,2
pretrain_pass1.txt,63, 9,1
pretrain_pass1.txt,63, 12,1
pretrain_pass1.txt,63, 11,1
pretrain_pass1.txt,63, 10,1
pretrain_pass1.txt,63, 15,1
pretrain_pass1.txt,63,22,1
pretrain_pass1.txt,64,23,2
pretrain_pass1.txt,64,9,1
pretrain_pass1.txt,64, |,18
pretrain_pass1.txt,64,|,18
pretrain_pass1.txt,64, 1,2
pretrain_pass1.txt,64,3,2
pretrain_pass1.txt,64,4,1
pretrain_pass1.txt,64, 2,1
pretrain_pass1.txt,64,1,2
pretrain_pass1.txt,64,5,1
pretrain_pass1.txt,64, 19,1
pretrain_pass1.txt,64,6,1
pretrain_pass1.txt,64, 20,1
pretrain_pass1.txt,64,7,2
pretrain_pass1.txt,64, 15,1
pretrain_pass1.txt,64,8,3
pretrain_pass1.txt,64, 3,1
pretrain_pass1.txt,64,2,1
pretrain_pass1.txt,64, 4,1
pretrain_pass1.txt,64,0,1
pretrain_pass1.txt,64, 5,1
pretrain_pass1.txt,64,00,1
pretrain_pass1.txt,64, 6,1
pretrain_pass1.txt,64,50,1
pretrain_pass1.txt,64, 7,1
pretrain_pass1.txt,64,20,1
pretrain_pass1.txt,64, 9,1
pretrain_pass1.txt,64,",",7
pretrain_pass1.txt,64,88,1
pretrain_pass1.txt,64, 8,1
pretrain_pass1.txt,64,10,1
pretrain_pass1.txt,64, 12,1
pretrain_pass1.txt,64,12,1
pretrain_pass1.txt,64, 11,1
pretrain_pass1.txt,64,30,1
pretrain_pass1.txt,64, 10,1
pretrain_pass1.txt,64,22,1
pretrain_pass1.txt,64, 0,1
pretrain_pass1.txt,64,.,1
pretrain_pass1.txt,64,K,1
pretrain_pass1.txt,64,:,2
pretrain_pass1.txt,64, -,4
pretrain_pass1.txt,64, /,1
pretrain_pass1.txt,64,x,6
pretrain_pass1.txt,64, (,1
pretrain_pass1.txt,64,),6
pretrain_pass1.txt,64,c,5
pretrain_pass1.txt,64,m,5
pretrain_pass1.txt,64,(,5
pretrain_pass1.txt,64,X,1
pretrain_pass1.txt,64,-,1
pretrain_pass1.txt,64,"""",423
pretrain_pass1.txt,64,*,427
pretrain_pass1.txt,64,#,1
pretrain_pass1.txt,64,||,1
pretrain_pass1.txt,64," """,1
pretrain_pass1.txt,64,”,1
pretrain_pass1.txt,64,+,1
pretrain_pass1.txt,65,',4
pretrain_pass1.txt,65, |,1
pretrain_pass1.txt,65, -,9
pretrain_pass1.txt,65, (,7
pretrain_pass1.txt,65,-,4
pretrain_pass1.txt,65,),7
pretrain_pass1.txt,65,–,3
pretrain_pass1.txt,66,23,1
pretrain_pass1.txt,66,-,4
pretrain_pass1.txt,66,J,1
pretrain_pass1.txt,66,an,1
pretrain_pass1.txt,66,201,2
pretrain_pass1.txt,66,7,1
pretrain_pass1.txt,66, 8,1
pretrain_pass1.txt,66,:,2
pretrain_pass1.txt,66,0,1
pretrain_pass1.txt,66,4,1
pretrain_pass1.txt,66,am,2
pretrain_pass1.txt,66,...,1
pretrain_pass1.txt,66,!,3
pretrain_pass1.txt,66, 2,1
pretrain_pass1.txt,66,1,1
pretrain_pass1.txt,66,M,1
pretrain_pass1.txt,66,ay,1
pretrain_pass1.txt,66,6,1
pretrain_pass1.txt,66, 9,1
pretrain_pass1.txt,66,5,1
pretrain_pass1.txt,66,3,1
pretrain_pass1.txt,66,),10
pretrain_pass1.txt,66,?,3
pretrain_pass1.txt,66, “,1
pretrain_pass1.txt,66,T,1
pretrain_pass1.txt,66,he,1
pretrain_pass1.txt,66, M,1
pretrain_pass1.txt,66,one,1
pretrain_pass1.txt,66,y,1
pretrain_pass1.txt,66,”,1
pretrain_pass1.txt,66, (,1
pretrain_pass1.txt,66,S,1
pretrain_pass1.txt,66,t,1
pretrain_pass1.txt,66,r,1
pretrain_pass1.txt,66,eng,1
pretrain_pass1.txt,66,th,1
pretrain_pass1.txt,66,en,1
pretrain_pass1.txt,66,ing,1
pretrain_pass1.txt,66, C,1
pretrain_pass1.txt,66,om,1
pretrain_pass1.txt,66,m,2
pretrain_pass1.txt,66,un,1
pretrain_pass1.txt,66,ity,1
pretrain_pass1.txt,66, and,1
pretrain_pass1.txt,66, D,1
pretrain_pass1.txt,66,is,1
pretrain_pass1.txt,66,c,1
pretrain_pass1.txt,66,ov,1
pretrain_pass1.txt,66,er,1
pretrain_pass1.txt,66,i,1
pretrain_pass1.txt,66,es,1
pretrain_pass1.txt,66, of,1
pretrain_pass1.txt,66, the,1
pretrain_pass1.txt,66,ir,1
pretrain_pass1.txt,66, s,1
pretrain_pass1.txt,66,k,1
pretrain_pass1.txt,66,ill,1
pretrain_pass1.txt,66,s,1
pretrain_pass1.txt,66, in,1
pretrain_pass1.txt,66,f,1
pretrain_pass1.txt,66,or,1
pretrain_pass1.txt,66,ation,1
pretrain_pass1.txt,66,.,1
pretrain_pass1.txt,66, ),1
pretrain_pass1.txt,66, A,1
pretrain_pass1.txt,66,I,1
pretrain_pass1.txt,66, «,1
pretrain_pass1.txt,66,»,1
pretrain_pass1.txt,67,23,1
pretrain_pass1.txt,67,7,1
pretrain_pass1.txt,67, |,13
pretrain_pass1.txt,67,|,13
pretrain_pass1.txt,67, 2,1
pretrain_pass1.txt,67,2,1
pretrain_pass1.txt,67,9,1
pretrain_pass1.txt,67, 1,1
pretrain_pass1.txt,67,6,1
pretrain_pass1.txt,67,3,1
pretrain_pass1.txt,67, 19,1
pretrain_pass1.txt,67,5,1
pretrain_pass1.txt,67, 20,1
pretrain_pass1.txt,67,8,1
pretrain_pass1.txt,67, 3,1
pretrain_pass1.txt,67,4,2
pretrain_pass1.txt,67,1,1
pretrain_pass1.txt,67, 24,1
pretrain_pass1.txt,67,0,1
pretrain_pass1.txt,67, 4,1
pretrain_pass1.txt,67,30,1
pretrain_pass1.txt,67, 7,1
pretrain_pass1.txt,67,50,1
pretrain_pass1.txt,67, 6,1
pretrain_pass1.txt,67,20,1
pretrain_pass1.txt,67, 8,1
pretrain_pass1.txt,67,10,1
pretrain_pass1.txt,67, 9,1
pretrain_pass1.txt,67,88,1
pretrain_pass1.txt,67, 5,1
pretrain_pass1.txt,67,00,1
pretrain_pass1.txt,67, 10,1
pretrain_pass1.txt,67,",",1
pretrain_pass1.txt,67,22,1
pretrain_pass1.txt,68,23,1
pretrain_pass1.txt,68,9,25
pretrain_pass1.txt,68, |,330
pretrain_pass1.txt,68,|,330
pretrain_pass1.txt,68,1,52
pretrain_pass1.txt,68,8,86
pretrain_pass1.txt,68,3,1
pretrain_pass1.txt,68,12,1
pretrain_pass1.txt,68,5,36
pretrain_pass1.txt,68,10,1
pretrain_pass1.txt,68,4,113
pretrain_pass1.txt,68,0,1
pretrain_pass1.txt,68,7,3
pretrain_pass1.txt,68,6,3
pretrain_pass1.txt,68,20,1
pretrain_pass1.txt,68,2,15
pretrain_pass1.txt,68,30,319
pretrain_pass1.txt,68,50,1
pretrain_pass1.txt,68,22,1
pretrain_pass1.txt,68,00,1
pretrain_pass1.txt,68,||,1
pretrain_pass1.txt,68,-,1
pretrain_pass1.txt,68, -,1
pretrain_pass1.txt,68,+,1
pretrain_pass1.txt,68, 2,1
pretrain_pass1.txt,68,.,1
pretrain_pass1.txt,68, 15,1
pretrain_pass1.txt,68,",",1
pretrain_pass1.txt,69,23,1
pretrain_pass1.txt,69,9,453
pretrain_pass1.txt,69, |,267
pretrain_pass1.txt,69,|,270
pretrain_pass1.txt,69,1,259
pretrain_pass1.txt,69,4,1
pretrain_pass1.txt,69,2,2
pretrain_pass1.txt,69,12,1
pretrain_pass1.txt,69,6,1
pretrain_pass1.txt,69,10,1
pretrain_pass1.txt,69,8,2
pretrain_pass1.txt,69,0,5
pretrain_pass1.txt,69,5,1
pretrain_pass1.txt,69,3,1
pretrain_pass1.txt,69,20,1
pretrain_pass1.txt,69,7,1
pretrain_pass1.txt,69,30,1
pretrain_pass1.txt,69,22,1
pretrain_pass1.txt,69,50,1
pretrain_pass1.txt,69,00,1
pretrain_pass1.txt,69,",",247
pretrain_pass1.txt,69,88,1
pretrain_pass1.txt,69,",000",1
pretrain_pass1.txt,69, 1,1
pretrain_pass1.txt,69,||,1
pretrain_pass1.txt,69, 3,1
pretrain_pass1.txt,69, 2,1
pretrain_pass1.txt,69,.,1
pretrain_pass1.txt,69, 9,1
pretrain_pass1.txt,69, (,1
pretrain_pass1.txt,69,...,1
pretrain_pass1.txt,70,23,1
pretrain_pass1.txt,70,1,1
pretrain_pass1.txt,70, |,9
pretrain_pass1.txt,70,|,9
pretrain_pass1.txt,70,88,1
pretrain_pass1.txt,70,8,1
pretrain_pass1.txt,70, 1,1
pretrain_pass1.txt,70,3,1
pretrain_pass1.txt,70,9,1
pretrain_pass1.txt,70,2,1
pretrain_pass1.txt,70, 2,1
pretrain_pass1.txt,70,7,1
pretrain_pass1.txt,70,6,2
pretrain_pass1.txt,70,0,1
pretrain_pass1.txt,70, 19,1
pretrain_pass1.txt,70,5,1
pretrain_pass1.txt,70,4,1
pretrain_pass1.txt,70, 3,1
pretrain_pass1.txt,70,30,1
pretrain_pass1.txt,70, 6,1
pretrain_pass1.txt,70,50,1
pretrain_pass1.txt,70, 4,1
pretrain_pass1.txt,70,20,1
pretrain_pass1.txt,70, 7,1
pretrain_pass1.txt,70,00,1
pretrain_pass1.txt,70, 5,1
pretrain_pass1.txt,70,000,1
pretrain_pass1.txt,71,23,1
pretrain_pass1.txt,71,",",1
pretrain_pass1.txt,71, 2018,1
pretrain_pass1.txt,71, |,1
pretrain_pass1.txt,71,©,1
pretrain_pass1.txt,72,23,2
pretrain_pass1.txt,72,9,1
pretrain_pass1.txt,72, |,14
pretrain_pass1.txt,72,|,14
pretrain_pass1.txt,72,1,1
pretrain_pass1.txt,72, 0,1
pretrain_pass1.txt,72,5,1
pretrain_pass1.txt,72,2,1
pretrain_pass1.txt,72, 1,1
pretrain_pass1.txt,72,6,2
pretrain_pass1.txt,72,8,1
pretrain_pass1.txt,72, 2,1
pretrain_pass1.txt,72,7,1
pretrain_pass1.txt,72,4,1
pretrain_pass1.txt,72, 3,1
pretrain_pass1.txt,72,30,2
pretrain_pass1.txt,72, 20,1
pretrain_pass1.txt,72,0,1
pretrain_pass1.txt,72, 4,1
pretrain_pass1.txt,72,50,1
pretrain_pass1.txt,72, 6,1
pretrain_pass1.txt,72,00,1
pretrain_pass1.txt,72, 5,1
pretrain_pass1.txt,72,20,1
pretrain_pass1.txt,72, 7,1
pretrain_pass1.txt,72,10,1
pretrain_pass1.txt,72, 9,1
pretrain_pass1.txt,72,88,1
pretrain_pass1.txt,72, 10,1
pretrain_pass1.txt,72, 8,1
pretrain_pass1.txt,72, 15,1
pretrain_pass1.txt,72,22,1
pretrain_pass1.txt,73,23,1
pretrain_pass1.txt,73,9,1
pretrain_pass1.txt,73, |,1
pretrain_pass1.txt,73,|,1
pretrain_pass1.txt,73,1,1
pretrain_pass1.txt,73,3,1
pretrain_pass1.txt,73,5,1
pretrain_pass1.txt,73,.,1
pretrain_pass1.txt,73,",",1
pretrain_pass1.txt,74,23,1
pretrain_pass1.txt,74,9,1
pretrain_pass1.txt,74, |,12
pretrain_pass1.txt,74,|,12
pretrain_pass1.txt,74, 1,1
pretrain_pass1.txt,74,4,2
pretrain_pass1.txt,74,0,1
pretrain_pass1.txt,74, 2,1
pretrain_pass1.txt,74,8,1
pretrain_pass1.txt,74,2,1
pretrain_pass1.txt,74, 19,1
pretrain_pass1.txt,74,5,1
pretrain_pass1.txt,74, 20,1
pretrain_pass1.txt,74,7,3
pretrain_pass1.txt,74, 3,1
pretrain_pass1.txt,74,1,1
pretrain_pass1.txt,74,6,3
pretrain_pass1.txt,74, 4,1
pretrain_pass1.txt,74,3,1
pretrain_pass1.txt,74,",",2
pretrain_pass1.txt,74,22,1
pretrain_pass1.txt,74, 7,1
pretrain_pass1.txt,74,20,1
pretrain_pass1.txt,74, 6,1
pretrain_pass1.txt,74,50,1
pretrain_pass1.txt,74, 5,1
pretrain_pass1.txt,74,00,1
pretrain_pass1.txt,74, 8,1
pretrain_pass1.txt,74,30,1
pretrain_pass1.txt,74, 9,1
pretrain_pass1.txt,74,88,1
pretrain_pass1.txt,74, 10,1
pretrain_pass1.txt,75,23,1
pretrain_pass1.txt,75, |,14
pretrain_pass1.txt,75,|,14
pretrain_pass1.txt,75, 1,1
pretrain_pass1.txt,75,4,1
pretrain_pass1.txt,75, 19,1
pretrain_pass1.txt,75, 2,1
pretrain_pass1.txt,75,1,1
pretrain_pass1.txt,75, 3,1
pretrain_pass1.txt,75,3,1
pretrain_pass1.txt,75, 4,1
pretrain_pass1.txt,75,2,1
pretrain_pass1.txt,75, 5,1
pretrain_pass1.txt,75,6,1
pretrain_pass1.txt,75, 6,1
pretrain_pass1.txt,75,5,1
pretrain_pass1.txt,75, 7,1
pretrain_pass1.txt,75,7,1
pretrain_pass1.txt,75, 8,1
pretrain_pass1.txt,75,0,1
pretrain_pass1.txt,75, 9,1
pretrain_pass1.txt,75,8,1
pretrain_pass1.txt,75, 10,1
pretrain_pass1.txt,75,9,3
pretrain_pass1.txt,75, 12,1
pretrain_pass1.txt,75, 11,1
pretrain_pass1.txt,75,88,1
pretrain_pass1.txt,75, 15,1
pretrain_pass1.txt,76,23,1
pretrain_pass1.txt,76,9,1
pretrain_pass1.txt,76, |,339
pretrain_pass1.txt,76,|,341
pretrain_pass1.txt,76,1,336
pretrain_pass1.txt,76,4,2
pretrain_pass1.txt,76,2,1
pretrain_pass1.txt,76,12,1
pretrain_pass1.txt,76,6,3
pretrain_pass1.txt,76,50,1
pretrain_pass1.txt,76,8,7
pretrain_pass1.txt,76,3,2
pretrain_pass1.txt,76,10,1
pretrain_pass1.txt,76,7,1
pretrain_pass1.txt,76,20,1
pretrain_pass1.txt,76,0,1
pretrain_pass1.txt,76,30,1
pretrain_pass1.txt,76,00,1
pretrain_pass1.txt,76,5,3
pretrain_pass1.txt,76,201,1
pretrain_pass1.txt,76,88,323
pretrain_pass1.txt,76, 9,1
pretrain_pass1.txt,76,||,1
pretrain_pass1.txt,76,E,1
pretrain_pass1.txt,76,l,1
pretrain_pass1.txt,76,s,1
pretrain_pass1.txt,76,b,1
pretrain_pass1.txt,76,.,1
pretrain_pass1.txt,76,m,1
pretrain_pass1.txt,76,an,1
pretrain_pass1.txt,76,y,1
pretrain_pass1.txt,76,©,1
pretrain_pass1.txt,77,23,1
pretrain_pass1.txt,77,9,189
pretrain_pass1.txt,77, |,197
pretrain_pass1.txt,77,|,198
pretrain_pass1.txt,77, 1,180
pretrain_pass1.txt,77,4,1
pretrain_pass1.txt,77,0,3
pretrain_pass1.txt,77, 2,1
pretrain_pass1.txt,77,8,4
pretrain_pass1.txt,77,3,1
pretrain_pass1.txt,77, 3,1
pretrain_pass1.txt,77,1,3
pretrain_pass1.txt,77,5,1
pretrain_pass1.txt,77, 20,1
pretrain_pass1.txt,77,7,165
pretrain_pass1.txt,77, 4,1
pretrain_pass1.txt,77,6,2
pretrain_pass1.txt,77,2,179
pretrain_pass1.txt,77, 7,1
pretrain_pass1.txt,77,50,1
pretrain_pass1.txt,77, 5,1
pretrain_pass1.txt,77,20,1
pretrain_pass1.txt,77, 6,2
pretrain_pass1.txt,77,30,1
pretrain_pass1.txt,77, 8,1
pretrain_pass1.txt,77,10,1
pretrain_pass1.txt,77, 9,1
pretrain_pass1.txt,77,00,1
pretrain_pass1.txt,77,88,1
pretrain_pass1.txt,77, 10,1
pretrain_pass1.txt,77,",",185
pretrain_pass1.txt,77, 100,1
pretrain_pass1.txt,77, 12,1
pretrain_pass1.txt,77, 15,1
pretrain_pass1.txt,77, 11,1
pretrain_pass1.txt,77,12,1
pretrain_pass1.txt,77, 19,1
pretrain_pass1.txt,77,22,1
pretrain_pass1.txt,77, 0,1
pretrain_pass1.txt,77,||,1
pretrain_pass1.txt,78,23,2
pretrain_pass1.txt,78, |,2
pretrain_pass1.txt,78,|,2
pretrain_pass1.txt,78, 0,1
pretrain_pass1.txt,78,1,1
pretrain_pass1.txt,78,:,1
pretrain_pass1.txt,78,2,1
pretrain_pass1.txt,78,9,1
pretrain_pass1.txt,78,||,1
pretrain_pass1.txt,78,?,1
pretrain_pass1.txt,78, «,2
pretrain_pass1.txt,78,»,1
pretrain_pass1.txt,78, (,1
pretrain_pass1.txt,78,U,1
pretrain_pass1.txt,78,C,1
pretrain_pass1.txt,78,L,1
pretrain_pass1.txt,78,),1
pretrain_pass1.txt,78, F,1
pretrain_pass1.txt,78,r,1
pretrain_pass1.txt,78,an,1
pretrain_pass1.txt,78,ce,1
pretrain_pass1.txt,78, In,1
pretrain_pass1.txt,78,ter,1
pretrain_pass1.txt,78,n,1
pretrain_pass1.txt,78,ation,1
pretrain_pass1.txt,78,al,1
pretrain_pass1.txt,78, B,1
pretrain_pass1.txt,78,ud,1
pretrain_pass1.txt,78,g,1
pretrain_pass1.txt,78,et,1
pretrain_pass1.txt,78, S,1
pretrain_pass1.txt,78,ur,1
pretrain_pass1.txt,78,v,1
pretrain_pass1.txt,78,ey,1
pretrain_pass1.txt,78,",",1
pretrain_pass1.txt,78, C,1
pretrain_pass1.txt,78,.,3
pretrain_pass1.txt,78,F,1
pretrain_pass1.txt,78,R,1
pretrain_pass1.txt,79,23,1
pretrain_pass1.txt,79,9,1
pretrain_pass1.txt,79, |,10
pretrain_pass1.txt,79,|,10
pretrain_pass1.txt,79,1,5
pretrain_pass1.txt,79,3,1
pretrain_pass1.txt,79,8,2
pretrain_pass1.txt,79,2,1
pretrain_pass1.txt,79,4,1
pretrain_pass1.txt,79,6,1
pretrain_pass1.txt,79,0,1
pretrain_pass1.txt,79,7,1
pretrain_pass1.txt,79,5,1
pretrain_pass1.txt,79,30,1
pretrain_pass1.txt,79,12,1
pretrain_pass1.txt,79,20,1
pretrain_pass1.txt,79,10,1
pretrain_pass1.txt,79,88,1
pretrain_pass1.txt,79,50,1
pretrain_pass1.txt,79,00,1
pretrain_pass1.txt,79,000,1
pretrain_pass1.txt,79,",000",1
pretrain_pass1.txt,80,23,1
pretrain_pass1.txt,80,",",3
pretrain_pass1.txt,80, 2017,1
pretrain_pass1.txt,80, |,1
pretrain_pass1.txt,80,|,1
pretrain_pass1.txt,80, 0,1
pretrain_pass1.txt,80,1,1
pretrain_pass1.txt,80,-,2
pretrain_pass1.txt,80,J,1
pretrain_pass1.txt,80,an,2
pretrain_pass1.txt,80,201,1
pretrain_pass1.txt,80,7,1
pretrain_pass1.txt,80, 2,1
pretrain_pass1.txt,80,:,1
pretrain_pass1.txt,80,4,1
pretrain_pass1.txt,80,9,1
pretrain_pass1.txt,80, p,1
pretrain_pass1.txt,80,m,1
pretrain_pass1.txt,80,×,1
pretrain_pass1.txt,80,.,1
pretrain_pass1.txt,80, A,1
pretrain_pass1.txt,80,F,1
pretrain_pass1.txt,80,P,1
pretrain_pass1.txt,80,...,1
pretrain_pass1.txt,80,),11
pretrain_pass1.txt,80,!,2
pretrain_pass1.txt,80,?,3
pretrain_pass1.txt,80, M,1
pretrain_pass1.txt,80,ay,1
pretrain_pass1.txt,80, 20,1
pretrain_pass1.txt,80, 2018,1
pretrain_pass1.txt,80, -,1
pretrain_pass1.txt,80, B,1
pretrain_pass1.txt,80,iz,1
pretrain_pass1.txt,80,K,1
pretrain_pass1.txt,80,h,2
pretrain_pass1.txt,80,mer,1
pretrain_pass1.txt,80,!!,1
pretrain_pass1.txt,80, P,1
pretrain_pass1.txt,80,ac,1
pretrain_pass1.txt,80,qu,1
pretrain_pass1.txt,80,ia,1
pretrain_pass1.txt,80,o,1
pretrain_pass1.txt,80, (,1
pretrain_pass1.txt,80, N,1
pretrain_pass1.txt,80,ov,1
pretrain_pass1.txt,80,em,1
pretrain_pass1.txt,80,ber,1
pretrain_pass1.txt,80, 1,1
pretrain_pass1.txt,80,8,1
pretrain_pass1.txt,80, 2019,1
pretrain_pass1.txt,80, L,1
pretrain_pass1.txt,80,in,1
pretrain_pass1.txt,80,y,1
pretrain_pass1.txt,80, Ch,1
pretrain_pass1.txt,80, “,1
pretrain_pass1.txt,80,T,1
pretrain_pass1.txt,80,he,1
pretrain_pass1.txt,80, C,1
pretrain_pass1.txt,80,r,1
pretrain_pass1.txt,80,us,1
pretrain_pass1.txt,80,”,1
pretrain_pass1.txt,81,23,3
pretrain_pass1.txt,81,9,1
pretrain_pass1.txt,81, |,17
pretrain_pass1.txt,81,|,17
pretrain_pass1.txt,81,3,2
pretrain_pass1.txt,81,4,2
pretrain_pass1.txt,81, 2,1
pretrain_pass1.txt,81,2,1
pretrain_pass1.txt,81,5,1
pretrain_pass1.txt,81, 1,1
pretrain_pass1.txt,81,6,1
pretrain_pass1.txt,81,0,1
pretrain_pass1.txt,81, 3,1
pretrain_pass1.txt,81,7,2
pretrain_pass1.txt,81,8,1
pretrain_pass1.txt,81, 19,1
pretrain_pass1.txt,81,1,2
pretrain_pass1.txt,81, 4,1
pretrain_pass1.txt,81,10,1
pretrain_pass1.txt,81, 5,1
pretrain_pass1.txt,81,00,1
pretrain_pass1.txt,81, 6,1
pretrain_pass1.txt,81,50,1
pretrain_pass1.txt,81, 7,1
pretrain_pass1.txt,81,20,1
pretrain_pass1.txt,81, 8,1
pretrain_pass1.txt,81,30,1
pretrain_pass1.txt,81, 12,1
pretrain_pass1.txt,81, 9,1
pretrain_pass1.txt,81, 10,1
pretrain_pass1.txt,81,",",2
pretrain_pass1.txt,81,88,1
pretrain_pass1.txt,81, 11,1
pretrain_pass1.txt,81, 15,1
pretrain_pass1.txt,81,12,1
pretrain_pass1.txt,81, 0,1
pretrain_pass1.txt,81,.,1
pretrain_pass1.txt,81,K,1
pretrain_pass1.txt,81, -,1
pretrain_pass1.txt,82,23,2
pretrain_pass1.txt,82,8,1
pretrain_pass1.txt,82, |,2
pretrain_pass1.txt,82,|,2
pretrain_pass1.txt,82,9,1
pretrain_pass1.txt,83,23,1
pretrain_pass1.txt,83,9,9
pretrain_pass1.txt,83, |,70
pretrain_pass1.txt,83,|,70
pretrain_pass1.txt,83,1,69
pretrain_pass1.txt,83,8,8
pretrain_pass1.txt,83,5,11
pretrain_pass1.txt,83,12,1
pretrain_pass1.txt,83,4,23
pretrain_pass1.txt,83,10,1
pretrain_pass1.txt,83,6,3
pretrain_pass1.txt,83,2,55
pretrain_pass1.txt,83,7,5
pretrain_pass1.txt,83,3,10
pretrain_pass1.txt,83,0,2
pretrain_pass1.txt,83,30,1
pretrain_pass1.txt,83,20,1
pretrain_pass1.txt,83,88,1
pretrain_pass1.txt,83,50,1
pretrain_pass1.txt,83,22,1
pretrain_pass1.txt,83,00,1
pretrain_pass1.txt,84,23,210
pretrain_pass1.txt,84,1,3
pretrain_pass1.txt,84, |,224
pretrain_pass1.txt,84,|,227
pretrain_pass1.txt,84, 1,209
pretrain_pass1.txt,84,3,1
pretrain_pass1.txt,84,9,7
pretrain_pass1.txt,84, 2,1
pretrain_pass1.txt,84,8,5
pretrain_pass1.txt,84,2,1
pretrain_pass1.txt,84, 19,1
pretrain_pass1.txt,84,5,1
pretrain_pass1.txt,84, 3,1
pretrain_pass1.txt,84,4,5
pretrain_pass1.txt,84,6,1
pretrain_pass1.txt,84, 20,1
pretrain_pass1.txt,84,7,196
pretrain_pass1.txt,84, 4,1
pretrain_pass1.txt,84,0,2
pretrain_pass1.txt,84, 6,1
pretrain_pass1.txt,84,88,1
pretrain_pass1.txt,84, 5,1
pretrain_pass1.txt,84,00,1
pretrain_pass1.txt,84, 7,1
pretrain_pass1.txt,84,50,1
pretrain_pass1.txt,84, 8,1
pretrain_pass1.txt,84,30,1
pretrain_pass1.txt,84, 9,1
pretrain_pass1.txt,84,20,1
pretrain_pass1.txt,84, 12,1
pretrain_pass1.txt,84,",",214
pretrain_pass1.txt,84,10,1
pretrain_pass1.txt,84, 10,1
pretrain_pass1.txt,84,12,1
pretrain_pass1.txt,84, 11,1
pretrain_pass1.txt,84, 15,1
pretrain_pass1.txt,84,22,1
pretrain_pass1.txt,84, 0,1
pretrain_pass1.txt,84,||,1
pretrain_pass1.txt,85,23,1
pretrain_pass1.txt,85,",",1
pretrain_pass1.txt,85,1,2
pretrain_pass1.txt,85,7,238
pretrain_pass1.txt,85,9,2
pretrain_pass1.txt,85, |,256
pretrain_pass1.txt,85,|,256
pretrain_pass1.txt,85, 0,1
pretrain_pass1.txt,85,8,8
pretrain_pass1.txt,85,5,5
pretrain_pass1.txt,85, 10,1
pretrain_pass1.txt,85,2,2
pretrain_pass1.txt,85, 3,1
pretrain_pass1.txt,85,4,231
pretrain_pass1.txt,85,6,3
pretrain_pass1.txt,85, 2,1
pretrain_pass1.txt,85,88,1
pretrain_pass1.txt,85, 4,1
pretrain_pass1.txt,85,3,5
pretrain_pass1.txt,85, 1,242
pretrain_pass1.txt,85,30,1
pretrain_pass1.txt,85, 6,1
pretrain_pass1.txt,85,0,1
pretrain_pass1.txt,85, 7,1
pretrain_pass1.txt,85,20,1
pretrain_pass1.txt,85, 8,1
pretrain_pass1.txt,85,50,1
pretrain_pass1.txt,85, 9,1
pretrain_pass1.txt,85,00,1
pretrain_pass1.txt,85, 5,1
pretrain_pass1.txt,85,10,1
pretrain_pass1.txt,85, 15,1
pretrain_pass1.txt,85, 11,1
pretrain_pass1.txt,85, 12,1
pretrain_pass1.txt,85, 19,1
pretrain_pass1.txt,85,||,1
pretrain_pass1.txt,86,23,1
pretrain_pass1.txt,86, |,2
pretrain_pass1.txt,86,|,2
pretrain_pass1.txt,86,88,1
pretrain_pass1.txt,86,?,2
pretrain_pass1.txt,87,23,1
pretrain_pass1.txt,87,8,1
pretrain_pass1.txt,87, |,10
pretrain_pass1.txt,87,|,10
pretrain_pass1.txt,87,88,1
pretrain_pass1.txt,87,3,1
pretrain_pass1.txt,87, 2,1
pretrain_pass1.txt,87,9,1
pretrain_pass1.txt,87,5,1
pretrain_pass1.txt,87, 1,1
pretrain_pass1.txt,87,4,1
pretrain_pass1.txt,87,7,2
pretrain_pass1.txt,87,2,1
pretrain_pass1.txt,87, 3,1
pretrain_pass1.txt,87,1,1
pretrain_pass1.txt,87,6,1
pretrain_pass1.txt,87, 19,1
pretrain_pass1.txt,87,0,1
pretrain_pass1.txt,87, 4,1
pretrain_pass1.txt,87,20,1
pretrain_pass1.txt,87, 5,1
pretrain_pass1.txt,87,00,1
pretrain_pass1.txt,87, 6,1
pretrain_pass1.txt,87,50,1
pretrain_pass1.txt,87, 7,1
pretrain_pass1.txt,87,30,1
pretrain_pass1.txt,87, 8,1
pretrain_pass1.txt,87,",",1
pretrain_pass1.txt,87,10,1
pretrain_pass1.txt,88,23,1
pretrain_pass1.txt,88, |,1
pretrain_pass1.txt,88,|,1
pretrain_pass1.txt,88, 1,1
pretrain_pass1.txt,88,4,1
pretrain_pass1.txt,88,8,1
pretrain_pass1.txt,88, “,2
pretrain_pass1.txt,88,”,2
pretrain_pass1.txt,88,.,1
pretrain_pass1.txt,88,%,1
pretrain_pass1.txt,88, (,1
pretrain_pass1.txt,88,R,1
pretrain_pass1.txt,88,E,1
pretrain_pass1.txt,88,D,1
pretrain_pass1.txt,88,P,1
pretrain_pass1.txt,88,),1
pretrain_pass1.txt,89,23,1
pretrain_pass1.txt,89,9,1
pretrain_pass1.txt,89, |,1
pretrain_pass1.txt,89,|,1
pretrain_pass1.txt,89, «,1
pretrain_pass1.txt,89,»,1
pretrain_pass1.txt,90,23,1
pretrain_pass1.txt,90,1,1
pretrain_pass1.txt,90, |,4
pretrain_pass1.txt,90,|,4
pretrain_pass1.txt,90,4,1
pretrain_pass1.txt,90,5,1
pretrain_pass1.txt,90,9,1
pretrain_pass1.txt,90,3,1
pretrain_pass1.txt,90,7,1
pretrain_pass1.txt,90,0,1
pretrain_pass1.txt,90,2,1
pretrain_pass1.txt,90,8,1
pretrain_pass1.txt,90,6,2
pretrain_pass1.txt,90,10,1
pretrain_pass1.txt,90,||,1
pretrain_pass1.txt,90, (,1
pretrain_pass1.txt,90,),1
pretrain_pass1.txt,90,.,8
pretrain_pass1.txt,90,",",1
pretrain_pass1.txt,91,23,1
pretrain_pass1.txt,91, |,233
pretrain_pass1.txt,91,|,233
pretrain_pass1.txt,91, 2,1
pretrain_pass1.txt,91,2,1
pretrain_pass1.txt,91,8,7
pretrain_pass1.txt,91, 3,1
pretrain_pass1.txt,91,1,6
pretrain_pass1.txt,91,9,4
pretrain_pass1.txt,91, 1,218
pretrain_pass1.txt,91,3,9
pretrain_pass1.txt,91,5,2
pretrain_pass1.txt,91, 4,1
pretrain_pass1.txt,91,4,414
pretrain_pass1.txt,91,6,1
pretrain_pass1.txt,91, 5,1
pretrain_pass1.txt,91,7,1
pretrain_pass1.txt,91,0,4
pretrain_pass1.txt,91, 6,1
pretrain_pass1.txt,91,00,1
pretrain_pass1.txt,91, 7,1
pretrain_pass1.txt,91,50,1
pretrain_pass1.txt,91, 9,1
pretrain_pass1.txt,91,",",1
pretrain_pass1.txt,91,10,1
pretrain_pass1.txt,91, 8,1
pretrain_pass1.txt,91,30,1
pretrain_pass1.txt,91, 11,1
pretrain_pass1.txt,91, 10,1
pretrain_pass1.txt,91,.,1
pretrain_pass1.txt,91, 12,1
pretrain_pass1.txt,91,20,1
pretrain_pass1.txt,91,88,1
pretrain_pass1.txt,91, 15,1
pretrain_pass1.txt,91, 20,1
pretrain_pass1.txt,91, 19,1
pretrain_pass1.txt,92,23,1
pretrain_pass1.txt,92,9,2
pretrain_pass1.txt,92, |,11
pretrain_pass1.txt,92,|,11
pretrain_pass1.txt,92, 2,1
pretrain_pass1.txt,92,5,1
pretrain_pass1.txt,92,1,1
pretrain_pass1.txt,92, 3,1
pretrain_pass1.txt,92,6,1
pretrain_pass1.txt,92,7,1
pretrain_pass1.txt,92, 1,1
pretrain_pass1.txt,92,4,1
pretrain_pass1.txt,92,8,1
pretrain_pass1.txt,92, 4,1
pretrain_pass1.txt,92,2,1
pretrain_pass1.txt,92,",",1
pretrain_pass1.txt,92,0,1
pretrain_pass1.txt,92,3,1
pretrain_pass1.txt,92, 19,1
pretrain_pass1.txt,92,88,1
pretrain_pass1.txt,92, 6,1
pretrain_pass1.txt,92,50,1
pretrain_pass1.txt,92, 5,1
pretrain_pass1.txt,92,00,1
pretrain_pass1.txt,92, 7,1
pretrain_pass1.txt,92,20,1
pretrain_pass1.txt,92, 9,1
pretrain_pass1.txt,92,30,1
pretrain_pass1.txt,92, 8,1
pretrain_pass1.txt,92,10,1
pretrain_pass1.txt,92, 10,1
pretrain_pass1.txt,92,.,1
pretrain_pass1.txt,92,K,1
pretrain_pass1.txt,92, -,1
pretrain_pass1.txt,92,22,1
pretrain_pass1.txt,92,!,1
pretrain_pass1.txt,92, N,1
pretrain_pass1.txt,92,an,1
pretrain_pass1.txt,92,c,1
pretrain_pass1.txt,92,y,1
pretrain_pass1.txt,92, P,1
pretrain_pass1.txt,92,el,1
pretrain_pass1.txt,92,os,1
pretrain_pass1.txt,92,i,1
pretrain_pass1.txt,93,23,1
pretrain_pass1.txt,93,1,1
pretrain_pass1.txt,93, |,5
pretrain_pass1.txt,93,|,5
pretrain_pass1.txt,93,3,1
pretrain_pass1.txt,93,7,1
pretrain_pass1.txt,93,6,1
pretrain_pass1.txt,93,4,1
pretrain_pass1.txt,93,8,1
pretrain_pass1.txt,93,9,1
pretrain_pass1.txt,93,5,1
pretrain_pass1.txt,93,2,1
pretrain_pass1.txt,93,88,1
pretrain_pass1.txt,93,0,1
pretrain_pass1.txt,93,10,1
pretrain_pass1.txt,93,50,1
pretrain_pass1.txt,94,23,2
pretrain_pass1.txt,94,8,1
pretrain_pass1.txt,94, |,11
pretrain_pass1.txt,94,|,11
pretrain_pass1.txt,94,9,1
pretrain_pass1.txt,94, 1,1
pretrain_pass1.txt,94,4,1
pretrain_pass1.txt,94,1,1
pretrain_pass1.txt,94, 2,1
pretrain_pass1.txt,94,5,1
pretrain_pass1.txt,94,2,1
pretrain_pass1.txt,94, 3,1
pretrain_pass1.txt,94,7,1
pretrain_pass1.txt,94,6,1
pretrain_pass1.txt,94, 19,1
pretrain_pass1.txt,94,3,1
pretrain_pass1.txt,94, 4,1
pretrain_pass1.txt,94,0,1
pretrain_pass1.txt,94, 5,1
pretrain_pass1.txt,94,10,1
pretrain_pass1.txt,94, 7,1
pretrain_pass1.txt,94,50,1
pretrain_pass1.txt,94, 6,1
pretrain_pass1.txt,94,00,1
pretrain_pass1.txt,94, 8,1
pretrain_pass1.txt,94,20,1
pretrain_pass1.txt,94, 9,1
pretrain_pass1.txt,94,30,1
pretrain_pass1.txt,95,23,1
pretrain_pass1.txt,95,9,1
pretrain_pass1.txt,95, |,1
pretrain_pass1.txt,95,|,1
pretrain_pass1.txt,95,4,1
pretrain_pass1.txt,95,0,1
pretrain_pass1.txt,95,7,1
pretrain_pass1.txt,96,23,1
pretrain_pass1.txt,96,1,5
pretrain_pass1.txt,96, |,27
pretrain_pass1.txt,96,|,27
pretrain_pass1.txt,96,4,10
pretrain_pass1.txt,96,3,2
pretrain_pass1.txt,96,7,16
pretrain_pass1.txt,96,5,25
pretrain_pass1.txt,96,8,1
pretrain_pass1.txt,96,9,2
pretrain_pass1.txt,96,6,5
pretrain_pass1.txt,96,0,1
pretrain_pass1.txt,96,2,3
pretrain_pass1.txt,96,50,1
pretrain_pass1.txt,96,10,1
pretrain_pass1.txt,96,30,1
pretrain_pass1.txt,96,12,1
pretrain_pass1.txt,96,20,1
pretrain_pass1.txt,96,00,1
pretrain_pass1.txt,96,88,1
pretrain_pass1.txt,97,ad,1
pretrain_pass1.txt,97,m,1
pretrain_pass1.txt,97,in,1
pretrain_pass1.txt,97, |,1
pretrain_pass1.txt,97,|,1
pretrain_pass1.txt,97, 1,1
pretrain_pass1.txt,97,8,1
pretrain_pass1.txt,97,6,1
pretrain_pass1.txt,97,9,1
pretrain_pass1.txt,98,23,1
pretrain_pass1.txt,98,9,2
pretrain_pass1.txt,98, |,10
pretrain_pass1.txt,98,|,10
pretrain_pass1.txt,98, 2,1
pretrain_pass1.txt,98,1,1
pretrain_pass1.txt,98,6,1
pretrain_pass1.txt,98, 1,1
pretrain_pass1.txt,98,8,2
pretrain_pass1.txt,98,5,1
pretrain_pass1.txt,98, 3,1
pretrain_pass1.txt,98,4,1
pretrain_pass1.txt,98,7,1
pretrain_pass1.txt,98, 4,1
pretrain_pass1.txt,98,2,1
pretrain_pass1.txt,98, 6,1
pretrain_pass1.txt,98,3,1
pretrain_pass1.txt,98, 7,1
pretrain_pass1.txt,98,0,1
pretrain_pass1.txt,98, 5,1
pretrain_pass1.txt,98,30,1
pretrain_pass1.txt,98, 8,1
pretrain_pass1.txt,98,50,1
pretrain_pass1.txt,98, 9,1
pretrain_pass1.txt,98,20,1
pretrain_pass1.txt,98, 12,1
pretrain_pass1.txt,98,",",1
pretrain_pass1.txt,98,22,1
pretrain_pass1.txt,98,88,1
pretrain_pass1.txt,99,23,2
pretrain_pass1.txt,99,",",13
pretrain_pass1.txt,99,0,3
pretrain_pass1.txt,99,8,2
pretrain_pass1.txt,99,1,9
pretrain_pass1.txt,99, |,11
pretrain_pass1.txt,99,|,11
pretrain_pass1.txt,99,9,4
pretrain_pass1.txt,99,7,8
pretrain_pass1.txt,99,2,1
pretrain_pass1.txt,99,5,1
pretrain_pass1.txt,99, 1,1
pretrain_pass1.txt,99,88,1
pretrain_pass1.txt,99,4,2
pretrain_pass1.txt,99,6,1
pretrain_pass1.txt,99,3,1
pretrain_pass1.txt,99, 2,1
pretrain_pass1.txt,99,10,1
pretrain_pass1.txt,99,50,1
pretrain_pass1.txt,99, 3,1
pretrain_pass1.txt,99,30,1
pretrain_pass1.txt,99,00,1
pretrain_pass1.txt,99,20,1
pretrain_pass1.txt,99, 4,1
pretrain_pass1.txt,99,.,6
pretrain_pass1.txt,99,12,1
pretrain_pass1.txt,99,22,6
pretrain_pass1.txt,99, 5,1
pretrain_pass1.txt,99, 6,1
pretrain_pass1.txt,99, 7,1
pretrain_pass1.txt,99, 8,1
pretrain_pass1.txt,99, 9,1
pretrain_pass1.txt,99, 11,1
pretrain_pass1.txt,100,23,1
pretrain_pass1.txt,100, |,10
pretrain_pass1.txt,100,|,10
pretrain_pass1.txt,100, 2,1
pretrain_pass1.txt,100,1,1
pretrain_pass1.txt,100, 3,1
pretrain_pass1.txt,100,3,1
pretrain_pass1.txt,100, 4,1
pretrain_pass1.txt,100,2,1
pretrain_pass1.txt,100, 5,1
pretrain_pass1.txt,100,4,1
pretrain_pass1.txt,100, 6,1
pretrain_pass1.txt,100,5,1
pretrain_pass1.txt,100, 7,1
pretrain_pass1.txt,100,6,1
pretrain_pass1.txt,100, 8,1
pretrain_pass1.txt,100,7,1
pretrain_pass1.txt,100, 1,1
pretrain_pass1.txt,100,8,1
pretrain_pass1.txt,100,9,1
pretrain_pass1.txt,100, 9,1
pretrain_pass1.txt,100,0,1
pretrain_pass1.txt,100, 12,1
pretrain_pass1.txt,100,12,1
pretrain_pass1.txt,101,23,1
pretrain_pass1.txt,101,9,2
pretrain_pass1.txt,101, |,9
pretrain_pass1.txt,101,|,9
pretrain_pass1.txt,101,1,1
pretrain_pass1.txt,101,8,1
pretrain_pass1.txt,101,4,6
pretrain_pass1.txt,101,2,2
pretrain_pass1.txt,101,5,2
pretrain_pass1.txt,101,3,1
pretrain_pass1.txt,101,7,3
pretrain_pass1.txt,101,0,1
pretrain_pass1.txt,101,6,2
pretrain_pass1.txt,101,30,1
pretrain_pass1.txt,101,50,1
pretrain_pass1.txt,101,10,1
pretrain_pass1.txt,101,12,1
pretrain_pass1.txt,101,22,1
pretrain_pass1.txt,101,20,1
pretrain_pass1.txt,101,88,1
pretrain_pass1.txt,101,00,1
pretrain_pass1.txt,102,23,1
pretrain_pass1.txt,102,9,1
pretrain_pass1.txt,102, |,8
pretrain_pass1.txt,102,|,8
pretrain_pass1.txt,102,1,1
pretrain_pass1.txt,102,8,2
pretrain_pass1.txt,102,2,1
pretrain_pass1.txt,102,3,1
pretrain_pass1.txt,102,5,1
pretrain_pass1.txt,102,4,1
pretrain_pass1.txt,102,0,1
pretrain_pass1.txt,102,7,2
pretrain_pass1.txt,102,6,1
pretrain_pass1.txt,102,30,1
pretrain_pass1.txt,102,10,1
pretrain_pass1.txt,102,12,1
pretrain_pass1.txt,102,22,1
pretrain_pass1.txt,102,50,1
pretrain_pass1.txt,102,88,1
pretrain_pass1.txt,102,20,1
pretrain_pass1.txt,102,00,1
pretrain_pass1.txt,103,23,1
pretrain_pass1.txt,103,8,1
pretrain_pass1.txt,103, |,1
pretrain_pass1.txt,103,|,1
pretrain_pass1.txt,103, 1,1
pretrain_pass1.txt,103,4,1
pretrain_pass1.txt,103,9,1
pretrain_pass1.txt,103,||,1
pretrain_pass1.txt,103,—,1
pretrain_pass1.txt,103, P,1
pretrain_pass1.txt,103,re,1
pretrain_pass1.txt,103,ah,1
pretrain_pass1.txt,103, V,1
pretrain_pass1.txt,103,i,3
pretrain_pass1.txt,103,he,1
pretrain_pass1.txt,103,ar,1
pretrain_pass1.txt,103, Th,1
pretrain_pass1.txt,103,a,1
pretrain_pass1.txt,103,ul,1
pretrain_pass1.txt,103,",",1
pretrain_pass1.txt,103, S,1
pretrain_pass1.txt,103,ang,1
pretrain_pass1.txt,103,k,1
pretrain_pass1.txt,103,at,1
pretrain_pass1.txt,103, T,1
pretrain_pass1.txt,103,ou,1
pretrain_pass1.txt,103,l,1
pretrain_pass1.txt,103, K,1
pretrain_pass1.txt,103,or,1
pretrain_pass1.txt,103,m,1
pretrain_pass1.txt,103,p,1
pretrain_pass1.txt,103,al,1
pretrain_pass1.txt,103,ak,1
pretrain_pass1.txt,103,h,2
pretrain_pass1.txt,103,n,1
pretrain_pass1.txt,103,g,2
pretrain_pass1.txt,103, Ch,1
pretrain_pass1.txt,103,am,1
pretrain_pass1.txt,103,r,2
pretrain_pass1.txt,103,av,1
pretrain_pass1.txt,103,an,1
pretrain_pass1.txt,103, H,1
pretrain_pass1.txt,103,o,1
pretrain_pass1.txt,103,e,3
pretrain_pass1.txt,103,ung,1
pretrain_pass1.txt,103, N,1
pretrain_pass1.txt,103,ot,1
pretrain_pass1.txt,103,t,2
pretrain_pass1.txt,103,ing,1
pretrain_pass1.txt,103, C,1
pretrain_pass1.txt,103,om,2
pretrain_pass1.txt,103,mer,1
pretrain_pass1.txt,103,c,1
pretrain_pass1.txt,103,ad,1
pretrain_pass1.txt,103, d,1
pretrain_pass1.txt,103,ist,1
pretrain_pass1.txt,103,ic,1
pretrain_pass1.txt,103, in,1
pretrain_pass1.txt,103, the,1
pretrain_pass1.txt,103, Ph,1
pretrain_pass1.txt,103,il,1
pretrain_pass1.txt,103,pp,1
pretrain_pass1.txt,103,in,1
pretrain_pass1.txt,103,es,1
pretrain_pass1.txt,103, of,1
pretrain_pass1.txt,103, L,1
pretrain_pass1.txt,103,u,1
pretrain_pass1.txt,103,x,1
pretrain_pass1.txt,103,em,1
pretrain_pass1.txt,103,b,1
pretrain_pass1.txt,103,our,1
pretrain_pass1.txt,103, (,1
pretrain_pass1.txt,103,P,1
pretrain_pass1.txt,103,L,1
pretrain_pass1.txt,103,A,1
pretrain_pass1.txt,103,),1
pretrain_pass1.txt,103,.,2
pretrain_pass1.txt,103, The,1
pretrain_pass1.txt,103, p,1
pretrain_pass1.txt,103,ro,1
pretrain_pass1.txt,103,v,1
pretrain_pass1.txt,103,id,1
pretrain_pass1.txt,103,ed,2
pretrain_pass1.txt,103, s,1
pretrain_pass1.txt,103,ub,1
pretrain_pass1.txt,103,-,1
pretrain_pass1.txt,103,s,2
pretrain_pass1.txt,103,ect,1
pretrain_pass1.txt,103,ion,1
pretrain_pass1.txt,103, w,1
pretrain_pass1.txt,103,as,1
pretrain_pass1.txt,103, n,1
pretrain_pass1.txt,103,ev,1
pretrain_pass1.txt,103,er,1
pretrain_pass1.txt,103, b,1
pretrain_pass1.txt,103,ec,1
pretrain_pass1.txt,103, a,1
pretrain_pass1.txt,103, m,1
pretrain_pass1.txt,103,on,1
pretrain_pass1.txt,103,th,1
pretrain_pass1.txt,103,ly,1
pretrain_pass1.txt,103, c,1
pretrain_pass1.txt,103,lo,1
pretrain_pass1.txt,103,se,1
pretrain_pass1.txt,103, to,1
pretrain_pass1.txt,103, f,1
pretrain_pass1.txt,103,ind,1
pretrain_pass1.txt,103, h,1
pretrain_pass1.txt,103,is,1
pretrain_pass1.txt,103, t,1
pretrain_pass1.txt,103,ime,1
pretrain_pass1.txt,103, and,1
pretrain_pass1.txt,103, re,1
pretrain_pass1.txt,103,d,2
pretrain_pass1.txt,103,uc,1
pretrain_pass1.txt,103, th,1
pretrain_pass1.txt,103,os,1
pretrain_pass1.txt,103, g,1
pretrain_pass1.txt,103,ov,1
pretrain_pass1.txt,103,ern,1
pretrain_pass1.txt,103,ment,1
pretrain_pass1.txt,103,',1
pretrain_pass1.txt,103, r,1
pretrain_pass1.txt,103,ight,1
pretrain_pass1.txt,103, for,1
pretrain_pass1.txt,103,est,1
pretrain_pass1.txt,103, y,1
pretrain_pass1.txt,103,ester,1
pretrain_pass1.txt,103,ay,1
pretrain_pass1.txt,104,ad,1
pretrain_pass1.txt,104,m,1
pretrain_pass1.txt,104,in,1
pretrain_pass1.txt,104, |,1
pretrain_pass1.txt,104,|,1
pretrain_pass1.txt,104, 2,1
pretrain_pass1.txt,104,6,1
pretrain_pass1.txt,104,9,1
pretrain_pass1.txt,104,7,1
pretrain_pass1.txt,105,23,1
pretrain_pass1.txt,105,.,1
pretrain_pass1.txt,105,1,1
pretrain_pass1.txt,105,5,2
pretrain_pass1.txt,105, |,1
pretrain_pass1.txt,105,|,1
pretrain_pass1.txt,105,+,1
pretrain_pass1.txt,105,8,1
pretrain_pass1.txt,105,6,1
pretrain_pass1.txt,105, 1,1
pretrain_pass1.txt,105,3,1
pretrain_pass1.txt,105,7,1
pretrain_pass1.txt,105,2,1
pretrain_pass1.txt,105,4,1
pretrain_pass1.txt,105,9,1
pretrain_pass1.txt,105,0,1
pretrain_pass1.txt,105,30,1
pretrain_pass1.txt,105, (,1
pretrain_pass1.txt,105,-,1
pretrain_pass1.txt,105,),1
pretrain_pass1.txt,106,23,1
pretrain_pass1.txt,106,9,1
pretrain_pass1.txt,106, |,22
pretrain_pass1.txt,106,|,22
pretrain_pass1.txt,106,1,14
pretrain_pass1.txt,106,8,3
pretrain_pass1.txt,106,2,3
pretrain_pass1.txt,106,4,1
pretrain_pass1.txt,106,3,1
pretrain_pass1.txt,106,7,5
pretrain_pass1.txt,106,10,1
pretrain_pass1.txt,106,5,1
pretrain_pass1.txt,106,12,1
pretrain_pass1.txt,106,6,2
pretrain_pass1.txt,106,0,2
pretrain_pass1.txt,106,20,2
pretrain_pass1.txt,106,22,2
pretrain_pass1.txt,106,30,1
pretrain_pass1.txt,106,50,1
pretrain_pass1.txt,106,88,1
pretrain_pass1.txt,106,201,1
pretrain_pass1.txt,106,||,1
pretrain_pass1.txt,106,00,6
pretrain_pass1.txt,106,000,1
pretrain_pass1.txt,106,",000",1
pretrain_pass1.txt,107,23,1
pretrain_pass1.txt,107,9,1
pretrain_pass1.txt,107, |,1
pretrain_pass1.txt,107,|,1
pretrain_pass1.txt,107,4,1
pretrain_pass1.txt,107,3,1
pretrain_pass1.txt,107,8,1
pretrain_pass1.txt,108,23,1
pretrain_pass1.txt,108, |,1
pretrain_pass1.txt,108,|,1
pretrain_pass1.txt,108, 2,1
pretrain_pass1.txt,108,1,1
pretrain_pass1.txt,108, «,1
pretrain_pass1.txt,108,»,1
pretrain_pass1.txt,109,23,1
pretrain_pass1.txt,109,9,1
pretrain_pass1.txt,109, |,1
pretrain_pass1.txt,109,|,1
pretrain_pass1.txt,109,2,1
pretrain_pass1.txt,109,4,1
pretrain_pass1.txt,109,5,1
pretrain_pass1.txt,110,23,1
pretrain_pass1.txt,110,8,13
pretrain_pass1.txt,110, |,374
pretrain_pass1.txt,110,|,374
pretrain_pass1.txt,110,1,278
pretrain_pass1.txt,110,4,11
pretrain_pass1.txt,110,2,21
pretrain_pass1.txt,110,12,1
pretrain_pass1.txt,110,6,2
pretrain_pass1.txt,110,0,2
pretrain_pass1.txt,110,5,3
pretrain_pass1.txt,110,3,80
pretrain_pass1.txt,110,10,1
pretrain_pass1.txt,110,7,124
pretrain_pass1.txt,110,20,1
pretrain_pass1.txt,110,9,145
pretrain_pass1.txt,110,30,1
pretrain_pass1.txt,110,201,136
pretrain_pass1.txt,110,50,1
pretrain_pass1.txt,110,00,1
pretrain_pass1.txt,110,88,1
pretrain_pass1.txt,110,22,1
pretrain_pass1.txt,110,",",136
pretrain_pass1.txt,110, 1,1
pretrain_pass1.txt,110, 2,1
pretrain_pass1.txt,110,.,1
pretrain_pass1.txt,110,||,1
pretrain_pass1.txt,110, 15,1
pretrain_pass1.txt,111,23,1
pretrain_pass1.txt,111, |,11
pretrain_pass1.txt,111,|,11
pretrain_pass1.txt,111, 1,1
pretrain_pass1.txt,111,8,1
pretrain_pass1.txt,111, 2,1
pretrain_pass1.txt,111,6,1
pretrain_pass1.txt,111, 3,1
pretrain_pass1.txt,111,7,1
pretrain_pass1.txt,111, 20,1
pretrain_pass1.txt,111, 4,1
pretrain_pass1.txt,111,9,1
pretrain_pass1.txt,111, 7,1
pretrain_pass1.txt,111,1,1
pretrain_pass1.txt,111, 6,1
pretrain_pass1.txt,111,0,1
pretrain_pass1.txt,111, 8,1
pretrain_pass1.txt,111,3,1
pretrain_pass1.txt,111, 5,1
pretrain_pass1.txt,111,2,1
pretrain_pass1.txt,111, 9,1
pretrain_pass1.txt,111,4,1
pretrain_pass1.txt,111, 10,1
pretrain_pass1.txt,111,5,1
pretrain_pass1.txt,112,23,1
pretrain_pass1.txt,112,9,5
pretrain_pass1.txt,112, |,23
pretrain_pass1.txt,112,|,23
pretrain_pass1.txt,112,1,12
pretrain_pass1.txt,112,4,5
pretrain_pass1.txt,112,8,4
pretrain_pass1.txt,112,12,1
pretrain_pass1.txt,112,5,1
pretrain_pass1.txt,112,2,2
pretrain_pass1.txt,112,6,1
pretrain_pass1.txt,112,7,1
pretrain_pass1.txt,112,3,11
pretrain_pass1.txt,112,30,1
pretrain_pass1.txt,112,0,1
pretrain_pass1.txt,112,10,1
pretrain_pass1.txt,112,20,1
pretrain_pass1.txt,112,00,1
pretrain_pass1.txt,112,22,1
pretrain_pass1.txt,112,50,1
pretrain_pass1.txt,112,88,7
pretrain_pass1.txt,113,23,1
pretrain_pass1.txt,113,8,1
pretrain_pass1.txt,113, |,1
pretrain_pass1.txt,113,|,1
pretrain_pass1.txt,114,23,1
pretrain_pass1.txt,114, |,3
pretrain_pass1.txt,114,|,3
pretrain_pass1.txt,114, 2,1
pretrain_pass1.txt,114,1,1
pretrain_pass1.txt,114, 1,1
pretrain_pass1.txt,114,6,1
pretrain_pass1.txt,114, 19,1
pretrain_pass1.txt,115,23,1
pretrain_pass1.txt,115, |,1
pretrain_pass1.txt,115,|,1
pretrain_pass1.txt,115, 0,1
pretrain_pass1.txt,115,6,1
pretrain_pass1.txt,115,||,1
pretrain_pass1.txt,116,23,1
pretrain_pass1.txt,116,1,3
pretrain_pass1.txt,116, |,27
pretrain_pass1.txt,116,|,27
pretrain_pass1.txt,116,2,6
pretrain_pass1.txt,116,4,10
pretrain_pass1.txt,116,6,8
pretrain_pass1.txt,116,3,3
pretrain_pass1.txt,116,7,9
pretrain_pass1.txt,116,8,6
pretrain_pass1.txt,116,5,16
pretrain_pass1.txt,116,9,4
pretrain_pass1.txt,116,0,1
pretrain_pass1.txt,116,50,1
pretrain_pass1.txt,116,30,1
pretrain_pass1.txt,116,10,2
pretrain_pass1.txt,116,20,2
pretrain_pass1.txt,116,12,1
pretrain_pass1.txt,116,22,1
pretrain_pass1.txt,116,00,1
pretrain_pass1.txt,116,88,1
pretrain_pass1.txt,117,23,1
pretrain_pass1.txt,117,9,1
pretrain_pass1.txt,117, |,1
pretrain_pass1.txt,117,|,1
pretrain_pass1.txt,117, 0,1
pretrain_pass1.txt,117,1,1
pretrain_pass1.txt,117,7,1
pretrain_pass1.txt,118,23,2
pretrain_pass1.txt,118, |,233
pretrain_pass1.txt,118,|,233
pretrain_pass1.txt,118, 2,1
pretrain_pass1.txt,118,2,1
pretrain_pass1.txt,118,8,1
pretrain_pass1.txt,118, 3,1
pretrain_pass1.txt,118,1,3
pretrain_pass1.txt,118,4,427
pretrain_pass1.txt,118, 1,215
pretrain_pass1.txt,118,6,1
pretrain_pass1.txt,118,9,4
pretrain_pass1.txt,118, 4,1
pretrain_pass1.txt,118,3,3
pretrain_pass1.txt,118,5,2
pretrain_pass1.txt,118, 6,1
pretrain_pass1.txt,118,7,1
pretrain_pass1.txt,118,0,2
pretrain_pass1.txt,118, 5,1
pretrain_pass1.txt,118,00,1
pretrain_pass1.txt,118, 7,1
pretrain_pass1.txt,118,50,1
pretrain_pass1.txt,118, 9,1
pretrain_pass1.txt,118,88,1
pretrain_pass1.txt,118, 8,1
pretrain_pass1.txt,118,10,1
pretrain_pass1.txt,118, 11,1
pretrain_pass1.txt,118,30,1
pretrain_pass1.txt,118, 10,1
pretrain_pass1.txt,118,20,1
pretrain_pass1.txt,118, 12,1
pretrain_pass1.txt,118,12,1
pretrain_pass1.txt,118,.,1
pretrain_pass1.txt,118, 15,1
pretrain_pass1.txt,118, 100,1
pretrain_pass1.txt,118, 20,1
pretrain_pass1.txt,118, 0,1
pretrain_pass1.txt,118, 19,1
pretrain_pass1.txt,118, 24,1
pretrain_pass1.txt,119,23,1
pretrain_pass1.txt,119,-,4
pretrain_pass1.txt,119,J,1
pretrain_pass1.txt,119,an,1
pretrain_pass1.txt,119,201,1
pretrain_pass1.txt,119,7,1
pretrain_pass1.txt,119, 8,1
pretrain_pass1.txt,119,:,2
pretrain_pass1.txt,119,1,1
pretrain_pass1.txt,119,6,1
pretrain_pass1.txt,119,am,1
pretrain_pass1.txt,119,...,1
pretrain_pass1.txt,119,?,1
pretrain_pass1.txt,119, 2,1
pretrain_pass1.txt,119,2,1
pretrain_pass1.txt,119,F,1
pretrain_pass1.txt,119,eb,1
pretrain_pass1.txt,119,20,1
pretrain_pass1.txt,119,22,1
pretrain_pass1.txt,119, 1,1
pretrain_pass1.txt,119,4,1
pretrain_pass1.txt,119,0,1
pretrain_pass1.txt,119,8,1
pretrain_pass1.txt,119, H,1
pretrain_pass1.txt,119,it,1
pretrain_pass1.txt,119,s,1
pretrain_pass1.txt,119,om,1
pretrain_pass1.txt,119,e,1
pretrain_pass1.txt,119,),8
pretrain_pass1.txt,119, “,2
pretrain_pass1.txt,119,”,2
pretrain_pass1.txt,119,!,1
pretrain_pass1.txt,119, -,1
pretrain_pass1.txt,119, ago,1
pretrain_pass1.txt,120,23,1
pretrain_pass1.txt,120,8,1
pretrain_pass1.txt,120, |,2
pretrain_pass1.txt,120,|,1
pretrain_pass1.txt,120,1,1
pretrain_pass1.txt,120,7,1
pretrain_pass1.txt,120,9,1
pretrain_pass1.txt,120,→,1
pretrain_pass1.txt,121,ad,1
pretrain_pass1.txt,121,m,1
pretrain_pass1.txt,121,in,1
pretrain_pass1.txt,121, |,1
pretrain_pass1.txt,121,|,1
pretrain_pass1.txt,121,2,1
pretrain_pass1.txt,121,6,1
pretrain_pass1.txt,121,9,1
pretrain_pass1.txt,121,7,1
pretrain_pass1.txt,122,23,1
pretrain_pass1.txt,122,7,1
pretrain_pass1.txt,122, |,2
pretrain_pass1.txt,122,|,1
pretrain_pass1.txt,123,23,1
pretrain_pass1.txt,123,",",1
pretrain_pass1.txt,123, 2019,1
pretrain_pass1.txt,123, |,1
pretrain_pass1.txt,123, (,1
pretrain_pass1.txt,123,N,1
pretrain_pass1.txt,123,O,1
pretrain_pass1.txt,123,U,1
pretrain_pass1.txt,123,R,1
pretrain_pass1.txt,123,S,1
pretrain_pass1.txt,123,),1
pretrain_pass1.txt,124,23,1
pretrain_pass1.txt,124,",",2
pretrain_pass1.txt,124, 2017,1
pretrain_pass1.txt,124, |,1
pretrain_pass1.txt,124,|,1
pretrain_pass1.txt,124, 2,1
pretrain_pass1.txt,124,1,1
pretrain_pass1.txt,124, 2019,1
pretrain_pass1.txt,124, “,2
pretrain_pass1.txt,124,”,2
pretrain_pass1.txt,125,23,1
pretrain_pass1.txt,125,1,1
pretrain_pass1.txt,125, |,8
pretrain_pass1.txt,125,|,8
pretrain_pass1.txt,125, 2,1
pretrain_pass1.txt,125,5,1
pretrain_pass1.txt,125,3,2
pretrain_pass1.txt,125, 3,1
pretrain_pass1.txt,125,7,1
pretrain_pass1.txt,125,4,1
pretrain_pass1.txt,125, 1,1
pretrain_pass1.txt,125,8,1
pretrain_pass1.txt,125,6,1
pretrain_pass1.txt,125, 4,1
pretrain_pass1.txt,125,9,1
pretrain_pass1.txt,125,2,1
pretrain_pass1.txt,125, 6,1
pretrain_pass1.txt,125,0,1
pretrain_pass1.txt,125, 7,1
pretrain_pass1.txt,125,",",1
pretrain_pass1.txt,125,20,1
pretrain_pass1.txt,125, 5,1
pretrain_pass1.txt,125,00,1
pretrain_pass1.txt,125, 8,1
pretrain_pass1.txt,125,50,1
pretrain_pass1.txt,126,23,1
pretrain_pass1.txt,126,8,11
pretrain_pass1.txt,126, |,82
pretrain_pass1.txt,126,|,82
pretrain_pass1.txt,126,2,8
pretrain_pass1.txt,126,5,15
pretrain_pass1.txt,126,1,18
pretrain_pass1.txt,126,3,7
pretrain_pass1.txt,126,9,8
pretrain_pass1.txt,126,6,5
pretrain_pass1.txt,126,4,11
pretrain_pass1.txt,126,0,1
pretrain_pass1.txt,126,7,8
pretrain_pass1.txt,126,30,1
pretrain_pass1.txt,126,00,1
pretrain_pass1.txt,126,50,1
pretrain_pass1.txt,126,10,70
pretrain_pass1.txt,126,12,1
pretrain_pass1.txt,126,20,1
pretrain_pass1.txt,126,22,1
pretrain_pass1.txt,126,88,1
pretrain_pass1.txt,126,201,1
pretrain_pass1.txt,127,23,1
pretrain_pass1.txt,127,",",1
pretrain_pass1.txt,127,1,1
pretrain_pass1.txt,127,9,1
pretrain_pass1.txt,127,7,1
pretrain_pass1.txt,127, |,2
pretrain_pass1.txt,127,←,3
pretrain_pass1.txt,127,|,1
pretrain_pass1.txt,127, 2,1
pretrain_pass1.txt,127,2,1
pretrain_pass1.txt,127,8,1
pretrain_pass1.txt,128,23,1
pretrain_pass1.txt,128,9,2
pretrain_pass1.txt,128, |,9
pretrain_pass1.txt,128,|,9
pretrain_pass1.txt,128, 1,1
pretrain_pass1.txt,128,3,2
pretrain_pass1.txt,128,6,1
pretrain_pass1.txt,128,7,1
pretrain_pass1.txt,128, 2,1
pretrain_pass1.txt,128,2,1
pretrain_pass1.txt,128,8,2
pretrain_pass1.txt,128,4,1
pretrain_pass1.txt,128, 19,1
pretrain_pass1.txt,128,5,1
pretrain_pass1.txt,128,1,1
pretrain_pass1.txt,128, 20,1
pretrain_pass1.txt,128,0,1
pretrain_pass1.txt,128, 3,1
pretrain_pass1.txt,128,30,1
pretrain_pass1.txt,128, 4,1
pretrain_pass1.txt,128,20,1
pretrain_pass1.txt,128, 6,1
pretrain_pass1.txt,128,50,1
pretrain_pass1.txt,128, 7,1
pretrain_pass1.txt,128,00,1
pretrain_pass1.txt,128, 5,1
pretrain_pass1.txt,128,",",1
pretrain_pass1.txt,128,88,1
pretrain_pass1.txt,129,23,1
pretrain_pass1.txt,129,8,1
pretrain_pass1.txt,129, |,10
pretrain_pass1.txt,129,|,10
pretrain_pass1.txt,129, 2,1
pretrain_pass1.txt,129,5,1
pretrain_pass1.txt,129,9,1
pretrain_pass1.txt,129, 1,1
pretrain_pass1.txt,129,4,1
pretrain_pass1.txt,129,3,1
pretrain_pass1.txt,129, 3,1
pretrain_pass1.txt,129,6,1
pretrain_pass1.txt,129,0,1
pretrain_pass1.txt,129, 4,1
pretrain_pass1.txt,129,1,2
pretrain_pass1.txt,129,7,1
pretrain_pass1.txt,129, 6,1
pretrain_pass1.txt,129,2,1
pretrain_pass1.txt,129, 7,1
pretrain_pass1.txt,129,30,1
pretrain_pass1.txt,129, 5,1
pretrain_pass1.txt,129,12,1
pretrain_pass1.txt,129, 8,1
pretrain_pass1.txt,129,20,1
pretrain_pass1.txt,129, 9,1
pretrain_pass1.txt,129,50,1
pretrain_pass1.txt,129, 10,1
pretrain_pass1.txt,129,88,1
pretrain_pass1.txt,130,23,1
pretrain_pass1.txt,130,7,1
pretrain_pass1.txt,130, |,1
pretrain_pass1.txt,131,+,1
pretrain_pass1.txt,131,8,1
pretrain_pass1.txt,131,5,2
pretrain_pass1.txt,131, 1,2
pretrain_pass1.txt,131,3,1
pretrain_pass1.txt,131, 2,1
pretrain_pass1.txt,131, 3,1
pretrain_pass1.txt,131, 4,1
pretrain_pass1.txt,131, 5,1
pretrain_pass1.txt,131, 6,1
pretrain_pass1.txt,131, 7,1
pretrain_pass1.txt,131, 8,1
pretrain_pass1.txt,131, 9,1
pretrain_pass1.txt,131, 10,1
pretrain_pass1.txt,131, 11,1
pretrain_pass1.txt,131, 12,1
pretrain_pass1.txt,131,6,1
pretrain_pass1.txt,131, •,3
pretrain_pass1.txt,131, 15,1
pretrain_pass1.txt,131,1,1
pretrain_pass1.txt,132,23,1
pretrain_pass1.txt,132,8,1
pretrain_pass1.txt,132, |,2
pretrain_pass1.txt,132,|,2
pretrain_pass1.txt,132,88,1
pretrain_pass1.txt,133,23,1
pretrain_pass1.txt,133, |,2
pretrain_pass1.txt,133,|,1
pretrain_pass1.txt,133,↑,3
pretrain_pass1.txt,134,23,1
pretrain_pass1.txt,134,9,2
pretrain_pass1.txt,134, |,6
pretrain_pass1.txt,134,|,6
pretrain_pass1.txt,134, 1,1
pretrain_pass1.txt,134,3,1
pretrain_pass1.txt,134,8,1
pretrain_pass1.txt,134,2,1
pretrain_pass1.txt,134, 2,1
pretrain_pass1.txt,134,1,1
pretrain_pass1.txt,134,4,1
pretrain_pass1.txt,134,7,1
pretrain_pass1.txt,134, 3,1
pretrain_pass1.txt,134,5,1
pretrain_pass1.txt,134,6,1
pretrain_pass1.txt,134,0,2
pretrain_pass1.txt,134, 4,1
pretrain_pass1.txt,134,30,1
pretrain_pass1.txt,134,",",3
pretrain_pass1.txt,134,00,1
pretrain_pass1.txt,134, 7,1
pretrain_pass1.txt,134,50,1
pretrain_pass1.txt,134,20,1
pretrain_pass1.txt,134, 5,1
pretrain_pass1.txt,134,10,1
pretrain_pass1.txt,134,22,1
pretrain_pass1.txt,135,23,1
pretrain_pass1.txt,135,1,1
pretrain_pass1.txt,135, |,2
pretrain_pass1.txt,135,|,1
pretrain_pass1.txt,135,↑,3
pretrain_pass1.txt,136,23,1
pretrain_pass1.txt,136, |,1
pretrain_pass1.txt,136,|,1
pretrain_pass1.txt,136, 1,1
pretrain_pass1.txt,136,4,1
pretrain_pass1.txt,136,6,1
pretrain_pass1.txt,136,",",1
pretrain_pass1.txt,136, F,1
pretrain_pass1.txt,136,r,1
pretrain_pass1.txt,136,es,1
pretrain_pass1.txt,136,h,1
pretrain_pass1.txt,136, News,1
pretrain_pass1.txt,136, “,1
pretrain_pass1.txt,136,”,1
pretrain_pass1.txt,137,23,1
pretrain_pass1.txt,137,8,1
pretrain_pass1.txt,137, |,7
pretrain_pass1.txt,137,|,7
pretrain_pass1.txt,137,1,2
pretrain_pass1.txt,137,7,1
pretrain_pass1.txt,137,9,1
pretrain_pass1.txt,137,2,1
pretrain_pass1.txt,137,4,1
pretrain_pass1.txt,137,0,1
pretrain_pass1.txt,137,3,1
pretrain_pass1.txt,137,5,1
pretrain_pass1.txt,137,6,1
pretrain_pass1.txt,137,30,1
pretrain_pass1.txt,137,20,1
pretrain_pass1.txt,137,12,1
pretrain_pass1.txt,137,50,1
pretrain_pass1.txt,137,22,1
pretrain_pass1.txt,137,88,1
pretrain_pass1.txt,137,000,1
pretrain_pass1.txt,138,23,1
pretrain_pass1.txt,138,8,1
pretrain_pass1.txt,138, |,13
pretrain_pass1.txt,138,|,13
pretrain_pass1.txt,138,4,4
pretrain_pass1.txt,138,1,7
pretrain_pass1.txt,138,9,1
pretrain_pass1.txt,138,0,1
pretrain_pass1.txt,138,3,2
pretrain_pass1.txt,138,6,1
pretrain_pass1.txt,138,2,3
pretrain_pass1.txt,138,7,1
pretrain_pass1.txt,138,5,1
pretrain_pass1.txt,138,30,1
pretrain_pass1.txt,138,12,1
pretrain_pass1.txt,138,10,1
pretrain_pass1.txt,138,20,1
pretrain_pass1.txt,138,00,1
pretrain_pass1.txt,138,50,1
pretrain_pass1.txt,138,000,1
pretrain_pass1.txt,138,22,1
pretrain_pass1.txt,138,",",1
pretrain_pass1.txt,138,88,1
pretrain_pass1.txt,138,",000",1
pretrain_pass1.txt,138, 1,1
pretrain_pass1.txt,138,.,4
pretrain_pass1.txt,138,-,4
pretrain_pass1.txt,138,||,4
pretrain_pass1.txt,138, (,1
pretrain_pass1.txt,138,E,1
pretrain_pass1.txt,138,S,3
pretrain_pass1.txt,138,A,1
pretrain_pass1.txt,138,),1
pretrain_pass1.txt,138, F,2
pretrain_pass1.txt,138,M,2
pretrain_pass1.txt,138,I,2
pretrain_pass1.txt,138, 2,1
pretrain_pass1.txt,138, 3,1
pretrain_pass1.txt,138, 4,1
pretrain_pass1.txt,138,!,1
pretrain_pass1.txt,139,23,1
pretrain_pass1.txt,139,1,362
pretrain_pass1.txt,139, |,366
pretrain_pass1.txt,139,|,370
pretrain_pass1.txt,139,2,1
pretrain_pass1.txt,139,4,1
pretrain_pass1.txt,139,9,5
pretrain_pass1.txt,139,3,1
pretrain_pass1.txt,139,5,3
pretrain_pass1.txt,139,7,1
pretrain_pass1.txt,139,12,1
pretrain_pass1.txt,139,8,4
pretrain_pass1.txt,139,0,2
pretrain_pass1.txt,139,6,1
pretrain_pass1.txt,139,30,1
pretrain_pass1.txt,139,20,1
pretrain_pass1.txt,139,00,1
pretrain_pass1.txt,139,10,1
pretrain_pass1.txt,139,22,1
pretrain_pass1.txt,139,50,1
pretrain_pass1.txt,139,88,348
pretrain_pass1.txt,139,000,1
pretrain_pass1.txt,139,||,1
pretrain_pass1.txt,139, (,1
pretrain_pass1.txt,139, 9,1
pretrain_pass1.txt,140,23,1
pretrain_pass1.txt,140, |,1
pretrain_pass1.txt,140,|,1
pretrain_pass1.txt,140,4,1
pretrain_pass1.txt,140,6,1
pretrain_pass1.txt,140,",",1
pretrain_pass1.txt,140, “,2
pretrain_pass1.txt,140,“,1
pretrain_pass1.txt,140,”,2
pretrain_pass1.txt,141,23,2
pretrain_pass1.txt,141,1,6
pretrain_pass1.txt,141, |,9
pretrain_pass1.txt,141,|,9
pretrain_pass1.txt,141,2,1
pretrain_pass1.txt,141,4,1
pretrain_pass1.txt,141,6,1
pretrain_pass1.txt,141,3,1
pretrain_pass1.txt,141,8,1
pretrain_pass1.txt,141,9,1
pretrain_pass1.txt,141,0,2
pretrain_pass1.txt,141,5,1
pretrain_pass1.txt,141,7,1
pretrain_pass1.txt,141,10,1
pretrain_pass1.txt,141,20,1
pretrain_pass1.txt,141,00,1
pretrain_pass1.txt,141,50,1
pretrain_pass1.txt,141,000,1
pretrain_pass1.txt,141,",000",1
pretrain_pass1.txt,142,23,1
pretrain_pass1.txt,142,7,1
pretrain_pass1.txt,142, |,10
pretrain_pass1.txt,142,|,10
pretrain_pass1.txt,142,3,1
pretrain_pass1.txt,142,2,1
pretrain_pass1.txt,142,8,4
pretrain_pass1.txt,142,4,3
pretrain_pass1.txt,142,5,1
pretrain_pass1.txt,142,9,3
pretrain_pass1.txt,142,1,6
pretrain_pass1.txt,142,6,1
pretrain_pass1.txt,142,0,1
pretrain_pass1.txt,142,10,1
pretrain_pass1.txt,142,12,1
pretrain_pass1.txt,142,20,1
pretrain_pass1.txt,142,30,1
pretrain_pass1.txt,142,50,1
pretrain_pass1.txt,142,00,1
pretrain_pass1.txt,142,88,1
pretrain_pass1.txt,143,23,1
pretrain_pass1.txt,143,9,1
pretrain_pass1.txt,143, |,1
pretrain_pass1.txt,144,23,1
pretrain_pass1.txt,144, |,1
pretrain_pass1.txt,144,|,1
pretrain_pass1.txt,145,23,1
pretrain_pass1.txt,145,9,1
pretrain_pass1.txt,145, |,38
pretrain_pass1.txt,145,|,38
pretrain_pass1.txt,145,1,30
pretrain_pass1.txt,145,7,1
pretrain_pass1.txt,145,0,1
pretrain_pass1.txt,145,2,1
pretrain_pass1.txt,145,8,1
pretrain_pass1.txt,145,3,1
pretrain_pass1.txt,145,4,4
pretrain_pass1.txt,145,5,29
pretrain_pass1.txt,145,6,2
pretrain_pass1.txt,145,12,1
pretrain_pass1.txt,145,30,1
pretrain_pass1.txt,145,10,1
pretrain_pass1.txt,145,20,1
pretrain_pass1.txt,145,50,1
pretrain_pass1.txt,145,00,28
pretrain_pass1.txt,145,000,1
pretrain_pass1.txt,145,",000",1
pretrain_pass1.txt,145,",",27
pretrain_pass1.txt,145, 1,1
pretrain_pass1.txt,146,23,1
pretrain_pass1.txt,146,9,2
pretrain_pass1.txt,146, |,12
pretrain_pass1.txt,146,|,12
pretrain_pass1.txt,146,88,1
pretrain_pass1.txt,146,8,1
pretrain_pass1.txt,146, 1,1
pretrain_pass1.txt,146,4,2
pretrain_pass1.txt,146,2,1
pretrain_pass1.txt,146,6,1
pretrain_pass1.txt,146, 2,1
pretrain_pass1.txt,146,1,1
pretrain_pass1.txt,146,7,1
pretrain_pass1.txt,146, 19,1
pretrain_pass1.txt,146,5,1
pretrain_pass1.txt,146, 3,1
pretrain_pass1.txt,146,20,1
pretrain_pass1.txt,146, 7,1
pretrain_pass1.txt,146,3,1
pretrain_pass1.txt,146, 20,1
pretrain_pass1.txt,146,0,1
pretrain_pass1.txt,146, 4,1
pretrain_pass1.txt,146,30,1
pretrain_pass1.txt,146, 6,1
pretrain_pass1.txt,146,50,1
pretrain_pass1.txt,146, 8,1
pretrain_pass1.txt,146,10,1
pretrain_pass1.txt,146, 5,1
pretrain_pass1.txt,146,00,1
pretrain_pass1.txt,146, 9,1
pretrain_pass1.txt,146,",",1
pretrain_pass1.txt,146,22,1
pretrain_pass1.txt,147,23,1
pretrain_pass1.txt,147,9,1
pretrain_pass1.txt,147, |,397
pretrain_pass1.txt,147,|,399
pretrain_pass1.txt,147,1,6
pretrain_pass1.txt,147,4,1
pretrain_pass1.txt,147,2,1
pretrain_pass1.txt,147,12,1
pretrain_pass1.txt,147,6,3
pretrain_pass1.txt,147,10,1
pretrain_pass1.txt,147,7,370
pretrain_pass1.txt,147,0,1
pretrain_pass1.txt,147,8,3
pretrain_pass1.txt,147,3,2
pretrain_pass1.txt,147,20,1
pretrain_pass1.txt,147,5,1
pretrain_pass1.txt,147,30,1
pretrain_pass1.txt,147,201,371
pretrain_pass1.txt,147,50,1
pretrain_pass1.txt,147,00,1
pretrain_pass1.txt,147,88,1
pretrain_pass1.txt,147, 1,1
pretrain_pass1.txt,147,",",1
pretrain_pass1.txt,148,23,1
pretrain_pass1.txt,148,7,1
pretrain_pass1.txt,148, |,83
pretrain_pass1.txt,148,|,83
pretrain_pass1.txt,148,1,74
pretrain_pass1.txt,148,3,1
pretrain_pass1.txt,148,9,74
pretrain_pass1.txt,148,2,1
pretrain_pass1.txt,148,4,1
pretrain_pass1.txt,148,0,2
pretrain_pass1.txt,148,10,1
pretrain_pass1.txt,148,8,1
pretrain_pass1.txt,148,20,2
pretrain_pass1.txt,148,5,1
pretrain_pass1.txt,148,30,1
pretrain_pass1.txt,148,6,1
pretrain_pass1.txt,148,12,1
pretrain_pass1.txt,148,50,1
pretrain_pass1.txt,148,22,1
pretrain_pass1.txt,148,201,1
pretrain_pass1.txt,148,00,71
pretrain_pass1.txt,148,",000",1
pretrain_pass1.txt,148,000,1
pretrain_pass1.txt,148,",",70
pretrain_pass1.txt,148, 1,1
pretrain_pass1.txt,149,=,1
pretrain_pass1.txt,149,>,1
pretrain_pass1.txt,150,23,1
pretrain_pass1.txt,150, |,1
pretrain_pass1.txt,150,|,1
pretrain_pass1.txt,150, 0,1
pretrain_pass1.txt,150,1,1
pretrain_pass1.txt,150,:,1
pretrain_pass1.txt,150,2,1
pretrain_pass1.txt,150,8,1
pretrain_pass1.txt,150,||,1
pretrain_pass1.txt,150,-,1
pretrain_pass1.txt,151,23,1
pretrain_pass1.txt,151, |,15
pretrain_pass1.txt,151,|,15
pretrain_pass1.txt,151, 3,1
pretrain_pass1.txt,151,5,2
pretrain_pass1.txt,151,2,2
pretrain_pass1.txt,151, 2,1
pretrain_pass1.txt,151,8,2
pretrain_pass1.txt,151,6,1
pretrain_pass1.txt,151, 1,1
pretrain_pass1.txt,151,4,4
pretrain_pass1.txt,151,1,1
pretrain_pass1.txt,151, 6,1
pretrain_pass1.txt,151,3,1
pretrain_pass1.txt,151,9,3
pretrain_pass1.txt,151, 4,1
pretrain_pass1.txt,151,7,1
pretrain_pass1.txt,151,0,1
pretrain_pass1.txt,151, 5,1
pretrain_pass1.txt,151,.,5
pretrain_pass1.txt,151,10,1
pretrain_pass1.txt,151, 7,1
pretrain_pass1.txt,151,20,1
pretrain_pass1.txt,151, 9,1
pretrain_pass1.txt,151,30,1
pretrain_pass1.txt,151, 8,1
pretrain_pass1.txt,151,50,1
pretrain_pass1.txt,151, 10,1
pretrain_pass1.txt,151,12,1
pretrain_pass1.txt,151, 12,1
pretrain_pass1.txt,151,88,1
pretrain_pass1.txt,151, 11,1
pretrain_pass1.txt,151,00,1
pretrain_pass1.txt,151, 24,1
pretrain_pass1.txt,151, 15,1
pretrain_pass1.txt,151, 19,1
pretrain_pass1.txt,151,||,1
pretrain_pass1.txt,152,23,1
pretrain_pass1.txt,152,9,1
pretrain_pass1.txt,152, |,4
pretrain_pass1.txt,152,|,4
pretrain_pass1.txt,152,0,1
pretrain_pass1.txt,152,1,1
pretrain_pass1.txt,152,6,1
pretrain_pass1.txt,152,4,1
pretrain_pass1.txt,152,7,1
pretrain_pass1.txt,152,2,1
pretrain_pass1.txt,152,5,1
pretrain_pass1.txt,152,8,1
pretrain_pass1.txt,152,3,1
pretrain_pass1.txt,152,50,1
pretrain_pass1.txt,152,12,1
pretrain_pass1.txt,153,23,1
pretrain_pass1.txt,153, |,1
pretrain_pass1.txt,153,|,1
pretrain_pass1.txt,153, 2,1
pretrain_pass1.txt,153,9,1
pretrain_pass1.txt,153,→,1
pretrain_pass1.txt,154,23,1
pretrain_pass1.txt,154,1,13
pretrain_pass1.txt,154, |,408
pretrain_pass1.txt,154,|,408
pretrain_pass1.txt,154,3,3
pretrain_pass1.txt,154,4,3
pretrain_pass1.txt,154,6,2
pretrain_pass1.txt,154,5,1
pretrain_pass1.txt,154,9,360
pretrain_pass1.txt,154,7,2
pretrain_pass1.txt,154,0,1
pretrain_pass1.txt,154,8,3
pretrain_pass1.txt,154,2,6
pretrain_pass1.txt,154,30,1
pretrain_pass1.txt,154,22,1
pretrain_pass1.txt,154,10,15
pretrain_pass1.txt,154,12,1
pretrain_pass1.txt,154,50,1
pretrain_pass1.txt,154,20,1
pretrain_pass1.txt,154,201,359
pretrain_pass1.txt,154,88,1
pretrain_pass1.txt,154,00,1
pretrain_pass1.txt,154,",",1
pretrain_pass1.txt,155,23,1
pretrain_pass1.txt,155, |,2
pretrain_pass1.txt,155,|,2
pretrain_pass1.txt,155, 0,1
pretrain_pass1.txt,155,5,1
pretrain_pass1.txt,155,:,1
pretrain_pass1.txt,155,4,1
pretrain_pass1.txt,155,6,1
pretrain_pass1.txt,155, 2,1
pretrain_pass1.txt,155,1,1
pretrain_pass1.txt,155,8,1
pretrain_pass1.txt,155,·,1
pretrain_pass1.txt,156,23,1
pretrain_pass1.txt,156,9,3
pretrain_pass1.txt,156, |,24
pretrain_pass1.txt,156,|,25
pretrain_pass1.txt,156,1,6
pretrain_pass1.txt,156,7,2
pretrain_pass1.txt,156,2,1
pretrain_pass1.txt,156,12,1
pretrain_pass1.txt,156,4,2
pretrain_pass1.txt,156,10,1
pretrain_pass1.txt,156,3,1
pretrain_pass1.txt,156,0,1
pretrain_pass1.txt,156,8,1
pretrain_pass1.txt,156,5,1
pretrain_pass1.txt,156,20,1
pretrain_pass1.txt,156,6,1
pretrain_pass1.txt,156,30,1
pretrain_pass1.txt,156,50,1
pretrain_pass1.txt,156,00,1
pretrain_pass1.txt,156,201,1
pretrain_pass1.txt,156,22,1
pretrain_pass1.txt,156,000,1
pretrain_pass1.txt,156,",000",1
pretrain_pass1.txt,156,",",1
pretrain_pass1.txt,156,%,1
pretrain_pass1.txt,156,||,2
pretrain_pass1.txt,156,/,1
pretrain_pass1.txt,156,.,10
pretrain_pass1.txt,156, /,10
pretrain_pass1.txt,156,-,1
pretrain_pass1.txt,157,23,3
pretrain_pass1.txt,157,9,1
pretrain_pass1.txt,157, |,10
pretrain_pass1.txt,157,|,10
pretrain_pass1.txt,157,1,1
pretrain_pass1.txt,157,5,1
pretrain_pass1.txt,157, 3,1
pretrain_pass1.txt,157,2,1
pretrain_pass1.txt,157,8,1
pretrain_pass1.txt,157, 4,1
pretrain_pass1.txt,157,3,1
pretrain_pass1.txt,157,7,1
pretrain_pass1.txt,157, 2,1
pretrain_pass1.txt,157,6,1
pretrain_pass1.txt,157,0,1
pretrain_pass1.txt,157, 1,1
pretrain_pass1.txt,157,4,1
pretrain_pass1.txt,157,50,1
pretrain_pass1.txt,157, 20,1
pretrain_pass1.txt,157,00,1
pretrain_pass1.txt,157, 6,1
pretrain_pass1.txt,157,30,1
pretrain_pass1.txt,157, 7,1
pretrain_pass1.txt,157,20,1
pretrain_pass1.txt,157, 19,1
pretrain_pass1.txt,157,10,1
pretrain_pass1.txt,158,23,1
pretrain_pass1.txt,158,7,1
pretrain_pass1.txt,158, |,3
pretrain_pass1.txt,158,|,2
pretrain_pass1.txt,158,↑,3
pretrain_pass1.txt,159,23,1
pretrain_pass1.txt,159, |,2
pretrain_pass1.txt,159,|,2
pretrain_pass1.txt,159, 2,1
pretrain_pass1.txt,159,1,1
pretrain_pass1.txt,159,8,1
pretrain_pass1.txt,159, 1,1
pretrain_pass1.txt,159,4,1
pretrain_pass1.txt,159,0,1
pretrain_pass1.txt,160,23,1
pretrain_pass1.txt,160,-,4
pretrain_pass1.txt,160,J,1
pretrain_pass1.txt,160,an,1
pretrain_pass1.txt,160,201,2
pretrain_pass1.txt,160,7,1
pretrain_pass1.txt,160, 8,1
pretrain_pass1.txt,160,:,2
pretrain_pass1.txt,160,1,1
pretrain_pass1.txt,160,9,1
pretrain_pass1.txt,160,am,2
pretrain_pass1.txt,160,.,4
pretrain_pass1.txt,160,...,1
pretrain_pass1.txt,160, 2,1
pretrain_pass1.txt,160,2,1
pretrain_pass1.txt,160,A,1
pretrain_pass1.txt,160,u,1
pretrain_pass1.txt,160,g,1
pretrain_pass1.txt,160,6,1
pretrain_pass1.txt,160, 7,1
pretrain_pass1.txt,160,0,1
pretrain_pass1.txt,160,5,1
pretrain_pass1.txt,160,),21
pretrain_pass1.txt,160,?,2
pretrain_pass1.txt,160,/,1
pretrain_pass1.txt,160, :,1
pretrain_pass1.txt,160, «,1
pretrain_pass1.txt,160,»,1
pretrain_pass1.txt,160, “,1
pretrain_pass1.txt,160,”,1
pretrain_pass1.txt,160,!,1
pretrain_pass1.txt,160, (,1
pretrain_pass1.txt,160,",",5
pretrain_pass1.txt,160, w,1
pretrain_pass1.txt,160,ww,1
pretrain_pass1.txt,160,he,1
pretrain_pass1.txt,160,al,1
pretrain_pass1.txt,160,th,1
pretrain_pass1.txt,160,l,1
pretrain_pass1.txt,160,ine,1
pretrain_pass1.txt,160,com,1
pretrain_pass1.txt,161,23,1
pretrain_pass1.txt,161, |,318
pretrain_pass1.txt,161,|,319
pretrain_pass1.txt,161, 2,1
pretrain_pass1.txt,161,2,1
pretrain_pass1.txt,161, 3,1
pretrain_pass1.txt,161,4,289
pretrain_pass1.txt,161, 1,301
pretrain_pass1.txt,161,3,3
pretrain_pass1.txt,161, 19,1
pretrain_pass1.txt,161, 20,1
pretrain_pass1.txt,161, 4,1
pretrain_pass1.txt,161,6,3
pretrain_pass1.txt,161, 6,1
pretrain_pass1.txt,161,8,4
pretrain_pass1.txt,161, 7,1
pretrain_pass1.txt,161,9,1
pretrain_pass1.txt,161, 8,2
pretrain_pass1.txt,161,1,2
pretrain_pass1.txt,161, 9,2
pretrain_pass1.txt,161,0,2
pretrain_pass1.txt,161, 5,1
pretrain_pass1.txt,161,7,3
pretrain_pass1.txt,161, 12,1
pretrain_pass1.txt,161, 10,1
pretrain_pass1.txt,161, 11,2
pretrain_pass1.txt,161,5,1
pretrain_pass1.txt,161, 15,1
pretrain_pass1.txt,161,12,1
pretrain_pass1.txt,161,30,1
pretrain_pass1.txt,161,50,1
pretrain_pass1.txt,161,88,1
pretrain_pass1.txt,162,23,1
pretrain_pass1.txt,162,9,1
pretrain_pass1.txt,162, |,8
pretrain_pass1.txt,162,|,8
pretrain_pass1.txt,162,1,1
pretrain_pass1.txt,162,4,1
pretrain_pass1.txt,162,2,1
pretrain_pass1.txt,162,3,1
pretrain_pass1.txt,162,8,2
pretrain_pass1.txt,162,7,2
pretrain_pass1.txt,162,0,1
pretrain_pass1.txt,162,5,1
pretrain_pass1.txt,162,6,1
pretrain_pass1.txt,162,30,1
pretrain_pass1.txt,162,10,1
pretrain_pass1.txt,162,12,1
pretrain_pass1.txt,162,88,1
pretrain_pass1.txt,162,20,1
pretrain_pass1.txt,162,00,1
pretrain_pass1.txt,162,201,1
pretrain_pass1.txt,162,||,1
pretrain_pass1.txt,162,C,1
pretrain_pass1.txt,162,h,2
pretrain_pass1.txt,162,in,1
pretrain_pass1.txt,162,a,1
pretrain_pass1.txt,162, C,1
pretrain_pass1.txt,162,om,1
pretrain_pass1.txt,162,m,1
pretrain_pass1.txt,162,un,1
pretrain_pass1.txt,162,ity,3
pretrain_pass1.txt,162, S,1
pretrain_pass1.txt,162,up,1
pretrain_pass1.txt,162,p,1
pretrain_pass1.txt,162,ort,1
pretrain_pass1.txt,162,ed,2
pretrain_pass1.txt,162, D,1
pretrain_pass1.txt,162,ev,1
pretrain_pass1.txt,162,el,2
pretrain_pass1.txt,162,op,1
pretrain_pass1.txt,162,ment,1
pretrain_pass1.txt,162, In,1
pretrain_pass1.txt,162,st,1
pretrain_pass1.txt,162,it,1
pretrain_pass1.txt,162,ut,2
pretrain_pass1.txt,162,e,3
pretrain_pass1.txt,162, (,1
pretrain_pass1.txt,162,S,1
pretrain_pass1.txt,162,D,1
pretrain_pass1.txt,162,G,1
pretrain_pass1.txt,162,),1
pretrain_pass1.txt,162,",",1
pretrain_pass1.txt,162, R,1
pretrain_pass1.txt,162,o,1
pretrain_pass1.txt,162,y,1
pretrain_pass1.txt,162,al,3
pretrain_pass1.txt,162, Un,1
pretrain_pass1.txt,162,iv,1
pretrain_pass1.txt,162,ers,1
pretrain_pass1.txt,162, of,1
pretrain_pass1.txt,162, M,1
pretrain_pass1.txt,162,id,1
pretrain_pass1.txt,162,d,1
pretrain_pass1.txt,162,le,1
pretrain_pass1.txt,162, E,1
pretrain_pass1.txt,162,ast,1
pretrain_pass1.txt,162, and,1
pretrain_pass1.txt,162, T,1
pretrain_pass1.txt,162,ra,1
pretrain_pass1.txt,162,f,2
pretrain_pass1.txt,162,ick,1
pretrain_pass1.txt,162,ing,1
pretrain_pass1.txt,162, F,1
pretrain_pass1.txt,162,or,3
pretrain_pass1.txt,162,um,1
pretrain_pass1.txt,162, on,1
pretrain_pass1.txt,162, A,1
pretrain_pass1.txt,162,u,1
pretrain_pass1.txt,162,th,1
pretrain_pass1.txt,162, in,1
pretrain_pass1.txt,162, the,1
pretrain_pass1.txt,162, N,1
pretrain_pass1.txt,162,ation,1
pretrain_pass1.txt,162, P,1
pretrain_pass1.txt,162,ol,1
pretrain_pass1.txt,162,ic,1
pretrain_pass1.txt,162, for,1
pretrain_pass1.txt,162, H,1
pretrain_pass1.txt,162,ig,1
pretrain_pass1.txt,162,er,1
pretrain_pass1.txt,162, Le,1
pretrain_pass1.txt,162,v,1
pretrain_pass1.txt,162, Pro,1
pretrain_pass1.txt,162,g,2
pretrain_pass1.txt,162,ram,1
pretrain_pass1.txt,162,s,1
pretrain_pass1.txt,162,.,1
pretrain_pass1.txt,162, The,1
pretrain_pass1.txt,162, p,1
pretrain_pass1.txt,162,ro,1
pretrain_pass1.txt,162,j,1
pretrain_pass1.txt,162,ect,1
pretrain_pass1.txt,162,is,2
pretrain_pass1.txt,162, a,1
pretrain_pass1.txt,162, d,1
pretrain_pass1.txt,162,ec,1
pretrain_pass1.txt,162,ent,1
pretrain_pass1.txt,162,r,1
pretrain_pass1.txt,162,iz,1
pretrain_pass1.txt,162, b,1
pretrain_pass1.txt,162,as,1
pretrain_pass1.txt,162, w,1
pretrain_pass1.txt,162,ay,1
pretrain_pass1.txt,162, to,1
pretrain_pass1.txt,162, c,1
pretrain_pass1.txt,162,ont,1
pretrain_pass1.txt,162,ri,1
pretrain_pass1.txt,162,b,1
pretrain_pass1.txt,162, th,1
pretrain_pass1.txt,162,at,1
pretrain_pass1.txt,162, y,1
pretrain_pass1.txt,162,ou,1
pretrain_pass1.txt,162, s,1
pretrain_pass1.txt,162,ee,1
pretrain_pass1.txt,162,k,1
pretrain_pass1.txt,162, m,1
pretrain_pass1.txt,162,ore,1
pretrain_pass1.txt,162, re,1
pretrain_pass1.txt,162,c,1
pretrain_pass1.txt,162,ord,1
pretrain_pass1.txt,162,ab,1
pretrain_pass1.txt,162,ly,1
pretrain_pass1.txt,162, f,1
pretrain_pass1.txt,162,ac,1
pretrain_pass1.txt,162,t,1
pretrain_pass1.txt,162,i,1
pretrain_pass1.txt,162,es,1
pretrain_pass1.txt,162,?,1
pretrain_pass1.txt,162, W,1
pretrain_pass1.txt,162,ith,1
pretrain_pass1.txt,162,out,1
pretrain_pass1.txt,162, B,1
pretrain_pass1.txt,162,ud,1
pretrain_pass1.txt,162,et,1
pretrain_pass1.txt,162, O,1
pretrain_pass1.txt,162,ur,1
pretrain_pass1.txt,162, L,1
pretrain_pass1.txt,162,and,1
pretrain_pass1.txt,162, &,1
pretrain_pass1.txt,162, St,1
pretrain_pass1.txt,162,art,1
pretrain_pass1.txt,162,-,1
pretrain_pass1.txt,162,U,1
pretrain_pass1.txt,162,n,1
pretrain_pass1.txt,162,ion,1
pretrain_pass1.txt,163,23,1
pretrain_pass1.txt,163,-,2
pretrain_pass1.txt,163,20,1
pretrain_pass1.txt,163,22,1
pretrain_pass1.txt,163, 1,1
pretrain_pass1.txt,163,6,1
pretrain_pass1.txt,163,:,1
pretrain_pass1.txt,163,4,1
pretrain_pass1.txt,163,8,1
pretrain_pass1.txt,163, |,1
pretrain_pass1.txt,163,|,1
pretrain_pass1.txt,164,23,1
pretrain_pass1.txt,164,9,11
pretrain_pass1.txt,164, |,35
pretrain_pass1.txt,164,|,35
pretrain_pass1.txt,164,4,11
pretrain_pass1.txt,164,8,4
pretrain_pass1.txt,164,1,4
pretrain_pass1.txt,164,5,6
pretrain_pass1.txt,164,6,7
pretrain_pass1.txt,164,2,1
pretrain_pass1.txt,164,7,35
pretrain_pass1.txt,164,0,11
pretrain_pass1.txt,164,3,3
pretrain_pass1.txt,164,10,1
pretrain_pass1.txt,164,22,1
pretrain_pass1.txt,164,12,1
pretrain_pass1.txt,164,88,1
pretrain_pass1.txt,164,30,1
pretrain_pass1.txt,164,20,1
pretrain_pass1.txt,164,50,1
pretrain_pass1.txt,164,00,1
pretrain_pass1.txt,165,23,1
pretrain_pass1.txt,165,1,1
pretrain_pass1.txt,165, |,13
pretrain_pass1.txt,165,|,13
pretrain_pass1.txt,165, 2,1
pretrain_pass1.txt,165,9,1
pretrain_pass1.txt,165,3,2
pretrain_pass1.txt,165, 3,1
pretrain_pass1.txt,165,7,1
pretrain_pass1.txt,165,2,1
pretrain_pass1.txt,165, 1,1
pretrain_pass1.txt,165,8,1
pretrain_pass1.txt,165,6,1
pretrain_pass1.txt,165, 4,1
pretrain_pass1.txt,165,4,1
pretrain_pass1.txt,165,5,1
pretrain_pass1.txt,165, 20,1
pretrain_pass1.txt,165,0,1
pretrain_pass1.txt,165, 6,1
pretrain_pass1.txt,165,88,1
pretrain_pass1.txt,165, 5,1
pretrain_pass1.txt,165,00,1
pretrain_pass1.txt,165, 7,1
pretrain_pass1.txt,165,50,1
pretrain_pass1.txt,165, 8,1
pretrain_pass1.txt,165,30,1
pretrain_pass1.txt,165, 9,1
pretrain_pass1.txt,165, 10,1
pretrain_pass1.txt,165,20,1
pretrain_pass1.txt,165, 11,1
pretrain_pass1.txt,165,",",1
pretrain_pass1.txt,165,10,1
pretrain_pass1.txt,165,||,1
pretrain_pass1.txt,165,.,2
pretrain_pass1.txt,165, (,1
pretrain_pass1.txt,165,),1
pretrain_pass1.txt,166,23,2
pretrain_pass1.txt,166,9,1
pretrain_pass1.txt,166, |,17
pretrain_pass1.txt,166,|,17
pretrain_pass1.txt,166, 2,1
pretrain_pass1.txt,166,2,1
pretrain_pass1.txt,166,8,2
pretrain_pass1.txt,166, 3,1
pretrain_pass1.txt,166,5,1
pretrain_pass1.txt,166,4,1
pretrain_pass1.txt,166, 1,1
pretrain_pass1.txt,166,6,1
pretrain_pass1.txt,166,0,1
pretrain_pass1.txt,166, 4,1
pretrain_pass1.txt,166,1,2
pretrain_pass1.txt,166,7,2
pretrain_pass1.txt,166, 19,1
pretrain_pass1.txt,166,3,1
pretrain_pass1.txt,166, 5,1
pretrain_pass1.txt,166,12,1
pretrain_pass1.txt,166, 6,1
pretrain_pass1.txt,166,10,1
pretrain_pass1.txt,166, 7,1
pretrain_pass1.txt,166,50,1
pretrain_pass1.txt,166, 8,1
pretrain_pass1.txt,166,20,1
pretrain_pass1.txt,166, 9,1
pretrain_pass1.txt,166,88,1
pretrain_pass1.txt,166, 10,1
pretrain_pass1.txt,166,30,1
pretrain_pass1.txt,166, 12,1
pretrain_pass1.txt,166,",",5
pretrain_pass1.txt,166,00,3
pretrain_pass1.txt,166, 11,1
pretrain_pass1.txt,166, 15,1
pretrain_pass1.txt,166,22,1
pretrain_pass1.txt,166, 20,1
pretrain_pass1.txt,166, 0,1
pretrain_pass1.txt,166,.,5
pretrain_pass1.txt,166,K,1
pretrain_pass1.txt,166,!,1
pretrain_pass1.txt,166, (,1
pretrain_pass1.txt,166,),1
pretrain_pass1.txt,166,/,1
pretrain_pass1.txt,167,23,1
pretrain_pass1.txt,167,-,2
pretrain_pass1.txt,167,J,1
pretrain_pass1.txt,167,an,1
pretrain_pass1.txt,167,201,1
pretrain_pass1.txt,167,7,1
pretrain_pass1.txt,167, 8,1
pretrain_pass1.txt,167,:,1
pretrain_pass1.txt,167,0,1
pretrain_pass1.txt,167,6,1
pretrain_pass1.txt,167,am,1
pretrain_pass1.txt,167,...,1
pretrain_pass1.txt,167, «,1
pretrain_pass1.txt,167,»,1
pretrain_pass1.txt,167, “,1
pretrain_pass1.txt,167,”,1
pretrain_pass1.txt,167, (,1
pretrain_pass1.txt,167,M,1
pretrain_pass1.txt,167,I,1
pretrain_pass1.txt,167,S,1
pretrain_pass1.txt,167,),2
pretrain_pass1.txt,167,",",1
pretrain_pass1.txt,167,(,1
pretrain_pass1.txt,167,IC,2
pretrain_pass1.txt,167,T,1
pretrain_pass1.txt,167, D,1
pretrain_pass1.txt,167,at,1
pretrain_pass1.txt,167,a,1
pretrain_pass1.txt,167, C,1
pretrain_pass1.txt,167,ent,1
pretrain_pass1.txt,167,r,1
pretrain_pass1.txt,167,ic,1
pretrain_pass1.txt,167, S,1
pretrain_pass1.txt,167,y,1
pretrain_pass1.txt,167,st,1
pretrain_pass1.txt,167,em,1
pretrain_pass1.txt,167,s,1
pretrain_pass1.txt,167, J,1
pretrain_pass1.txt,167,A,1
pretrain_pass1.txt,167,.,1
pretrain_pass1.txt,167, A,1
pretrain_pass1.txt,167,C,1
pretrain_pass1.txt,168,23,1
pretrain_pass1.txt,168,8,1
pretrain_pass1.txt,168, |,10
pretrain_pass1.txt,168,|,10
pretrain_pass1.txt,168, 2,1
pretrain_pass1.txt,168,1,1
pretrain_pass1.txt,168,9,1
pretrain_pass1.txt,168, 1,1
pretrain_pass1.txt,168,4,1
pretrain_pass1.txt,168,0,1
pretrain_pass1.txt,168, 19,1
pretrain_pass1.txt,168,6,2
pretrain_pass1.txt,168, 20,1
pretrain_pass1.txt,168,7,1
pretrain_pass1.txt,168, 3,1
pretrain_pass1.txt,168,2,1
pretrain_pass1.txt,168,5,1
pretrain_pass1.txt,168, 4,1
pretrain_pass1.txt,168,3,1
pretrain_pass1.txt,168, 7,1
pretrain_pass1.txt,168,30,1
pretrain_pass1.txt,168, 6,1
pretrain_pass1.txt,168,00,1
pretrain_pass1.txt,168, 5,1
pretrain_pass1.txt,168,50,1
pretrain_pass1.txt,168, 9,1
pretrain_pass1.txt,169,23,1
pretrain_pass1.txt,169,-,4
pretrain_pass1.txt,169,J,2
pretrain_pass1.txt,169,an,2
pretrain_pass1.txt,169,201,2
pretrain_pass1.txt,169,7,2
pretrain_pass1.txt,169, 2,1
pretrain_pass1.txt,169,:,2
pretrain_pass1.txt,169,4,1
pretrain_pass1.txt,169,2,1
pretrain_pass1.txt,169, p,2
pretrain_pass1.txt,169,m,2
pretrain_pass1.txt,169,×,1
pretrain_pass1.txt,169, |,1
pretrain_pass1.txt,169,|,1
pretrain_pass1.txt,169, 1,1
pretrain_pass1.txt,169,3,1
pretrain_pass1.txt,169, 3,1
pretrain_pass1.txt,169,1,1
pretrain_pass1.txt,169,6,1
pretrain_pass1.txt,169,...,1
pretrain_pass1.txt,170,23,1
pretrain_pass1.txt,170, |,9
pretrain_pass1.txt,170,|,9
pretrain_pass1.txt,170, 2,1
pretrain_pass1.txt,170,5,1
pretrain_pass1.txt,170, 3,1
pretrain_pass1.txt,170,7,1
pretrain_pass1.txt,170, 4,1
pretrain_pass1.txt,170,3,1
pretrain_pass1.txt,170, 1,1
pretrain_pass1.txt,170,4,1
pretrain_pass1.txt,170,6,1
pretrain_pass1.txt,170, 6,1
pretrain_pass1.txt,170,8,1
pretrain_pass1.txt,170, 5,1
pretrain_pass1.txt,170,1,1
pretrain_pass1.txt,170, 7,1
pretrain_pass1.txt,170,2,1
pretrain_pass1.txt,170, 8,1
pretrain_pass1.txt,170,0,1
pretrain_pass1.txt,170, 9,1
pretrain_pass1.txt,170,9,1
pretrain_pass1.txt,171,23,1
pretrain_pass1.txt,171, |,1
pretrain_pass1.txt,171,|,1
pretrain_pass1.txt,171, 0,1
pretrain_pass1.txt,171,1,1
pretrain_pass1.txt,171,:,1
pretrain_pass1.txt,171,5,1
pretrain_pass1.txt,171,9,1
pretrain_pass1.txt,171, P,1
pretrain_pass1.txt,171,M,1
pretrain_pass1.txt,172,23,1
pretrain_pass1.txt,172,1,9
pretrain_pass1.txt,172, |,17
pretrain_pass1.txt,172,|,17
pretrain_pass1.txt,172,4,2
pretrain_pass1.txt,172,5,2
pretrain_pass1.txt,172,3,2
pretrain_pass1.txt,172,0,1
pretrain_pass1.txt,172,2,3
pretrain_pass1.txt,172,6,1
pretrain_pass1.txt,172,7,1
pretrain_pass1.txt,172,8,1
pretrain_pass1.txt,172,9,2
pretrain_pass1.txt,172,10,1
pretrain_pass1.txt,172,30,1
pretrain_pass1.txt,172,22,1
pretrain_pass1.txt,172,12,1
pretrain_pass1.txt,172,20,1
pretrain_pass1.txt,172,50,1
pretrain_pass1.txt,172,201,1
pretrain_pass1.txt,172,00,3
pretrain_pass1.txt,172,88,1
pretrain_pass1.txt,172,000,1
pretrain_pass1.txt,172,",000",3
pretrain_pass1.txt,172,",",1
pretrain_pass1.txt,173,23,1
pretrain_pass1.txt,173,1,5
pretrain_pass1.txt,173, |,287
pretrain_pass1.txt,173,|,288
pretrain_pass1.txt,173, 2,2
pretrain_pass1.txt,173,9,4
pretrain_pass1.txt,173,6,1
pretrain_pass1.txt,173, 3,1
pretrain_pass1.txt,173,4,1
pretrain_pass1.txt,173,8,1
pretrain_pass1.txt,173, 1,273
pretrain_pass1.txt,173,3,1
pretrain_pass1.txt,173,5,1
pretrain_pass1.txt,173, 4,1
pretrain_pass1.txt,173,7,2
pretrain_pass1.txt,173,2,1
pretrain_pass1.txt,173, 6,1
pretrain_pass1.txt,173,0,1
pretrain_pass1.txt,173, 8,1
pretrain_pass1.txt,173,12,1
pretrain_pass1.txt,173, 7,1
pretrain_pass1.txt,173,20,1
pretrain_pass1.txt,173, 5,1
pretrain_pass1.txt,173,00,1
pretrain_pass1.txt,173, 9,1
pretrain_pass1.txt,173,30,1
pretrain_pass1.txt,173, 10,1
pretrain_pass1.txt,173,",",277
pretrain_pass1.txt,173,10,271
pretrain_pass1.txt,173, 12,1
pretrain_pass1.txt,173,50,1
pretrain_pass1.txt,173, 11,1
pretrain_pass1.txt,173, 15,1
pretrain_pass1.txt,173,88,1
pretrain_pass1.txt,173, 24,1
pretrain_pass1.txt,173, 19,1
pretrain_pass1.txt,173, 0,1
pretrain_pass1.txt,173,.,1
pretrain_pass1.txt,173,||,1
pretrain_pass1.txt,174,ad,1
pretrain_pass1.txt,174,m,1
pretrain_pass1.txt,174,in,1
pretrain_pass1.txt,174, |,1
pretrain_pass1.txt,174,|,1
pretrain_pass1.txt,174, 2,1
pretrain_pass1.txt,174,2,1
pretrain_pass1.txt,174,8,1
pretrain_pass1.txt,174,9,1
pretrain_pass1.txt,175,23,1
pretrain_pass1.txt,175,8,4
pretrain_pass1.txt,175, |,18
pretrain_pass1.txt,175,|,20
pretrain_pass1.txt,175,2,3
pretrain_pass1.txt,175,1,5
pretrain_pass1.txt,175,6,1
pretrain_pass1.txt,175,3,2
pretrain_pass1.txt,175,7,3
pretrain_pass1.txt,175,5,1
pretrain_pass1.txt,175,4,3
pretrain_pass1.txt,175,9,1
pretrain_pass1.txt,175,0,1
pretrain_pass1.txt,175,30,1
pretrain_pass1.txt,175,10,4
pretrain_pass1.txt,175,50,1
pretrain_pass1.txt,175,12,1
pretrain_pass1.txt,175,22,1
pretrain_pass1.txt,175,20,1
pretrain_pass1.txt,175,00,1
pretrain_pass1.txt,175,88,1
pretrain_pass1.txt,175,201,1
pretrain_pass1.txt,175,||,4
pretrain_pass1.txt,175,:,1
pretrain_pass1.txt,175,—,1
pretrain_pass1.txt,175, (,1
pretrain_pass1.txt,175,),1
pretrain_pass1.txt,175,/,1
pretrain_pass1.txt,175,.,1
pretrain_pass1.txt,175, -,1
pretrain_pass1.txt,176,23,1
pretrain_pass1.txt,176, |,10
pretrain_pass1.txt,176,|,10
pretrain_pass1.txt,176, 2,1
pretrain_pass1.txt,176,5,1
pretrain_pass1.txt,176,8,1
pretrain_pass1.txt,176, 3,1
pretrain_pass1.txt,176,7,2
pretrain_pass1.txt,176,6,1
pretrain_pass1.txt,176, 1,1
pretrain_pass1.txt,176,3,1
pretrain_pass1.txt,176,4,1
pretrain_pass1.txt,176, 4,1
pretrain_pass1.txt,176,1,1
pretrain_pass1.txt,176,9,1
pretrain_pass1.txt,176, 6,1
pretrain_pass1.txt,176,2,1
pretrain_pass1.txt,176,10,1
pretrain_pass1.txt,176, 7,1
pretrain_pass1.txt,176,0,1
pretrain_pass1.txt,176, 8,1
pretrain_pass1.txt,176,20,1
pretrain_pass1.txt,176, 5,1
pretrain_pass1.txt,176,30,1
pretrain_pass1.txt,176, 9,1
pretrain_pass1.txt,176,88,1
pretrain_pass1.txt,176, 12,1
pretrain_pass1.txt,176,",",1
pretrain_pass1.txt,176,22,1
pretrain_pass1.txt,177,23,1
pretrain_pass1.txt,177, |,318
pretrain_pass1.txt,177,|,318
pretrain_pass1.txt,177,1,307
pretrain_pass1.txt,177,4,1
pretrain_pass1.txt,177,2,1
pretrain_pass1.txt,177,5,1
pretrain_pass1.txt,177,3,1
pretrain_pass1.txt,177,7,2
pretrain_pass1.txt,177,0,1
pretrain_pass1.txt,177,6,1
pretrain_pass1.txt,177,30,1
pretrain_pass1.txt,177,9,280
pretrain_pass1.txt,177,8,24
pretrain_pass1.txt,177,10,2
pretrain_pass1.txt,177,12,1
pretrain_pass1.txt,177,20,1
pretrain_pass1.txt,177,88,1
pretrain_pass1.txt,177,00,1
pretrain_pass1.txt,177, 1,1
pretrain_pass1.txt,177, 10,1
pretrain_pass1.txt,178,23,1
pretrain_pass1.txt,178,8,1
pretrain_pass1.txt,178, |,1
pretrain_pass1.txt,178,|,1
pretrain_pass1.txt,178,1,1
pretrain_pass1.txt,178,9,1
pretrain_pass1.txt,178,5,1
pretrain_pass1.txt,178,7,1
pretrain_pass1.txt,179,23,2
pretrain_pass1.txt,179,",",184
pretrain_pass1.txt,179,1,2
pretrain_pass1.txt,179,9,183
pretrain_pass1.txt,179,7,162
pretrain_pass1.txt,179, |,187
pretrain_pass1.txt,179,|,187
pretrain_pass1.txt,179,4,7
pretrain_pass1.txt,179,6,1
pretrain_pass1.txt,179, 0,1
pretrain_pass1.txt,179,2,5
pretrain_pass1.txt,179,8,11
pretrain_pass1.txt,179,5,1
pretrain_pass1.txt,179, 1,170
pretrain_pass1.txt,179,30,2
pretrain_pass1.txt,179,||,1
pretrain_pass1.txt,179, 2,1
pretrain_pass1.txt,179,22,1
pretrain_pass1.txt,179,12,1
pretrain_pass1.txt,179, 3,1
pretrain_pass1.txt,179,10,1
pretrain_pass1.txt,179, 10,1
pretrain_pass1.txt,179,20,1
pretrain_pass1.txt,179,0,2
pretrain_pass1.txt,179, 6,1
pretrain_pass1.txt,179,00,3
pretrain_pass1.txt,179,50,1
pretrain_pass1.txt,179, 5,1
pretrain_pass1.txt,179,3,175
pretrain_pass1.txt,179, 4,1
pretrain_pass1.txt,179, 7,1
pretrain_pass1.txt,179,000,1
pretrain_pass1.txt,179,88,1
pretrain_pass1.txt,179, 9,1
pretrain_pass1.txt,179, 11,1
pretrain_pass1.txt,179, 12,1
pretrain_pass1.txt,179, 8,1
pretrain_pass1.txt,179, 15,1
pretrain_pass1.txt,179, 19,1
pretrain_pass1.txt,180,23,1
pretrain_pass1.txt,180,9,46
pretrain_pass1.txt,180, |,54
pretrain_pass1.txt,180,|,54
pretrain_pass1.txt,180,2,47
pretrain_pass1.txt,180,4,17
pretrain_pass1.txt,180,7,4
pretrain_pass1.txt,180,3,5
pretrain_pass1.txt,180,8,4
pretrain_pass1.txt,180,1,9
pretrain_pass1.txt,180,5,10
pretrain_pass1.txt,180,6,4
pretrain_pass1.txt,180,0,1
pretrain_pass1.txt,180,30,1
pretrain_pass1.txt,180,10,2
pretrain_pass1.txt,180,12,1
pretrain_pass1.txt,180,20,1
pretrain_pass1.txt,180,50,1
pretrain_pass1.txt,180,88,1
pretrain_pass1.txt,180,00,1
pretrain_pass1.txt,180,22,1
pretrain_pass1.txt,181,23,1
pretrain_pass1.txt,181, |,12
pretrain_pass1.txt,181,|,12
pretrain_pass1.txt,181, 1,1
pretrain_pass1.txt,181,4,1
pretrain_pass1.txt,181, 2,1
pretrain_pass1.txt,181,5,1
pretrain_pass1.txt,181, 3,1
pretrain_pass1.txt,181,7,1
pretrain_pass1.txt,181, 4,1
pretrain_pass1.txt,181,6,2
pretrain_pass1.txt,181, 5,1
pretrain_pass1.txt,181,8,1
pretrain_pass1.txt,181, 6,1
pretrain_pass1.txt,181,9,1
pretrain_pass1.txt,181, 7,1
pretrain_pass1.txt,181,1,1
pretrain_pass1.txt,181, 8,1
pretrain_pass1.txt,181,3,1
pretrain_pass1.txt,181, 9,1
pretrain_pass1.txt,181,0,1
pretrain_pass1.txt,181, 11,1
pretrain_pass1.txt,181,2,2
pretrain_pass1.txt,181, 10,1
pretrain_pass1.txt,181, 12,1
pretrain_pass1.txt,182,23,1
pretrain_pass1.txt,182,9,3
pretrain_pass1.txt,182, |,11
pretrain_pass1.txt,182,|,11
pretrain_pass1.txt,182,4,1
pretrain_pass1.txt,182,6,1
pretrain_pass1.txt,182,1,4
pretrain_pass1.txt,182,5,1
pretrain_pass1.txt,182,7,1
pretrain_pass1.txt,182,8,2
pretrain_pass1.txt,182,50,1
pretrain_pass1.txt,182,2,4
pretrain_pass1.txt,182,0,1
pretrain_pass1.txt,182,3,1
pretrain_pass1.txt,182,10,1
pretrain_pass1.txt,182,12,1
pretrain_pass1.txt,182,22,1
pretrain_pass1.txt,182,30,1
pretrain_pass1.txt,182,88,1
pretrain_pass1.txt,182,20,1
pretrain_pass1.txt,182,00,1
pretrain_pass1.txt,182,",",2
pretrain_pass1.txt,182, 1,1
pretrain_pass1.txt,182,.,10
pretrain_pass1.txt,182, 2,1
pretrain_pass1.txt,182, 3,1
pretrain_pass1.txt,182, 4,1
pretrain_pass1.txt,182, 5,1
pretrain_pass1.txt,182,/,1
pretrain_pass1.txt,182, 6,1
pretrain_pass1.txt,182, 7,1
pretrain_pass1.txt,182, 8,1
pretrain_pass1.txt,182, (,1
pretrain_pass1.txt,182,M,1
pretrain_pass1.txt,182,E,1
pretrain_pass1.txt,182,F,1
pretrain_pass1.txt,182,),1
pretrain_pass1.txt,182, 9,1
pretrain_pass1.txt,182, 10,1
pretrain_pass1.txt,183,23,1
pretrain_pass1.txt,183,8,1
pretrain_pass1.txt,183, |,6
pretrain_pass1.txt,183,|,6
pretrain_pass1.txt,183,2,1
pretrain_pass1.txt,183,9,2
pretrain_pass1.txt,183,6,1
pretrain_pass1.txt,183,4,1
pretrain_pass1.txt,183,7,2
pretrain_pass1.txt,183,1,1
pretrain_pass1.txt,183,3,1
pretrain_pass1.txt,183,5,1
pretrain_pass1.txt,183,0,1
pretrain_pass1.txt,183,10,1
pretrain_pass1.txt,183,30,1
pretrain_pass1.txt,183,20,1
pretrain_pass1.txt,183,22,1
pretrain_pass1.txt,184,↑,3
pretrain_pass1.txt,184,|,1
pretrain_pass1.txt,184, |,1
pretrain_pass1.txt,184,||,1
pretrain_pass1.txt,184,",",3
pretrain_pass1.txt,184, (,1
pretrain_pass1.txt,184,M,1
pretrain_pass1.txt,184,O,1
pretrain_pass1.txt,184,F,1
pretrain_pass1.txt,184,E,1
pretrain_pass1.txt,184,),1
pretrain_pass1.txt,185,88,2
pretrain_pass1.txt,185,8,1
pretrain_pass1.txt,185, |,1
pretrain_pass1.txt,185,|,1
pretrain_pass1.txt,185,9,1
pretrain_pass1.txt,186,23,1
pretrain_pass1.txt,186,9,1
pretrain_pass1.txt,186, |,3
pretrain_pass1.txt,186,|,2
pretrain_pass1.txt,187,23,1
pretrain_pass1.txt,187,9,1
pretrain_pass1.txt,187, |,7
pretrain_pass1.txt,187,|,7
pretrain_pass1.txt,187,88,2
pretrain_pass1.txt,187,3,1
pretrain_pass1.txt,187,||,2
pretrain_pass1.txt,187, 1,1
pretrain_pass1.txt,187,4,1
pretrain_pass1.txt,187,5,1
pretrain_pass1.txt,187,8,1
pretrain_pass1.txt,187,2,1
pretrain_pass1.txt,187, (,1
pretrain_pass1.txt,187,),1
pretrain_pass1.txt,187, 9,1
pretrain_pass1.txt,187,1,1
pretrain_pass1.txt,187,7,1
pretrain_pass1.txt,187,-,1
pretrain_pass1.txt,187, 10,1
pretrain_pass1.txt,187,6,1
pretrain_pass1.txt,187,0,1
pretrain_pass1.txt,188,23,1
pretrain_pass1.txt,188, |,1
pretrain_pass1.txt,188,|,1
pretrain_pass1.txt,188, 0,1
pretrain_pass1.txt,188,4,1
pretrain_pass1.txt,188,-0,1
pretrain_pass1.txt,188,7,1
pretrain_pass1.txt,188,-,1
pretrain_pass1.txt,188,201,1
pretrain_pass1.txt,188,9,1
pretrain_pass1.txt,188, -,1
pretrain_pass1.txt,189,23,1
pretrain_pass1.txt,189,",",1
pretrain_pass1.txt,189,1,1
pretrain_pass1.txt,189,7,1
pretrain_pass1.txt,189,9,1
pretrain_pass1.txt,189, |,5
pretrain_pass1.txt,189,←,3
pretrain_pass1.txt,189,|,2
pretrain_pass1.txt,189, 1,1
pretrain_pass1.txt,189,8,1
pretrain_pass1.txt,189,5,1
pretrain_pass1.txt,189,3,1
pretrain_pass1.txt,189, «,1
pretrain_pass1.txt,189,»,1
pretrain_pass1.txt,189,-,1
pretrain_pass1.txt,189,.,2
pretrain_pass1.txt,189, (,1
pretrain_pass1.txt,189,O,1
pretrain_pass1.txt,189,n,1
pretrain_pass1.txt,189,l,1
pretrain_pass1.txt,189,ine,1
pretrain_pass1.txt,189,),1
pretrain_pass1.txt,190,23,1
pretrain_pass1.txt,190,9,1
pretrain_pass1.txt,190, |,1
pretrain_pass1.txt,190,|,1
pretrain_pass1.txt,190,1,1
pretrain_pass1.txt,190,8,1
pretrain_pass1.txt,190,4,1
pretrain_pass1.txt,190,7,1
pretrain_pass1.txt,191,23,1
pretrain_pass1.txt,191,1,1
pretrain_pass1.txt,191, |,12
pretrain_pass1.txt,191,|,12
pretrain_pass1.txt,191,88,1
pretrain_pass1.txt,191,3,1
pretrain_pass1.txt,191, 1,1
pretrain_pass1.txt,191,8,2
pretrain_pass1.txt,191,9,1
pretrain_pass1.txt,191, 2,1
pretrain_pass1.txt,191,6,1
pretrain_pass1.txt,191,2,1
pretrain_pass1.txt,191, 3,1
pretrain_pass1.txt,191,4,2
pretrain_pass1.txt,191,7,1
pretrain_pass1.txt,191, 19,1
pretrain_pass1.txt,191,5,1
pretrain_pass1.txt,191, 4,1
pretrain_pass1.txt,191,0,2
pretrain_pass1.txt,191, 6,1
pretrain_pass1.txt,191,10,1
pretrain_pass1.txt,191, 8,1
pretrain_pass1.txt,191,30,1
pretrain_pass1.txt,191, 7,1
pretrain_pass1.txt,191,50,1
pretrain_pass1.txt,191, 5,1
pretrain_pass1.txt,191,00,1
pretrain_pass1.txt,191, 9,1
pretrain_pass1.txt,191,",",2
pretrain_pass1.txt,191,20,1
pretrain_pass1.txt,191, 12,1
pretrain_pass1.txt,191,12,1
pretrain_pass1.txt,192,23,1
pretrain_pass1.txt,192,8,253
pretrain_pass1.txt,192, |,261
pretrain_pass1.txt,192,|,264
pretrain_pass1.txt,192,1,264
pretrain_pass1.txt,192,7,14
pretrain_pass1.txt,192,2,7
pretrain_pass1.txt,192,12,1
pretrain_pass1.txt,192,4,208
pretrain_pass1.txt,192,0,2
pretrain_pass1.txt,192,9,5
pretrain_pass1.txt,192,6,6
pretrain_pass1.txt,192,10,1
pretrain_pass1.txt,192,5,11
pretrain_pass1.txt,192,20,1
pretrain_pass1.txt,192,3,3
pretrain_pass1.txt,192,30,1
pretrain_pass1.txt,192,201,1
pretrain_pass1.txt,192,50,1
pretrain_pass1.txt,192,88,1
pretrain_pass1.txt,192,00,1
pretrain_pass1.txt,192, 1,1
pretrain_pass1.txt,192,||,1
pretrain_pass1.txt,193,23,1
pretrain_pass1.txt,193,9,1
pretrain_pass1.txt,193, |,270
pretrain_pass1.txt,193,|,272
pretrain_pass1.txt,193,4,495
pretrain_pass1.txt,193,0,1
pretrain_pass1.txt,193,2,2
pretrain_pass1.txt,193,5,5
pretrain_pass1.txt,193,3,4
pretrain_pass1.txt,193,6,1
pretrain_pass1.txt,193,1,269
pretrain_pass1.txt,193,7,1
pretrain_pass1.txt,193,8,4
pretrain_pass1.txt,193,50,1
pretrain_pass1.txt,193,10,5
pretrain_pass1.txt,193,12,1
pretrain_pass1.txt,193,22,1
pretrain_pass1.txt,193,30,1
pretrain_pass1.txt,193,88,1
pretrain_pass1.txt,193,20,1
pretrain_pass1.txt,193,00,1
pretrain_pass1.txt,193,201,1
pretrain_pass1.txt,193,||,1
pretrain_pass1.txt,193, 1,1
pretrain_pass1.txt,194,23,1
pretrain_pass1.txt,194,9,208
pretrain_pass1.txt,194, |,220
pretrain_pass1.txt,194,|,220
pretrain_pass1.txt,194,4,6
pretrain_pass1.txt,194,3,201
pretrain_pass1.txt,194,5,1
pretrain_pass1.txt,194,1,212
pretrain_pass1.txt,194,8,1
pretrain_pass1.txt,194,6,1
pretrain_pass1.txt,194,0,2
pretrain_pass1.txt,194,7,3
pretrain_pass1.txt,194,2,1
pretrain_pass1.txt,194,10,1
pretrain_pass1.txt,194,12,1
pretrain_pass1.txt,194,22,1
pretrain_pass1.txt,194,20,2
pretrain_pass1.txt,194,30,1
pretrain_pass1.txt,194,50,1
pretrain_pass1.txt,194,00,2
pretrain_pass1.txt,194,201,1
pretrain_pass1.txt,194,000,1
pretrain_pass1.txt,194,",000",1
pretrain_pass1.txt,194,",",207
pretrain_pass1.txt,194,88,1
pretrain_pass1.txt,194, 1,1
pretrain_pass1.txt,195,23,1
pretrain_pass1.txt,195,9,1
pretrain_pass1.txt,195, |,5
pretrain_pass1.txt,195,|,5
pretrain_pass1.txt,195,2,1
pretrain_pass1.txt,195,4,1
pretrain_pass1.txt,195,8,1
pretrain_pass1.txt,195,3,1
pretrain_pass1.txt,195,7,1
pretrain_pass1.txt,195,6,1
pretrain_pass1.txt,195,1,1
pretrain_pass1.txt,195,5,1
pretrain_pass1.txt,195,88,1
pretrain_pass1.txt,195,30,1
pretrain_pass1.txt,195,20,1
pretrain_pass1.txt,195,10,1
pretrain_pass1.txt,195,50,1
pretrain_pass1.txt,196,23,1
pretrain_pass1.txt,196, |,5
pretrain_pass1.txt,196,|,3
pretrain_pass1.txt,196,↑,3
pretrain_pass1.txt,197,23,1
pretrain_pass1.txt,197,9,3
pretrain_pass1.txt,197, |,10
pretrain_pass1.txt,197,|,10
pretrain_pass1.txt,197, 1,1
pretrain_pass1.txt,197,3,1
pretrain_pass1.txt,197,4,1
pretrain_pass1.txt,197,8,1
pretrain_pass1.txt,197, 2,1
pretrain_pass1.txt,197,1,1
pretrain_pass1.txt,197,7,2
pretrain_pass1.txt,197,2,1
pretrain_pass1.txt,197, 3,1
pretrain_pass1.txt,197,20,1
pretrain_pass1.txt,197, 4,1
pretrain_pass1.txt,197,5,2
pretrain_pass1.txt,197,6,1
pretrain_pass1.txt,197, 6,1
pretrain_pass1.txt,197,0,1
pretrain_pass1.txt,197, 7,1
pretrain_pass1.txt,197,50,1
pretrain_pass1.txt,197, 5,1
pretrain_pass1.txt,197,00,1
pretrain_pass1.txt,197, 8,1
pretrain_pass1.txt,197,30,1
pretrain_pass1.txt,197, 9,1
pretrain_pass1.txt,197,10,1
pretrain_pass1.txt,197,88,1
pretrain_pass1.txt,197,",",1
pretrain_pass1.txt,198,23,1
pretrain_pass1.txt,198,9,1
pretrain_pass1.txt,198, |,11
pretrain_pass1.txt,198,|,11
pretrain_pass1.txt,198, 0,1
pretrain_pass1.txt,198,1,1
pretrain_pass1.txt,198,6,1
pretrain_pass1.txt,198, 2,1
pretrain_pass1.txt,198,8,1
pretrain_pass1.txt,198,4,1
pretrain_pass1.txt,198, 3,1
pretrain_pass1.txt,198,3,1
pretrain_pass1.txt,198,5,1
pretrain_pass1.txt,198, 1,1
pretrain_pass1.txt,198,7,2
pretrain_pass1.txt,198,2,1
pretrain_pass1.txt,198, 5,1
pretrain_pass1.txt,198,00,1
pretrain_pass1.txt,198, 6,1
pretrain_pass1.txt,198,50,1
pretrain_pass1.txt,198, 4,1
pretrain_pass1.txt,198,20,1
pretrain_pass1.txt,198, 7,1
pretrain_pass1.txt,198,0,1
pretrain_pass1.txt,198, 8,1
pretrain_pass1.txt,198,30,1
pretrain_pass1.txt,198, 9,1
pretrain_pass1.txt,198, 10,1
pretrain_pass1.txt,198,88,1
pretrain_pass1.txt,199,23,1
pretrain_pass1.txt,199,8,1
pretrain_pass1.txt,199, |,1
pretrain_pass1.txt,199,|,1
pretrain_pass1.txt,199, 0,1
pretrain_pass1.txt,199,1,1
pretrain_pass1.txt,199,5,1
pretrain_pass1.txt,200,23,1
pretrain_pass1.txt,200,1,1
pretrain_pass1.txt,200, |,15
pretrain_pass1.txt,200,|,15
pretrain_pass1.txt,200, 2,1
pretrain_pass1.txt,200,2,1
pretrain_pass1.txt,200,8,1
pretrain_pass1.txt,200, 1,1
pretrain_pass1.txt,200,3,1
pretrain_pass1.txt,200,5,1
pretrain_pass1.txt,200, 24,1
pretrain_pass1.txt,200,4,1
pretrain_pass1.txt,200, 19,1
pretrain_pass1.txt,200,9,3
pretrain_pass1.txt,200, 3,1
pretrain_pass1.txt,200,7,3
pretrain_pass1.txt,200,6,1
pretrain_pass1.txt,200, 20,1
pretrain_pass1.txt,200,0,1
pretrain_pass1.txt,200, 4,1
pretrain_pass1.txt,200, 7,1
pretrain_pass1.txt,200, 5,1
pretrain_pass1.txt,200, 6,1
pretrain_pass1.txt,200,10,1
pretrain_pass1.txt,200, 8,1
pretrain_pass1.txt,200,30,1
pretrain_pass1.txt,200, 9,1
pretrain_pass1.txt,200, 10,1
pretrain_pass1.txt,200,50,1
pretrain_pass1.txt,200, 12,1
pretrain_pass1.txt,200,20,1
pretrain_pass1.txt,200, 11,1
pretrain_pass1.txt,200,88,1
pretrain_pass2.txt,0,23,1
pretrain_pass2.txt,0, |,1
pretrain_pass2.txt,0,|,1
pretrain_pass2.txt,0, 1,1
pretrain_pass2.txt,0,3,1
pretrain_pass2.txt,0,4,1
pretrain_pass2.txt,0,k,1
pretrain_pass2.txt,0,m,1
pretrain_pass2.txt,0,7,1
pretrain_pass2.txt,0,8,1
pretrain_pass2.txt,0, -,1
pretrain_pass2.txt,0, (,1
pretrain_pass2.txt,0,S,1
pretrain_pass2.txt,0,en,2
pretrain_pass2.txt,0,i,1
pretrain_pass2.txt,0,or,1
pretrain_pass2.txt,0, P,1
pretrain_pass2.txt,0,.,1
pretrain_pass2.txt,0, N,1
pretrain_pass2.txt,0,g,1
pretrain_pass2.txt,0,u,1
pretrain_pass2.txt,0,y,1
pretrain_pass2.txt,0, B,1
pretrain_pass2.txt,0,in,1
pretrain_pass2.txt,0,h,2
pretrain_pass2.txt,0,),2
pretrain_pass2.txt,0,(,1
pretrain_pass2.txt,0,H,2
pretrain_pass2.txt,0,O,2
pretrain_pass2.txt,0,R,1
pretrain_pass2.txt,0,IN,1
pretrain_pass2.txt,0,U,1
pretrain_pass2.txt,0,C,1
pretrain_pass2.txt,0,I,1
pretrain_pass2.txt,0, H,1
pretrain_pass2.txt,0,ide,1
pretrain_pass2.txt,0,is,1
pretrain_pass2.txt,0,a,1
pretrain_pass2.txt,0,:,1
pretrain_pass2.txt,1,23,1
pretrain_pass2.txt,1,8,1
pretrain_pass2.txt,1, |,3
pretrain_pass2.txt,1,|,3
pretrain_pass2.txt,1, 0,2
pretrain_pass2.txt,1,9,1
pretrain_pass2.txt,1,6,1
pretrain_pass2.txt,1, 8,1
pretrain_pass2.txt,1,1,1
pretrain_pass2.txt,1,7,2
pretrain_pass2.txt,1, 3,1
pretrain_pass2.txt,1,2,1
pretrain_pass2.txt,1,4,1
pretrain_pass2.txt,1,#,1
pretrain_pass2.txt,1,0,1
pretrain_pass2.txt,1,3,1
pretrain_pass2.txt,1,:,1
pretrain_pass2.txt,1,5,1
pretrain_pass2.txt,1, 2,1
pretrain_pass2.txt,1,22,1
pretrain_pass2.txt,1,10,1
pretrain_pass2.txt,1, 9,1
pretrain_pass2.txt,1,88,1
pretrain_pass2.txt,1, 1,1
pretrain_pass2.txt,1,30,1
pretrain_pass2.txt,2,23,1
pretrain_pass2.txt,2,9,1
pretrain_pass2.txt,2, |,1
pretrain_pass2.txt,3,23,1
pretrain_pass2.txt,3,9,1
pretrain_pass2.txt,3, |,12
pretrain_pass2.txt,3,|,12
pretrain_pass2.txt,3, 2,1
pretrain_pass2.txt,3,1,1
pretrain_pass2.txt,3,4,1
pretrain_pass2.txt,3, 1,1
pretrain_pass2.txt,3,8,1
pretrain_pass2.txt,3,6,1
pretrain_pass2.txt,3, 19,1
pretrain_pass2.txt,3,5,1
pretrain_pass2.txt,3, 3,1
pretrain_pass2.txt,3,3,1
pretrain_pass2.txt,3,7,1
pretrain_pass2.txt,3, 20,1
pretrain_pass2.txt,3,0,1
pretrain_pass2.txt,3, 4,1
pretrain_pass2.txt,3,2,1
pretrain_pass2.txt,3,10,1
pretrain_pass2.txt,3, 6,1
pretrain_pass2.txt,3,50,1
pretrain_pass2.txt,3, 5,1
pretrain_pass2.txt,3,20,1
pretrain_pass2.txt,3, 7,1
pretrain_pass2.txt,3,30,1
pretrain_pass2.txt,3, 9,1
pretrain_pass2.txt,3,88,1
pretrain_pass2.txt,3, 8,1
pretrain_pass2.txt,3,00,1
pretrain_pass2.txt,3, 10,1
pretrain_pass2.txt,3,",",1
pretrain_pass2.txt,3,22,1
pretrain_pass2.txt,3,12,1
pretrain_pass2.txt,4,23,1
pretrain_pass2.txt,4,9,6
pretrain_pass2.txt,4, |,54
pretrain_pass2.txt,4,|,54
pretrain_pass2.txt,4,1,17
pretrain_pass2.txt,4,8,7
pretrain_pass2.txt,4,2,9
pretrain_pass2.txt,4,12,1
pretrain_pass2.txt,4,4,11
pretrain_pass2.txt,4,3,46
pretrain_pass2.txt,4,5,5
pretrain_pass2.txt,4,7,34
pretrain_pass2.txt,4,0,9
pretrain_pass2.txt,4,6,4
pretrain_pass2.txt,4,10,1
pretrain_pass2.txt,4,22,1
pretrain_pass2.txt,4,30,1
pretrain_pass2.txt,4,88,1
pretrain_pass2.txt,4,20,1
pretrain_pass2.txt,4,00,1
pretrain_pass2.txt,4,50,2
pretrain_pass2.txt,5,23,1
pretrain_pass2.txt,5, |,15
pretrain_pass2.txt,5,|,15
pretrain_pass2.txt,5, 2,1
pretrain_pass2.txt,5,2,1
pretrain_pass2.txt,5,8,1
pretrain_pass2.txt,5, 1,1
pretrain_pass2.txt,5,3,1
pretrain_pass2.txt,5,5,1
pretrain_pass2.txt,5, 15,1
pretrain_pass2.txt,5,9,1
pretrain_pass2.txt,5, 19,1
pretrain_pass2.txt,5,1,2
pretrain_pass2.txt,5, 20,1
pretrain_pass2.txt,5,0,1
pretrain_pass2.txt,5, 3,1
pretrain_pass2.txt,5,7,1
pretrain_pass2.txt,5,6,1
pretrain_pass2.txt,5, 7,1
pretrain_pass2.txt,5,4,1
pretrain_pass2.txt,5, 5,1
pretrain_pass2.txt,5,00,1
pretrain_pass2.txt,5, 6,1
pretrain_pass2.txt,5,50,1
pretrain_pass2.txt,5, 4,1
pretrain_pass2.txt,5,30,1
pretrain_pass2.txt,5, 8,1
pretrain_pass2.txt,5,10,1
pretrain_pass2.txt,5, 10,1
pretrain_pass2.txt,5,20,1
pretrain_pass2.txt,5, 9,1
pretrain_pass2.txt,5,88,1
pretrain_pass2.txt,5, 12,1
pretrain_pass2.txt,5,",",1
pretrain_pass2.txt,5,12,1
pretrain_pass2.txt,5, 11,1
pretrain_pass2.txt,5,.,1
pretrain_pass2.txt,5,K,1
pretrain_pass2.txt,5, 0,1
pretrain_pass2.txt,6,23,1
pretrain_pass2.txt,6,-,2
pretrain_pass2.txt,6,J,1
pretrain_pass2.txt,6,an,1
pretrain_pass2.txt,6,201,1
pretrain_pass2.txt,6,7,1
pretrain_pass2.txt,6, 8,1
pretrain_pass2.txt,6,:,1
pretrain_pass2.txt,6,1,1
pretrain_pass2.txt,6,4,1
pretrain_pass2.txt,6,am,1
pretrain_pass2.txt,6,...,1
pretrain_pass2.txt,6, 5,1
pretrain_pass2.txt,6, h,1
pretrain_pass2.txt,6,our,1
pretrain_pass2.txt,6,s,2
pretrain_pass2.txt,6, ago,1
pretrain_pass2.txt,6, 2,1
pretrain_pass2.txt,6,9,1
pretrain_pass2.txt,6,6,1
pretrain_pass2.txt,6,2,1
pretrain_pass2.txt,6, Sh,1
pretrain_pass2.txt,6,are,1
pretrain_pass2.txt,6, on,1
pretrain_pass2.txt,6, Facebook,1
pretrain_pass2.txt,6, T,1
pretrain_pass2.txt,6,w,1
pretrain_pass2.txt,6,it,1
pretrain_pass2.txt,6,ter,2
pretrain_pass2.txt,6, Go,1
pretrain_pass2.txt,6,og,1
pretrain_pass2.txt,6,le,1
pretrain_pass2.txt,6,+,1
pretrain_pass2.txt,6, P,1
pretrain_pass2.txt,6,in,1
pretrain_pass2.txt,6,est,1
pretrain_pass2.txt,6, W,1
pretrain_pass2.txt,6,h,1
pretrain_pass2.txt,6,at,2
pretrain_pass2.txt,6,A,1
pretrain_pass2.txt,6,pp,1
pretrain_pass2.txt,6, S,1
pretrain_pass2.txt,6,m,1
pretrain_pass2.txt,6,art,1
pretrain_pass2.txt,6, A,1
pretrain_pass2.txt,6,x,1
pretrain_pass2.txt,6,i,1
pretrain_pass2.txt,6,a,1
pretrain_pass2.txt,6, C,1
pretrain_pass2.txt,6,o,1
pretrain_pass2.txt,6,.,3
pretrain_pass2.txt,6,",",1
pretrain_pass2.txt,6, L,1
pretrain_pass2.txt,6,t,1
pretrain_pass2.txt,6,d,1
pretrain_pass2.txt,6, «,1
pretrain_pass2.txt,6, “,1
pretrain_pass2.txt,6,”,1
pretrain_pass2.txt,6, (,1
pretrain_pass2.txt,6,),1
pretrain_pass2.txt,7,23,1
pretrain_pass2.txt,7,1,1
pretrain_pass2.txt,7, |,14
pretrain_pass2.txt,7,|,14
pretrain_pass2.txt,7, 0,1
pretrain_pass2.txt,7,2,1
pretrain_pass2.txt,7,6,1
pretrain_pass2.txt,7, 2,1
pretrain_pass2.txt,7,5,1
pretrain_pass2.txt,7,7,1
pretrain_pass2.txt,7, 1,1
pretrain_pass2.txt,7,4,1
pretrain_pass2.txt,7,9,1
pretrain_pass2.txt,7, 3,1
pretrain_pass2.txt,7,8,2
pretrain_pass2.txt,7,3,1
pretrain_pass2.txt,7, 19,1
pretrain_pass2.txt,7,0,3
pretrain_pass2.txt,7, 20,1
pretrain_pass2.txt,7, 4,1
pretrain_pass2.txt,7,10,1
pretrain_pass2.txt,7, 6,1
pretrain_pass2.txt,7,20,1
pretrain_pass2.txt,7, 5,1
pretrain_pass2.txt,7,00,1
pretrain_pass2.txt,7, 7,1
pretrain_pass2.txt,7,50,1
pretrain_pass2.txt,7, 8,1
pretrain_pass2.txt,7,30,1
pretrain_pass2.txt,7, 9,1
pretrain_pass2.txt,7, 10,1
pretrain_pass2.txt,7,",",2
pretrain_pass2.txt,7,88,1
pretrain_pass2.txt,7, 12,1
pretrain_pass2.txt,7,12,1
pretrain_pass2.txt,8,23,1
pretrain_pass2.txt,8,",",1
pretrain_pass2.txt,8,2,2
pretrain_pass2.txt,8,9,2
pretrain_pass2.txt,8,0,1
pretrain_pass2.txt,8, |,15
pretrain_pass2.txt,8,|,15
pretrain_pass2.txt,8, 0,1
pretrain_pass2.txt,8,1,2
pretrain_pass2.txt,8,7,3
pretrain_pass2.txt,8,5,1
pretrain_pass2.txt,8, 2,1
pretrain_pass2.txt,8,8,1
pretrain_pass2.txt,8,3,1
pretrain_pass2.txt,8, 1,2
pretrain_pass2.txt,8,4,1
pretrain_pass2.txt,8,6,1
pretrain_pass2.txt,8, 3,1
pretrain_pass2.txt,8,50,1
pretrain_pass2.txt,8, 4,1
pretrain_pass2.txt,8,00,1
pretrain_pass2.txt,8, 6,1
pretrain_pass2.txt,8,30,1
pretrain_pass2.txt,8, 5,1
pretrain_pass2.txt,8,20,1
pretrain_pass2.txt,8, 7,1
pretrain_pass2.txt,8, 9,1
pretrain_pass2.txt,8,88,1
pretrain_pass2.txt,8, 8,1
pretrain_pass2.txt,8,10,1
pretrain_pass2.txt,8, 10,1
pretrain_pass2.txt,8, 11,1
pretrain_pass2.txt,8,12,1
pretrain_pass2.txt,8, 12,1
pretrain_pass2.txt,8, 15,1
pretrain_pass2.txt,8,.,1
pretrain_pass2.txt,8,K,1
pretrain_pass2.txt,8, B,1
pretrain_pass2.txt,8,ack,1
pretrain_pass2.txt,8, to,1
pretrain_pass2.txt,8, t,1
pretrain_pass2.txt,8,op,1
pretrain_pass2.txt,8, b,1
pretrain_pass2.txt,8,y,1
pretrain_pass2.txt,8, m,1
pretrain_pass2.txt,8,em,1
pretrain_pass2.txt,8,b,1
pretrain_pass2.txt,8,ers,1
pretrain_pass2.txt,8, of,1
pretrain_pass2.txt,8, the,1
pretrain_pass2.txt,8, c,1
pretrain_pass2.txt,8,ate,1
pretrain_pass2.txt,8,g,1
pretrain_pass2.txt,8,or,2
pretrain_pass2.txt,8,i,1
pretrain_pass2.txt,8,es,1
pretrain_pass2.txt,8, in,1
pretrain_pass2.txt,8, S,1
pretrain_pass2.txt,8,ou,1
pretrain_pass2.txt,8,th,1
pretrain_pass2.txt,8, K,1
pretrain_pass2.txt,8,ore,1
pretrain_pass2.txt,8,a,1
pretrain_pass2.txt,8,is,1
pretrain_pass2.txt,8,s,1
pretrain_pass2.txt,8,u,1
pretrain_pass2.txt,8,ed,1
pretrain_pass2.txt,8, a,1
pretrain_pass2.txt,8, d,1
pretrain_pass2.txt,8,if,1
pretrain_pass2.txt,8,f,2
pretrain_pass2.txt,8,er,1
pretrain_pass2.txt,8,en,1
pretrain_pass2.txt,8,ce,1
pretrain_pass2.txt,8, p,1
pretrain_pass2.txt,8,l,1
pretrain_pass2.txt,8,at,1
pretrain_pass2.txt,8,m,1
pretrain_pass2.txt,8, for,1
pretrain_pass2.txt,8, Cambodia,1
pretrain_pass2.txt,8,!,1
pretrain_pass2.txt,9,23,1
pretrain_pass2.txt,9,1,1
pretrain_pass2.txt,9, |,5
pretrain_pass2.txt,9,|,3
pretrain_pass2.txt,9, 2,1
pretrain_pass2.txt,9,2,1
pretrain_pass2.txt,9,9,1
pretrain_pass2.txt,9,.,1
pretrain_pass2.txt,10,23,1
pretrain_pass2.txt,10,1,1
pretrain_pass2.txt,10, |,2
pretrain_pass2.txt,10,|,2
pretrain_pass2.txt,10, 2,1
pretrain_pass2.txt,10,2,1
pretrain_pass2.txt,10,4,1
pretrain_pass2.txt,10, 24,1
pretrain_pass2.txt,10,5,1
pretrain_pass2.txt,11,23,1
pretrain_pass2.txt,11,9,2
pretrain_pass2.txt,11, |,11
pretrain_pass2.txt,11,|,11
pretrain_pass2.txt,11,1,4
pretrain_pass2.txt,11,3,2
pretrain_pass2.txt,11,4,1
pretrain_pass2.txt,11,8,1
pretrain_pass2.txt,11,2,5
pretrain_pass2.txt,11,5,1
pretrain_pass2.txt,11,7,2
pretrain_pass2.txt,11,0,2
pretrain_pass2.txt,11,12,1
pretrain_pass2.txt,11,6,1
pretrain_pass2.txt,11,30,1
pretrain_pass2.txt,11,00,1
pretrain_pass2.txt,11,10,4
pretrain_pass2.txt,11,22,1
pretrain_pass2.txt,11,20,1
pretrain_pass2.txt,11,000,1
pretrain_pass2.txt,11,88,1
pretrain_pass2.txt,11,201,1
pretrain_pass2.txt,11,50,1
pretrain_pass2.txt,12,23,1
pretrain_pass2.txt,12, |,1
pretrain_pass2.txt,12,|,1
pretrain_pass2.txt,12, 0,1
pretrain_pass2.txt,12,3,1
pretrain_pass2.txt,12,:,1
pretrain_pass2.txt,12,4,1
pretrain_pass2.txt,12,8,5
pretrain_pass2.txt,12, P,1
pretrain_pass2.txt,12,M,1
pretrain_pass2.txt,12, 1,1
pretrain_pass2.txt,12, 2,1
pretrain_pass2.txt,12, 3,1
pretrain_pass2.txt,12, 4,1
pretrain_pass2.txt,12, 5,1
pretrain_pass2.txt,12, 6,1
pretrain_pass2.txt,12, 7,1
pretrain_pass2.txt,12, 8,1
pretrain_pass2.txt,12, 9,10
pretrain_pass2.txt,12, 10,1
pretrain_pass2.txt,12, ...,1
pretrain_pass2.txt,12, 19,1
pretrain_pass2.txt,12,9,1
pretrain_pass2.txt,12, W,3
pretrain_pass2.txt,12,AS,3
pretrain_pass2.txt,12,S,3
pretrain_pass2.txt,12,IP,3
pretrain_pass2.txt,12, -,2
pretrain_pass2.txt,12, E,1
pretrain_pass2.txt,12,N,1
pretrain_pass2.txt,12, /,1
pretrain_pass2.txt,12, [,1
pretrain_pass2.txt,12,F,1
pretrain_pass2.txt,12,r,2
pretrain_pass2.txt,12,es,2
pretrain_pass2.txt,12,h,2
pretrain_pass2.txt,12, News,2
pretrain_pass2.txt,12,],1
pretrain_pass2.txt,12,.,2
pretrain_pass2.txt,12,%,1
pretrain_pass2.txt,12, 2020,1
pretrain_pass2.txt,12,-0,1
pretrain_pass2.txt,12,5,9
pretrain_pass2.txt,12,-2,1
pretrain_pass2.txt,12,6,2
pretrain_pass2.txt,12, F,1
pretrain_pass2.txt,12, (,7
pretrain_pass2.txt,12,),7
pretrain_pass2.txt,12,",",1
pretrain_pass2.txt,12, «,1
pretrain_pass2.txt,12,»,1
pretrain_pass2.txt,12, Pl,1
pretrain_pass2.txt,12,s,1
pretrain_pass2.txt,12, S,1
pretrain_pass2.txt,12,el,1
pretrain_pass2.txt,12,ect,1
pretrain_pass2.txt,12, N,1
pretrain_pass2.txt,12,um,1
pretrain_pass2.txt,12,ber,1
pretrain_pass2.txt,12, to,1
pretrain_pass2.txt,12, C,2
pretrain_pass2.txt,12,all,1
pretrain_pass2.txt,12,×,1
pretrain_pass2.txt,12,+,3
pretrain_pass2.txt,12,0,9
pretrain_pass2.txt,12,2,3
pretrain_pass2.txt,12,1,1
pretrain_pass2.txt,12,7,1
pretrain_pass2.txt,12,lo,1
pretrain_pass2.txt,12,se,1
pretrain_pass2.txt,13,=,1
pretrain_pass2.txt,13, |,1
pretrain_pass2.txt,13,|,1
pretrain_pass2.txt,13,<,1
pretrain_pass2.txt,13,p,1
pretrain_pass2.txt,13,l,1
pretrain_pass2.txt,13,ur,1
pretrain_pass2.txt,13,al,1
pretrain_pass2.txt,13, -,1
pretrain_pass2.txt,13,--,1
pretrain_pass2.txt,13, (,1
pretrain_pass2.txt,13,-,1
pretrain_pass2.txt,13,),1
pretrain_pass2.txt,13, «,2
pretrain_pass2.txt,13,»,2
pretrain_pass2.txt,13,[,1
pretrain_pass2.txt,13,],1
pretrain_pass2.txt,14,23,1
pretrain_pass2.txt,14,9,1
pretrain_pass2.txt,14, |,1
pretrain_pass2.txt,14,|,1
pretrain_pass2.txt,14,88,1
pretrain_pass2.txt,14,8,1
pretrain_pass2.txt,15,23,1
pretrain_pass2.txt,15,9,1
pretrain_pass2.txt,15, |,268
pretrain_pass2.txt,15,|,268
pretrain_pass2.txt,15, 0,1
pretrain_pass2.txt,15,1,1
pretrain_pass2.txt,15,8,1
pretrain_pass2.txt,15, 2,1
pretrain_pass2.txt,15,2,1
pretrain_pass2.txt,15,5,1
pretrain_pass2.txt,15, 1,250
pretrain_pass2.txt,15,3,2
pretrain_pass2.txt,15,4,1
pretrain_pass2.txt,15, 3,1
pretrain_pass2.txt,15,6,1
pretrain_pass2.txt,15,0,1
pretrain_pass2.txt,15, 7,1
pretrain_pass2.txt,15,7,1
pretrain_pass2.txt,15, 5,1
pretrain_pass2.txt,15,00,1
pretrain_pass2.txt,15, 6,1
pretrain_pass2.txt,15,50,1
pretrain_pass2.txt,15, 4,1
pretrain_pass2.txt,15,20,1
pretrain_pass2.txt,15, 8,3
pretrain_pass2.txt,15,30,1
pretrain_pass2.txt,15, 9,2
pretrain_pass2.txt,15,88,1
pretrain_pass2.txt,15, 10,1
pretrain_pass2.txt,15,",",254
pretrain_pass2.txt,15,10,254
pretrain_pass2.txt,15, 11,1
pretrain_pass2.txt,15,.,1
pretrain_pass2.txt,15,12,1
pretrain_pass2.txt,15, 12,1
pretrain_pass2.txt,15, 15,1
pretrain_pass2.txt,15, 100,1
pretrain_pass2.txt,16,23,1
pretrain_pass2.txt,16,9,1
pretrain_pass2.txt,16, |,2
pretrain_pass2.txt,16,|,2
pretrain_pass2.txt,16,88,1
pretrain_pass2.txt,16,3,1
pretrain_pass2.txt,16, 2,1
pretrain_pass2.txt,16,2,1
pretrain_pass2.txt,16,6,1
pretrain_pass2.txt,16,7,1
pretrain_pass2.txt,16,4,1
pretrain_pass2.txt,16, R,1
pretrain_pass2.txt,16,S,1
pretrain_pass2.txt,16,N,1
pretrain_pass2.txt,16,:,1
pretrain_pass2.txt,16, 3,1
pretrain_pass2.txt,16,1,1
pretrain_pass2.txt,16,5,1
pretrain_pass2.txt,16,8,1
pretrain_pass2.txt,16,",",1
pretrain_pass2.txt,16, Sh,1
pretrain_pass2.txt,16,an,1
pretrain_pass2.txt,16,e,1
pretrain_pass2.txt,16, Bo,1
pretrain_pass2.txt,16,o,2
pretrain_pass2.txt,16,y,1
pretrain_pass2.txt,16,s,1
pretrain_pass2.txt,16,en,1
pretrain_pass2.txt,16, L,1
pretrain_pass2.txt,16,iv,1
pretrain_pass2.txt,16,er,1
pretrain_pass2.txt,16,p,1
pretrain_pass2.txt,16,ol,1
pretrain_pass2.txt,16, (,1
pretrain_pass2.txt,16,.,1
pretrain_pass2.txt,16,),1
pretrain_pass2.txt,17,23,1
pretrain_pass2.txt,17,8,18
pretrain_pass2.txt,17, |,311
pretrain_pass2.txt,17,|,310
pretrain_pass2.txt,17,88,1
pretrain_pass2.txt,17,9,276
pretrain_pass2.txt,17,1,3
pretrain_pass2.txt,17,4,1
pretrain_pass2.txt,17,5,4
pretrain_pass2.txt,17,3,3
pretrain_pass2.txt,17,10,1
pretrain_pass2.txt,17,2,5
pretrain_pass2.txt,17,7,7
pretrain_pass2.txt,17,0,3
pretrain_pass2.txt,17,6,2
pretrain_pass2.txt,17,12,1
pretrain_pass2.txt,17,20,1
pretrain_pass2.txt,17,30,294
pretrain_pass2.txt,17,50,1
pretrain_pass2.txt,17,22,1
pretrain_pass2.txt,17,||,1
pretrain_pass2.txt,17, 4,1
pretrain_pass2.txt,17,00,1
pretrain_pass2.txt,17, -,1
pretrain_pass2.txt,17, 2,1
pretrain_pass2.txt,17, 3,1
pretrain_pass2.txt,17, 7,1
pretrain_pass2.txt,17, •,1
pretrain_pass2.txt,17, 6,1
pretrain_pass2.txt,17, 1,1
pretrain_pass2.txt,17, 20,1
pretrain_pass2.txt,17, 9,1
pretrain_pass2.txt,17, 10,1
pretrain_pass2.txt,17, 12,1
pretrain_pass2.txt,18,23,1
pretrain_pass2.txt,18,-0,1
pretrain_pass2.txt,18,8,1
pretrain_pass2.txt,18,-,1
pretrain_pass2.txt,18,201,1
pretrain_pass2.txt,18,7,1
pretrain_pass2.txt,18, 1,1
pretrain_pass2.txt,18, 2,1
pretrain_pass2.txt,18, 3,1
pretrain_pass2.txt,18,>,1
pretrain_pass2.txt,19,23,1
pretrain_pass2.txt,19,9,2
pretrain_pass2.txt,19, |,12
pretrain_pass2.txt,19,|,12
pretrain_pass2.txt,19,1,5
pretrain_pass2.txt,19,8,1
pretrain_pass2.txt,19,7,1
pretrain_pass2.txt,19,0,1
pretrain_pass2.txt,19,4,2
pretrain_pass2.txt,19,3,1
pretrain_pass2.txt,19,2,3
pretrain_pass2.txt,19,5,2
pretrain_pass2.txt,19,6,1
pretrain_pass2.txt,19,30,1
pretrain_pass2.txt,19,20,1
pretrain_pass2.txt,19,22,1
pretrain_pass2.txt,19,10,1
pretrain_pass2.txt,19,12,1
pretrain_pass2.txt,19,50,1
pretrain_pass2.txt,19,00,1
pretrain_pass2.txt,19,88,1
pretrain_pass2.txt,19,",",1
pretrain_pass2.txt,19,%,1
pretrain_pass2.txt,19,||,1
pretrain_pass2.txt,19,P,1
pretrain_pass2.txt,19,ay,2
pretrain_pass2.txt,19,T,1
pretrain_pass2.txt,19,r,1
pretrain_pass2.txt,19,an,1
pretrain_pass2.txt,19,s,1
pretrain_pass2.txt,19,f,1
pretrain_pass2.txt,19,er,1
pretrain_pass2.txt,19, P,1
pretrain_pass2.txt,19,W,1
pretrain_pass2.txt,19,or,1
pretrain_pass2.txt,19,k,1
pretrain_pass2.txt,19,ing,1
pretrain_pass2.txt,19, T,1
pretrain_pass2.txt,19,o,1
pretrain_pass2.txt,19, g,1
pretrain_pass2.txt,19,et,1
pretrain_pass2.txt,19, s,1
pretrain_pass2.txt,19,ec,1
pretrain_pass2.txt,19,u,1
pretrain_pass2.txt,19,re,1
pretrain_pass2.txt,19,.,2
pretrain_pass2.txt,19, B,1
pretrain_pass2.txt,19,y,1
pretrain_pass2.txt,19,em,1
pretrain_pass2.txt,19,ail,1
pretrain_pass2.txt,19,@,1
pretrain_pass2.txt,19,ex,1
pretrain_pass2.txt,19,amp,1
pretrain_pass2.txt,19,le,1
pretrain_pass2.txt,19,com,1
pretrain_pass2.txt,20,23,1
pretrain_pass2.txt,20,9,1
pretrain_pass2.txt,20, |,1
pretrain_pass2.txt,20,|,1
pretrain_pass2.txt,20,1,1
pretrain_pass2.txt,20,4,1
pretrain_pass2.txt,20,8,1
pretrain_pass2.txt,20,7,1
pretrain_pass2.txt,21,23,1
pretrain_pass2.txt,21,1,1
pretrain_pass2.txt,21, |,12
pretrain_pass2.txt,21,|,12
pretrain_pass2.txt,21, 1,1
pretrain_pass2.txt,21,3,1
pretrain_pass2.txt,21,9,1
pretrain_pass2.txt,21,||,1
pretrain_pass2.txt,21,-,1
pretrain_pass2.txt,21, 2,1
pretrain_pass2.txt,21,7,2
pretrain_pass2.txt,21,4,1
pretrain_pass2.txt,21, 19,1
pretrain_pass2.txt,21,5,1
pretrain_pass2.txt,21,6,1
pretrain_pass2.txt,21, 3,1
pretrain_pass2.txt,21,8,1
pretrain_pass2.txt,21,2,1
pretrain_pass2.txt,21, 20,1
pretrain_pass2.txt,21,0,1
pretrain_pass2.txt,21, 4,1
pretrain_pass2.txt,21,50,1
pretrain_pass2.txt,21, 6,1
pretrain_pass2.txt,21,00,1
pretrain_pass2.txt,21, 7,1
pretrain_pass2.txt,21,20,1
pretrain_pass2.txt,21, 5,1
pretrain_pass2.txt,21,30,1
pretrain_pass2.txt,21, 9,1
pretrain_pass2.txt,21,88,1
pretrain_pass2.txt,21, 8,1
pretrain_pass2.txt,21,10,1
pretrain_pass2.txt,21, 10,1
pretrain_pass2.txt,21,",",1
pretrain_pass2.txt,21,12,1
pretrain_pass2.txt,22,23,1
pretrain_pass2.txt,22,9,2
pretrain_pass2.txt,22, |,11
pretrain_pass2.txt,22,|,11
pretrain_pass2.txt,22,88,1
pretrain_pass2.txt,22,8,1
pretrain_pass2.txt,22, 1,1
pretrain_pass2.txt,22,4,1
pretrain_pass2.txt,22,0,1
pretrain_pass2.txt,22, 3,1
pretrain_pass2.txt,22,3,1
pretrain_pass2.txt,22,6,1
pretrain_pass2.txt,22, 2,1
pretrain_pass2.txt,22,5,1
pretrain_pass2.txt,22,1,1
pretrain_pass2.txt,22, 4,1
pretrain_pass2.txt,22,7,1
pretrain_pass2.txt,22,2,1
pretrain_pass2.txt,22, 19,1
pretrain_pass2.txt,22,10,1
pretrain_pass2.txt,22, 6,1
pretrain_pass2.txt,22,20,1
pretrain_pass2.txt,22, 7,1
pretrain_pass2.txt,22,30,1
pretrain_pass2.txt,22, 5,1
pretrain_pass2.txt,22,00,1
pretrain_pass2.txt,22, 8,1
pretrain_pass2.txt,22,50,1
pretrain_pass2.txt,22, 9,1
pretrain_pass2.txt,22,",",1
pretrain_pass2.txt,22,22,1
pretrain_pass2.txt,23, |,181
pretrain_pass2.txt,23,|,181
pretrain_pass2.txt,23, (,2
pretrain_pass2.txt,23,),2
pretrain_pass2.txt,23, -,1
pretrain_pass2.txt,24,23,1
pretrain_pass2.txt,24,-,6
pretrain_pass2.txt,24,J,1
pretrain_pass2.txt,24,an,1
pretrain_pass2.txt,24,201,3
pretrain_pass2.txt,24,7,3
pretrain_pass2.txt,24, 8,1
pretrain_pass2.txt,24,:,3
pretrain_pass2.txt,24,5,1
pretrain_pass2.txt,24,8,1
pretrain_pass2.txt,24,am,2
pretrain_pass2.txt,24,...,2
pretrain_pass2.txt,24, «,1
pretrain_pass2.txt,24,»,1
pretrain_pass2.txt,24, 1,1
pretrain_pass2.txt,24,6,1
pretrain_pass2.txt,24,M,1
pretrain_pass2.txt,24,ay,1
pretrain_pass2.txt,24, 9,1
pretrain_pass2.txt,24,4,1
pretrain_pass2.txt,24,1,1
pretrain_pass2.txt,24,!,1
pretrain_pass2.txt,24, 15,1
pretrain_pass2.txt,24,F,1
pretrain_pass2.txt,24,eb,1
pretrain_pass2.txt,24, 3,1
pretrain_pass2.txt,24,0,1
pretrain_pass2.txt,24,9,1
pretrain_pass2.txt,24, p,1
pretrain_pass2.txt,24,m,1
pretrain_pass2.txt,24,.,2
pretrain_pass2.txt,24, “,1
pretrain_pass2.txt,24,”,1
pretrain_pass2.txt,25,23,1
pretrain_pass2.txt,25,9,44
pretrain_pass2.txt,25, |,100
pretrain_pass2.txt,25,|,67
pretrain_pass2.txt,25, 1,1
pretrain_pass2.txt,25,3,1
pretrain_pass2.txt,25,5,1
pretrain_pass2.txt,25,8,5
pretrain_pass2.txt,25, (,1
pretrain_pass2.txt,25,),1
pretrain_pass2.txt,25, 2,1
pretrain_pass2.txt,25,7,1
pretrain_pass2.txt,25,4,1
pretrain_pass2.txt,25,2,1
pretrain_pass2.txt,25, 3,1
pretrain_pass2.txt,25,0,2
pretrain_pass2.txt,25,1,27
pretrain_pass2.txt,25,6,1
pretrain_pass2.txt,25, 4,1
pretrain_pass2.txt,25,",",30
pretrain_pass2.txt,25,20,1
pretrain_pass2.txt,25, 5,1
pretrain_pass2.txt,25,50,1
pretrain_pass2.txt,25, 6,1
pretrain_pass2.txt,25,30,1
pretrain_pass2.txt,25, 7,1
pretrain_pass2.txt,25,12,1
pretrain_pass2.txt,25, 8,1
pretrain_pass2.txt,25,10,1
pretrain_pass2.txt,25, 9,1
pretrain_pass2.txt,25,00,1
pretrain_pass2.txt,25, 10,20
pretrain_pass2.txt,25,88,3
pretrain_pass2.txt,25, 12,1
pretrain_pass2.txt,25, 11,1
pretrain_pass2.txt,25, 15,1
pretrain_pass2.txt,25, 0,1
pretrain_pass2.txt,26,23,1
pretrain_pass2.txt,26, |,3
pretrain_pass2.txt,26,|,3
pretrain_pass2.txt,26, 1,1
pretrain_pass2.txt,26,3,1
pretrain_pass2.txt,26, 2,1
pretrain_pass2.txt,26,5,1
pretrain_pass2.txt,26, 3,1
pretrain_pass2.txt,26,7,1
pretrain_pass2.txt,26,©,1
pretrain_pass2.txt,26, C,1
pretrain_pass2.txt,26,op,1
pretrain_pass2.txt,26,y,1
pretrain_pass2.txt,26,r,1
pretrain_pass2.txt,26,ight,1
pretrain_pass2.txt,26, 201,1
pretrain_pass2.txt,26,6,1
pretrain_pass2.txt,26, -,1
pretrain_pass2.txt,26, 2017,1
pretrain_pass2.txt,26, E,1
pretrain_pass2.txt,26,m,1
pretrain_pass2.txt,26,b,1
pretrain_pass2.txt,26,ed,1
pretrain_pass2.txt,26, News,1
pretrain_pass2.txt,26, (,1
pretrain_pass2.txt,26,E,1
pretrain_pass2.txt,26,n,1
pretrain_pass2.txt,26,g,1
pretrain_pass2.txt,26,l,1
pretrain_pass2.txt,26,ish,1
pretrain_pass2.txt,26,),1
pretrain_pass2.txt,26,:,1
pretrain_pass2.txt,26, «,1
pretrain_pass2.txt,26,»,2
pretrain_pass2.txt,26, Mar,1
pretrain_pass2.txt,26,ie,2
pretrain_pass2.txt,26, J,1
pretrain_pass2.txt,26,ol,1
pretrain_pass2.txt,26, B,1
pretrain_pass2.txt,26,ur,1
pretrain_pass2.txt,26,ro,1
pretrain_pass2.txt,26,w,1
pretrain_pass2.txt,26,s,1
pretrain_pass2.txt,26,«,1
pretrain_pass2.txt,26,-,1
pretrain_pass2.txt,27,23,1
pretrain_pass2.txt,27,8,1
pretrain_pass2.txt,27, |,2
pretrain_pass2.txt,27,|,2
pretrain_pass2.txt,27,88,1
pretrain_pass2.txt,27,9,1
pretrain_pass2.txt,27, «,1
pretrain_pass2.txt,27,»,1
pretrain_pass2.txt,27,-,1
pretrain_pass2.txt,28,23,2
pretrain_pass2.txt,28,1,1
pretrain_pass2.txt,28, |,12
pretrain_pass2.txt,28,|,12
pretrain_pass2.txt,28,9,1
pretrain_pass2.txt,28, 1,1
pretrain_pass2.txt,28,4,2
pretrain_pass2.txt,28,0,1
pretrain_pass2.txt,28, 2,1
pretrain_pass2.txt,28,8,1
pretrain_pass2.txt,28,3,1
pretrain_pass2.txt,28, 3,1
pretrain_pass2.txt,28,5,1
pretrain_pass2.txt,28,6,1
pretrain_pass2.txt,28, 24,1
pretrain_pass2.txt,28,2,1
pretrain_pass2.txt,28, 4,1
pretrain_pass2.txt,28,7,1
pretrain_pass2.txt,28, 6,1
pretrain_pass2.txt,28,50,1
pretrain_pass2.txt,28, 5,1
pretrain_pass2.txt,28,00,1
pretrain_pass2.txt,28, 7,1
pretrain_pass2.txt,28,20,1
pretrain_pass2.txt,28, 10,1
pretrain_pass2.txt,28,30,1
pretrain_pass2.txt,28, 8,1
pretrain_pass2.txt,28,10,1
pretrain_pass2.txt,28, 9,1
pretrain_pass2.txt,28,88,1
pretrain_pass2.txt,29,23,1
pretrain_pass2.txt,29,1,1
pretrain_pass2.txt,29, |,22
pretrain_pass2.txt,29,|,22
pretrain_pass2.txt,29, 3,1
pretrain_pass2.txt,29,2,1
pretrain_pass2.txt,29,9,1
pretrain_pass2.txt,29, 2,1
pretrain_pass2.txt,29,8,2
pretrain_pass2.txt,29,3,6
pretrain_pass2.txt,29, 1,4
pretrain_pass2.txt,29,6,1
pretrain_pass2.txt,29,4,4
pretrain_pass2.txt,29, 4,1
pretrain_pass2.txt,29,5,2
pretrain_pass2.txt,29,7,1
pretrain_pass2.txt,29, 6,5
pretrain_pass2.txt,29,0,1
pretrain_pass2.txt,29, 5,1
pretrain_pass2.txt,29,50,1
pretrain_pass2.txt,29, 7,1
pretrain_pass2.txt,29,22,1
pretrain_pass2.txt,29, 8,1
pretrain_pass2.txt,29,20,1
pretrain_pass2.txt,29, 9,1
pretrain_pass2.txt,29,30,1
pretrain_pass2.txt,29,10,1
pretrain_pass2.txt,29, 10,1
pretrain_pass2.txt,29,88,1
pretrain_pass2.txt,29, 11,1
pretrain_pass2.txt,29,12,1
pretrain_pass2.txt,29, 12,1
pretrain_pass2.txt,29,",",1
pretrain_pass2.txt,29,00,1
pretrain_pass2.txt,29, 15,1
pretrain_pass2.txt,29,.,3
pretrain_pass2.txt,29, 20,1
pretrain_pass2.txt,29, 19,1
pretrain_pass2.txt,30,23,2
pretrain_pass2.txt,30,1,142
pretrain_pass2.txt,30, |,156
pretrain_pass2.txt,30,|,156
pretrain_pass2.txt,30, 1,141
pretrain_pass2.txt,30,8,2
pretrain_pass2.txt,30,2,1
pretrain_pass2.txt,30, 2,1
pretrain_pass2.txt,30,9,3
pretrain_pass2.txt,30,3,2
pretrain_pass2.txt,30, 3,1
pretrain_pass2.txt,30,5,1
pretrain_pass2.txt,30,4,281
pretrain_pass2.txt,30, 19,1
pretrain_pass2.txt,30,6,1
pretrain_pass2.txt,30, 4,1
pretrain_pass2.txt,30,7,1
pretrain_pass2.txt,30,0,1
pretrain_pass2.txt,30, 6,1
pretrain_pass2.txt,30,88,1
pretrain_pass2.txt,30, 5,1
pretrain_pass2.txt,30,10,1
pretrain_pass2.txt,30, 7,1
pretrain_pass2.txt,30,30,1
pretrain_pass2.txt,30, 8,1
pretrain_pass2.txt,30,20,1
pretrain_pass2.txt,30, 9,1
pretrain_pass2.txt,30,50,1
pretrain_pass2.txt,30, 10,1
pretrain_pass2.txt,30,",",145
pretrain_pass2.txt,30,00,1
pretrain_pass2.txt,30, 12,1
pretrain_pass2.txt,30,22,1
pretrain_pass2.txt,30, 11,1
pretrain_pass2.txt,30,12,1
pretrain_pass2.txt,30,.,1
pretrain_pass2.txt,30, 15,1
pretrain_pass2.txt,30, 20,1
pretrain_pass2.txt,31,23,1
pretrain_pass2.txt,31,1,1
pretrain_pass2.txt,31, |,13
pretrain_pass2.txt,31,|,13
pretrain_pass2.txt,31, 1,1
pretrain_pass2.txt,31,3,1
pretrain_pass2.txt,31,2,1
pretrain_pass2.txt,31, 19,1
pretrain_pass2.txt,31,5,1
pretrain_pass2.txt,31, 2,1
pretrain_pass2.txt,31,6,1
pretrain_pass2.txt,31,8,1
pretrain_pass2.txt,31, 15,1
pretrain_pass2.txt,31,7,1
pretrain_pass2.txt,31, 3,1
pretrain_pass2.txt,31,4,1
pretrain_pass2.txt,31,9,2
pretrain_pass2.txt,31, 4,1
pretrain_pass2.txt,31,0,1
pretrain_pass2.txt,31, 6,2
pretrain_pass2.txt,31,50,1
pretrain_pass2.txt,31, 8,1
pretrain_pass2.txt,31,00,1
pretrain_pass2.txt,31, 7,1
pretrain_pass2.txt,31,20,1
pretrain_pass2.txt,31, 9,1
pretrain_pass2.txt,31,30,1
pretrain_pass2.txt,31, 5,1
pretrain_pass2.txt,31,10,1
pretrain_pass2.txt,31, 11,1
pretrain_pass2.txt,31,88,1
pretrain_pass2.txt,32,23,1
pretrain_pass2.txt,32, |,7
pretrain_pass2.txt,32,|,3
pretrain_pass2.txt,32, 2,1
pretrain_pass2.txt,32,5,1
pretrain_pass2.txt,32,-,4
pretrain_pass2.txt,32,20,1
pretrain_pass2.txt,32,22,1
pretrain_pass2.txt,32, 1,1
pretrain_pass2.txt,32,4,1
pretrain_pass2.txt,32,:,2
pretrain_pass2.txt,32,1,1
pretrain_pass2.txt,32,8,1
pretrain_pass2.txt,32,‹‹,6
pretrain_pass2.txt,32,!,1
pretrain_pass2.txt,32,?,1
pretrain_pass2.txt,32, 24,1
pretrain_pass2.txt,32, 3,1
pretrain_pass2.txt,32,6,1
pretrain_pass2.txt,32,201,1
pretrain_pass2.txt,32,7,1
pretrain_pass2.txt,32, 8,1
pretrain_pass2.txt,32,0,1
pretrain_pass2.txt,32,9,1
pretrain_pass2.txt,32, 5,1
pretrain_pass2.txt,32,3,1
pretrain_pass2.txt,32,2,1
pretrain_pass2.txt,32, (,1
pretrain_pass2.txt,32,),1
pretrain_pass2.txt,32, 6,1
pretrain_pass2.txt,32,00,1
pretrain_pass2.txt,32, C,1
pretrain_pass2.txt,32,T,1
pretrain_pass2.txt,32,N,1
pretrain_pass2.txt,32, 7,1
pretrain_pass2.txt,32,30,1
pretrain_pass2.txt,32, M,1
pretrain_pass2.txt,32,is,1
pretrain_pass2.txt,32,s,1
pretrain_pass2.txt,32, Gr,1
pretrain_pass2.txt,32,and,1
pretrain_pass2.txt,32, Cambodia,1
pretrain_pass2.txt,32, «,1
pretrain_pass2.txt,32,»,1
pretrain_pass2.txt,32, “,1
pretrain_pass2.txt,32,”,1
pretrain_pass2.txt,33,23,1
pretrain_pass2.txt,33,-,2
pretrain_pass2.txt,33,J,1
pretrain_pass2.txt,33,ul,1
pretrain_pass2.txt,33,y,2
pretrain_pass2.txt,33,",",1
pretrain_pass2.txt,33, 2019,1
pretrain_pass2.txt,33, /,1
pretrain_pass2.txt,33, 4,1
pretrain_pass2.txt,33, App,1
pretrain_pass2.txt,33,le,1
pretrain_pass2.txt,33, iP,3
pretrain_pass2.txt,33,hone,3
pretrain_pass2.txt,33, 1,2
pretrain_pass2.txt,33,3,1
pretrain_pass2.txt,33, Pro,2
pretrain_pass2.txt,33, M,2
pretrain_pass2.txt,33,ax,3
pretrain_pass2.txt,33, Re,1
pretrain_pass2.txt,33,u,1
pretrain_pass2.txt,33,ter,1
pretrain_pass2.txt,33,s,4
pretrain_pass2.txt,33,4,1
pretrain_pass2.txt,33, 6,1
pretrain_pass2.txt,33,.,1
pretrain_pass2.txt,33,5,1
pretrain_pass2.txt,33, A,1
pretrain_pass2.txt,33,M,1
pretrain_pass2.txt,33,O,1
pretrain_pass2.txt,33,L,1
pretrain_pass2.txt,33,E,1
pretrain_pass2.txt,33,D,1
pretrain_pass2.txt,33, 5,1
pretrain_pass2.txt,33,12,1
pretrain_pass2.txt,33,P,1
pretrain_pass2.txt,33, 11,1
pretrain_pass2.txt,33,S,1
pretrain_pass2.txt,33,/,1
pretrain_pass2.txt,33,6,1
pretrain_pass2.txt,33,00,1
pretrain_pass2.txt,33,K,1
pretrain_pass2.txt,33, 2,1
pretrain_pass2.txt,33,1,1
pretrain_pass2.txt,33,9,1
pretrain_pass2.txt,33,m,1
pretrain_pass2.txt,33,p,1
pretrain_pass2.txt,33,h,1
pretrain_pass2.txt,33, 10,1
pretrain_pass2.txt,33,8,2
pretrain_pass2.txt,33,0,2
pretrain_pass2.txt,33,x,1
pretrain_pass2.txt,33,10,1
pretrain_pass2.txt,33, i,1
pretrain_pass2.txt,33,C,1
pretrain_pass2.txt,33,l,1
pretrain_pass2.txt,33,ou,1
pretrain_pass2.txt,33,d,2
pretrain_pass2.txt,33, An,1
pretrain_pass2.txt,33,ro,1
pretrain_pass2.txt,33,id,1
pretrain_pass2.txt,33, L,1
pretrain_pass2.txt,33,en,1
pretrain_pass2.txt,33, 12,1
pretrain_pass2.txt,33, -,8
pretrain_pass2.txt,33, S,1
pretrain_pass2.txt,33,c,2
pretrain_pass2.txt,33,re,1
pretrain_pass2.txt,33,w,1
pretrain_pass2.txt,33,ing,1
pretrain_pass2.txt,33, C,1
pretrain_pass2.txt,33,ol,1
pretrain_pass2.txt,33,or,1
pretrain_pass2.txt,33, T,1
pretrain_pass2.txt,33,ime,1
pretrain_pass2.txt,33,:,1
pretrain_pass2.txt,33, 3,1
pretrain_pass2.txt,33,2,1
pretrain_pass2.txt,33,G,1
pretrain_pass2.txt,33,B,1
pretrain_pass2.txt,33, H,1
pretrain_pass2.txt,33,ard,1
pretrain_pass2.txt,33, D,1
pretrain_pass2.txt,33,is,1
pretrain_pass2.txt,33,k,2
pretrain_pass2.txt,33, I,1
pretrain_pass2.txt,33,ce,1
pretrain_pass2.txt,33, B,1
pretrain_pass2.txt,33,at,1
pretrain_pass2.txt,33,t,1
pretrain_pass2.txt,33,am,1
pretrain_pass2.txt,33,b,1
pretrain_pass2.txt,33,ong,1
pretrain_pass2.txt,33, P,1
pretrain_pass2.txt,33,ort,1
pretrain_pass2.txt,33,ra,1
pretrain_pass2.txt,33,it,1
pretrain_pass2.txt,33, (,1
pretrain_pass2.txt,33,H,1
pretrain_pass2.txt,33,T,1
pretrain_pass2.txt,33,F,2
pretrain_pass2.txt,33,),1
pretrain_pass2.txt,33, F,1
pretrain_pass2.txt,33,ace,1
pretrain_pass2.txt,33, Un,1
pretrain_pass2.txt,33,lo,1
pretrain_pass2.txt,33,ed,1
pretrain_pass2.txt,33, St,1
pretrain_pass2.txt,33,ick,1
pretrain_pass2.txt,33,er,1
pretrain_pass2.txt,33, W,1
pretrain_pass2.txt,33,i,2
pretrain_pass2.txt,33, In,1
pretrain_pass2.txt,33,v,1
pretrain_pass2.txt,33,ers,1
pretrain_pass2.txt,33,ion,1
pretrain_pass2.txt,33, R,1
pretrain_pass2.txt,33,ate,1
pretrain_pass2.txt,33, U,1
pretrain_pass2.txt,33,I,1
pretrain_pass2.txt,33, O,1
pretrain_pass2.txt,33,f,2
pretrain_pass2.txt,33,ic,2
pretrain_pass2.txt,33,e,1
pretrain_pass2.txt,33, E,1
pretrain_pass2.txt,33,qu,1
pretrain_pass2.txt,33,ip,1
pretrain_pass2.txt,33,ment,1
pretrain_pass2.txt,33, N,1
pretrain_pass2.txt,33,et,1
pretrain_pass2.txt,33,book,1
pretrain_pass2.txt,33, Bo,1
pretrain_pass2.txt,33,ok,1
pretrain_pass2.txt,33, G,1
pretrain_pass2.txt,33,al,1
pretrain_pass2.txt,33, Z,1
pretrain_pass2.txt,33,o,2
pretrain_pass2.txt,33,om,1
pretrain_pass2.txt,33, V,1
pretrain_pass2.txt,33,ide,1
pretrain_pass2.txt,33, Sp,1
pretrain_pass2.txt,33,ec,1
pretrain_pass2.txt,33,if,1
pretrain_pass2.txt,33,ation,1
pretrain_pass2.txt,34,23,1
pretrain_pass2.txt,34, |,1
pretrain_pass2.txt,34,|,1
pretrain_pass2.txt,34, 2,1
pretrain_pass2.txt,34,2,1
pretrain_pass2.txt,34,-,4
pretrain_pass2.txt,34,M,1
pretrain_pass2.txt,34,ay,1
pretrain_pass2.txt,34,-1,1
pretrain_pass2.txt,34,5,1
pretrain_pass2.txt,34,201,2
pretrain_pass2.txt,34,7,1
pretrain_pass2.txt,34, 1,1
pretrain_pass2.txt,34,:,2
pretrain_pass2.txt,34,4,1
pretrain_pass2.txt,34,1,1
pretrain_pass2.txt,34, p,1
pretrain_pass2.txt,34,m,1
pretrain_pass2.txt,34, (,1
pretrain_pass2.txt,34,),1
pretrain_pass2.txt,34,...,1
pretrain_pass2.txt,34,?,1
pretrain_pass2.txt,34,!,1
pretrain_pass2.txt,34, 10,1
pretrain_pass2.txt,34,J,1
pretrain_pass2.txt,34,an,1
pretrain_pass2.txt,34,8,1
pretrain_pass2.txt,34, 6,1
pretrain_pass2.txt,34,0,1
pretrain_pass2.txt,34,3,1
pretrain_pass2.txt,34,am,1
pretrain_pass2.txt,34, 3,1
pretrain_pass2.txt,34, days,4
pretrain_pass2.txt,34, ago,4
pretrain_pass2.txt,34, 4,2
pretrain_pass2.txt,34, Al,1
pretrain_pass2.txt,34,l,1
pretrain_pass2.txt,34, World,1
pretrain_pass2.txt,34, Cup,1
pretrain_pass2.txt,34, 202,1
pretrain_pass2.txt,34, 5,1
pretrain_pass2.txt,34,",",1
pretrain_pass2.txt,34,.,1
pretrain_pass2.txt,35,23,1
pretrain_pass2.txt,35,1,1
pretrain_pass2.txt,35, |,2
pretrain_pass2.txt,35,|,1
pretrain_pass2.txt,35,←,3
pretrain_pass2.txt,35, 1,1
pretrain_pass2.txt,35, 2,1
pretrain_pass2.txt,35, 3,1
pretrain_pass2.txt,35, 4,1
pretrain_pass2.txt,35, 5,1
pretrain_pass2.txt,35, 6,1
pretrain_pass2.txt,35, 7,1
pretrain_pass2.txt,35, 8,1
pretrain_pass2.txt,35, 9,1
pretrain_pass2.txt,35, 10,1
pretrain_pass2.txt,35, ...,1
pretrain_pass2.txt,35, 20,1
pretrain_pass2.txt,36,23,1
pretrain_pass2.txt,36,-,10
pretrain_pass2.txt,36,J,1
pretrain_pass2.txt,36,an,1
pretrain_pass2.txt,36,201,5
pretrain_pass2.txt,36,7,4
pretrain_pass2.txt,36, 8,1
pretrain_pass2.txt,36,:,4
pretrain_pass2.txt,36,4,2
pretrain_pass2.txt,36,9,1
pretrain_pass2.txt,36,am,4
pretrain_pass2.txt,36, H,1
pretrain_pass2.txt,36,ar,1
pretrain_pass2.txt,36,v,1
pretrain_pass2.txt,36,ard,1
pretrain_pass2.txt,36,...,1
pretrain_pass2.txt,36,!,3
pretrain_pass2.txt,36, 2,1
pretrain_pass2.txt,36,1,1
pretrain_pass2.txt,36,S,4
pretrain_pass2.txt,36,ep,2
pretrain_pass2.txt,36,8,5
pretrain_pass2.txt,36, 10,1
pretrain_pass2.txt,36,5,1
pretrain_pass2.txt,36,3,1
pretrain_pass2.txt,36, «,1
pretrain_pass2.txt,36,»,1
pretrain_pass2.txt,36, (,1
pretrain_pass2.txt,36,s,1
pretrain_pass2.txt,36,al,1
pretrain_pass2.txt,36,es,2
pretrain_pass2.txt,36,),1
pretrain_pass2.txt,36, 24,2
pretrain_pass2.txt,36, 11,1
pretrain_pass2.txt,36,50,1
pretrain_pass2.txt,36,A,1
pretrain_pass2.txt,36,u,1
pretrain_pass2.txt,36,g,1
pretrain_pass2.txt,36, 6,1
pretrain_pass2.txt,36,12,1
pretrain_pass2.txt,36, Facebook,1
pretrain_pass2.txt,36, B,1
pretrain_pass2.txt,36,iz,1
pretrain_pass2.txt,36,K,1
pretrain_pass2.txt,36,h,1
pretrain_pass2.txt,36,mer,1
pretrain_pass2.txt,36, 3,1
pretrain_pass2.txt,36,",",4
pretrain_pass2.txt,36,6,1
pretrain_pass2.txt,36,2,1
pretrain_pass2.txt,36, 5,1
pretrain_pass2.txt,36,20,1
pretrain_pass2.txt,36,0,1
pretrain_pass2.txt,36, 1,1
pretrain_pass2.txt,36,22,1
pretrain_pass2.txt,36, T,1
pretrain_pass2.txt,36,ag,1
pretrain_pass2.txt,36, Ar,1
pretrain_pass2.txt,36,ch,1
pretrain_pass2.txt,36,iv,1
pretrain_pass2.txt,36, 19,1
pretrain_pass2.txt,36,O,1
pretrain_pass2.txt,36,ct,1
pretrain_pass2.txt,36, C,2
pretrain_pass2.txt,36,op,1
pretrain_pass2.txt,36,y,1
pretrain_pass2.txt,36,r,1
pretrain_pass2.txt,36,ight,1
pretrain_pass2.txt,36,©,1
pretrain_pass2.txt,36, 2017,1
pretrain_pass2.txt,36, M,1
pretrain_pass2.txt,36,in,1
pretrain_pass2.txt,36,ist,1
pretrain_pass2.txt,36,ry,1
pretrain_pass2.txt,36, of,1
pretrain_pass2.txt,36, E,1
pretrain_pass2.txt,36,d,1
pretrain_pass2.txt,36,it,1
pretrain_pass2.txt,36, w,1
pretrain_pass2.txt,36,ith,1
pretrain_pass2.txt,36, L,1
pretrain_pass2.txt,36,ive,1
pretrain_pass2.txt,37,23,4
pretrain_pass2.txt,37,1,1
pretrain_pass2.txt,37, |,13
pretrain_pass2.txt,37,|,13
pretrain_pass2.txt,37,9,1
pretrain_pass2.txt,37,4,1
pretrain_pass2.txt,37,5,1
pretrain_pass2.txt,37, 1,1
pretrain_pass2.txt,37,3,1
pretrain_pass2.txt,37,8,1
pretrain_pass2.txt,37, 2,1
pretrain_pass2.txt,37,2,1
pretrain_pass2.txt,37,6,1
pretrain_pass2.txt,37, 20,1
pretrain_pass2.txt,37,0,1
pretrain_pass2.txt,37, 19,1
pretrain_pass2.txt,37,7,1
pretrain_pass2.txt,37, 3,1
pretrain_pass2.txt,37,30,1
pretrain_pass2.txt,37, 7,1
pretrain_pass2.txt,37,20,1
pretrain_pass2.txt,37, 4,1
pretrain_pass2.txt,37,50,1
pretrain_pass2.txt,37, 6,1
pretrain_pass2.txt,37,00,1
pretrain_pass2.txt,37, 8,1
pretrain_pass2.txt,37,10,1
pretrain_pass2.txt,37, 5,1
pretrain_pass2.txt,37,000,1
pretrain_pass2.txt,38,23,1
pretrain_pass2.txt,38,-,4
pretrain_pass2.txt,38,J,2
pretrain_pass2.txt,38,an,2
pretrain_pass2.txt,38,201,2
pretrain_pass2.txt,38,7,2
pretrain_pass2.txt,38, 8,1
pretrain_pass2.txt,38,:,2
pretrain_pass2.txt,38,0,1
pretrain_pass2.txt,38,5,1
pretrain_pass2.txt,38,am,1
pretrain_pass2.txt,38,.,1
pretrain_pass2.txt,38,",",1
pretrain_pass2.txt,38,...,1
pretrain_pass2.txt,38, «,1
pretrain_pass2.txt,38,»,1
pretrain_pass2.txt,38, (,1
pretrain_pass2.txt,38,V,1
pretrain_pass2.txt,38,ide,2
pretrain_pass2.txt,38,o,1
pretrain_pass2.txt,38, in,1
pretrain_pass2.txt,38,s,1
pretrain_pass2.txt,38,),1
pretrain_pass2.txt,38, 0,1
pretrain_pass2.txt,38,8,1
pretrain_pass2.txt,38, 7,1
pretrain_pass2.txt,38,3,1
pretrain_pass2.txt,38,4,1
pretrain_pass2.txt,38, p,1
pretrain_pass2.txt,38,m,1
pretrain_pass2.txt,38,%,1
pretrain_pass2.txt,38, ...,1
pretrain_pass2.txt,39,23,1
pretrain_pass2.txt,39,9,1
pretrain_pass2.txt,39, |,6
pretrain_pass2.txt,39,|,6
pretrain_pass2.txt,39,1,3
pretrain_pass2.txt,39,4,1
pretrain_pass2.txt,39,8,1
pretrain_pass2.txt,39,2,1
pretrain_pass2.txt,39,7,1
pretrain_pass2.txt,39,6,1
pretrain_pass2.txt,39,3,1
pretrain_pass2.txt,39,5,1
pretrain_pass2.txt,39,10,1
pretrain_pass2.txt,39,12,1
pretrain_pass2.txt,39,30,1
pretrain_pass2.txt,39,20,1
pretrain_pass2.txt,39,0,1
pretrain_pass2.txt,39,00,1
pretrain_pass2.txt,40,23,1
pretrain_pass2.txt,40,1,1
pretrain_pass2.txt,40, |,5
pretrain_pass2.txt,40,|,5
pretrain_pass2.txt,40,4,1
pretrain_pass2.txt,40,2,1
pretrain_pass2.txt,40,9,3
pretrain_pass2.txt,40,5,1
pretrain_pass2.txt,40,3,1
pretrain_pass2.txt,40,7,1
pretrain_pass2.txt,40,6,1
pretrain_pass2.txt,40,0,1
pretrain_pass2.txt,40,8,1
pretrain_pass2.txt,40,50,1
pretrain_pass2.txt,40,88,1
pretrain_pass2.txt,40,10,1
pretrain_pass2.txt,41,23,1
pretrain_pass2.txt,41,1,5
pretrain_pass2.txt,41, |,80
pretrain_pass2.txt,41,|,80
pretrain_pass2.txt,41,2,13
pretrain_pass2.txt,41,9,4
pretrain_pass2.txt,41,6,2
pretrain_pass2.txt,41,3,10
pretrain_pass2.txt,41,4,107
pretrain_pass2.txt,41,7,67
pretrain_pass2.txt,41,5,12
pretrain_pass2.txt,41,8,5
pretrain_pass2.txt,41,0,1
pretrain_pass2.txt,41,10,1
pretrain_pass2.txt,41,12,1
pretrain_pass2.txt,41,30,1
pretrain_pass2.txt,41,22,1
pretrain_pass2.txt,41,50,1
pretrain_pass2.txt,41,20,1
pretrain_pass2.txt,41,88,1
pretrain_pass2.txt,41,00,1
pretrain_pass2.txt,42,23,1
pretrain_pass2.txt,42,9,2
pretrain_pass2.txt,42, |,219
pretrain_pass2.txt,42,|,219
pretrain_pass2.txt,42, 2,1
pretrain_pass2.txt,42,5,2
pretrain_pass2.txt,42,3,8
pretrain_pass2.txt,42, 3,1
pretrain_pass2.txt,42,7,1
pretrain_pass2.txt,42,6,1
pretrain_pass2.txt,42, 1,205
pretrain_pass2.txt,42,4,398
pretrain_pass2.txt,42,8,1
pretrain_pass2.txt,42, 4,1
pretrain_pass2.txt,42,1,7
pretrain_pass2.txt,42,",",1
pretrain_pass2.txt,42,2,1
pretrain_pass2.txt,42,88,1
pretrain_pass2.txt,42, 19,1
pretrain_pass2.txt,42,0,1
pretrain_pass2.txt,42, 6,1
pretrain_pass2.txt,42,50,1
pretrain_pass2.txt,42, 7,1
pretrain_pass2.txt,42,20,1
pretrain_pass2.txt,42, 5,1
pretrain_pass2.txt,42,00,1
pretrain_pass2.txt,42, 9,1
pretrain_pass2.txt,42,30,1
pretrain_pass2.txt,42, 10,1
pretrain_pass2.txt,42, 8,1
pretrain_pass2.txt,42,10,1
pretrain_pass2.txt,42, 12,1
pretrain_pass2.txt,42,12,1
pretrain_pass2.txt,42, 11,1
pretrain_pass2.txt,42, 15,1
pretrain_pass2.txt,42, 20,1
pretrain_pass2.txt,43,23,1
pretrain_pass2.txt,43,-,4
pretrain_pass2.txt,43,J,1
pretrain_pass2.txt,43,an,1
pretrain_pass2.txt,43,201,2
pretrain_pass2.txt,43,7,1
pretrain_pass2.txt,43, 8,1
pretrain_pass2.txt,43,:,2
pretrain_pass2.txt,43,1,1
pretrain_pass2.txt,43,8,1
pretrain_pass2.txt,43,am,2
pretrain_pass2.txt,43, «,1
pretrain_pass2.txt,43,»,1
pretrain_pass2.txt,43,...,1
pretrain_pass2.txt,43,!,1
pretrain_pass2.txt,43, 2,1
pretrain_pass2.txt,43,2,1
pretrain_pass2.txt,43,M,1
pretrain_pass2.txt,43,ay,1
pretrain_pass2.txt,43,6,1
pretrain_pass2.txt,43, 9,1
pretrain_pass2.txt,43,4,1
pretrain_pass2.txt,43,3,1
pretrain_pass2.txt,43,?,2
pretrain_pass2.txt,43,),14
pretrain_pass2.txt,43, Facebook,1
pretrain_pass2.txt,43,",",1
pretrain_pass2.txt,43, T,1
pretrain_pass2.txt,43,w,1
pretrain_pass2.txt,43,it,1
pretrain_pass2.txt,43,ter,1
pretrain_pass2.txt,44,23,1
pretrain_pass2.txt,44,9,27
pretrain_pass2.txt,44, |,34
pretrain_pass2.txt,44,|,34
pretrain_pass2.txt,44,1,8
pretrain_pass2.txt,44,7,4
pretrain_pass2.txt,44,0,3
pretrain_pass2.txt,44,2,7
pretrain_pass2.txt,44,4,24
pretrain_pass2.txt,44,8,1
pretrain_pass2.txt,44,12,1
pretrain_pass2.txt,44,6,1
pretrain_pass2.txt,44,3,13
pretrain_pass2.txt,44,5,3
pretrain_pass2.txt,44,10,1
pretrain_pass2.txt,44,000,1
pretrain_pass2.txt,44,20,1
pretrain_pass2.txt,44,50,1
pretrain_pass2.txt,44,88,1
pretrain_pass2.txt,44,22,1
pretrain_pass2.txt,45,23,2
pretrain_pass2.txt,45, |,230
pretrain_pass2.txt,45,|,230
pretrain_pass2.txt,45, 1,210
pretrain_pass2.txt,45,4,1
pretrain_pass2.txt,45, 15,1
pretrain_pass2.txt,45,6,1
pretrain_pass2.txt,45, 19,1
pretrain_pass2.txt,45, 2,1
pretrain_pass2.txt,45,1,3
pretrain_pass2.txt,45, 3,1
pretrain_pass2.txt,45,2,202
pretrain_pass2.txt,45, 20,1
pretrain_pass2.txt,45, 4,1
pretrain_pass2.txt,45,3,1
pretrain_pass2.txt,45, 5,1
pretrain_pass2.txt,45,5,1
pretrain_pass2.txt,45, 6,1
pretrain_pass2.txt,45,8,2
pretrain_pass2.txt,45, 7,1
pretrain_pass2.txt,45,0,1
pretrain_pass2.txt,45, 8,3
pretrain_pass2.txt,45,9,1
pretrain_pass2.txt,45, 9,1
pretrain_pass2.txt,45,7,201
pretrain_pass2.txt,45, 12,1
pretrain_pass2.txt,45, 10,1
pretrain_pass2.txt,45, 11,1
pretrain_pass2.txt,45, 24,1
pretrain_pass2.txt,45,88,1
pretrain_pass2.txt,45,10,1
pretrain_pass2.txt,45,30,1
pretrain_pass2.txt,45,50,1
pretrain_pass2.txt,45,20,1
pretrain_pass2.txt,45,",",203
pretrain_pass2.txt,45,22,1
pretrain_pass2.txt,45,",000",1
pretrain_pass2.txt,45,12,1
pretrain_pass2.txt,45, 0,1
pretrain_pass2.txt,46,23,1
pretrain_pass2.txt,46,1,2
pretrain_pass2.txt,46, |,14
pretrain_pass2.txt,46,|,14
pretrain_pass2.txt,46, 1,1
pretrain_pass2.txt,46,4,1
pretrain_pass2.txt,46,9,2
pretrain_pass2.txt,46, 2,1
pretrain_pass2.txt,46,5,1
pretrain_pass2.txt,46,8,1
pretrain_pass2.txt,46, 19,1
pretrain_pass2.txt,46,3,1
pretrain_pass2.txt,46, 20,1
pretrain_pass2.txt,46,0,1
pretrain_pass2.txt,46, 3,1
pretrain_pass2.txt,46,7,3
pretrain_pass2.txt,46,6,1
pretrain_pass2.txt,46, 7,1
pretrain_pass2.txt,46,2,1
pretrain_pass2.txt,46, 4,1
pretrain_pass2.txt,46,20,1
pretrain_pass2.txt,46, 8,1
pretrain_pass2.txt,46,00,1
pretrain_pass2.txt,46, 6,1
pretrain_pass2.txt,46,50,1
pretrain_pass2.txt,46, 5,1
pretrain_pass2.txt,46,30,1
pretrain_pass2.txt,46, 9,1
pretrain_pass2.txt,46,88,1
pretrain_pass2.txt,46, 12,1
pretrain_pass2.txt,46,",",3
pretrain_pass2.txt,46,10,1
pretrain_pass2.txt,46, 10,1
pretrain_pass2.txt,46,12,1
pretrain_pass2.txt,46, 11,1
pretrain_pass2.txt,47,23,1
pretrain_pass2.txt,47,9,1
pretrain_pass2.txt,47, |,1
pretrain_pass2.txt,48,23,1
pretrain_pass2.txt,48,8,1
pretrain_pass2.txt,48, |,1
pretrain_pass2.txt,48,|,1
pretrain_pass2.txt,48, «,1
pretrain_pass2.txt,48,»,1
pretrain_pass2.txt,48, (,1
pretrain_pass2.txt,48,F,1
pretrain_pass2.txt,48,acebook,1
pretrain_pass2.txt,48,),1
pretrain_pass2.txt,49,23,1
pretrain_pass2.txt,49,8,1
pretrain_pass2.txt,49, |,12
pretrain_pass2.txt,49,|,12
pretrain_pass2.txt,49, 2,1
pretrain_pass2.txt,49,1,1
pretrain_pass2.txt,49,5,1
pretrain_pass2.txt,49, 1,1
pretrain_pass2.txt,49,6,1
pretrain_pass2.txt,49,9,1
pretrain_pass2.txt,49, 19,1
pretrain_pass2.txt,49,3,1
pretrain_pass2.txt,49, 15,1
pretrain_pass2.txt,49,4,1
pretrain_pass2.txt,49, 20,1
pretrain_pass2.txt,49,7,1
pretrain_pass2.txt,49, 24,1
pretrain_pass2.txt,49,2,1
pretrain_pass2.txt,49, 3,1
pretrain_pass2.txt,49,0,1
pretrain_pass2.txt,49, 4,1
pretrain_pass2.txt,49,50,1
pretrain_pass2.txt,49, 6,1
pretrain_pass2.txt,49,00,2
pretrain_pass2.txt,49, 5,1
pretrain_pass2.txt,49, 7,1
pretrain_pass2.txt,49,20,1
pretrain_pass2.txt,49, 9,1
pretrain_pass2.txt,49,30,1
pretrain_pass2.txt,50,88,1
pretrain_pass2.txt,50, |,256
pretrain_pass2.txt,50,|,257
pretrain_pass2.txt,50,23,1
pretrain_pass2.txt,50,9,8
pretrain_pass2.txt,50,1,468
pretrain_pass2.txt,50,4,8
pretrain_pass2.txt,50,7,5
pretrain_pass2.txt,50,3,246
pretrain_pass2.txt,50,8,8
pretrain_pass2.txt,50,2,3
pretrain_pass2.txt,50,0,2
pretrain_pass2.txt,50,5,3
pretrain_pass2.txt,50,6,2
pretrain_pass2.txt,50,10,1
pretrain_pass2.txt,50,30,1
pretrain_pass2.txt,50,20,1
pretrain_pass2.txt,50,12,1
pretrain_pass2.txt,50,50,1
pretrain_pass2.txt,50,00,1
pretrain_pass2.txt,50,22,1
pretrain_pass2.txt,50,||,1
pretrain_pass2.txt,51,23,1
pretrain_pass2.txt,51,7,1
pretrain_pass2.txt,51, |,1
pretrain_pass2.txt,51,|,1
pretrain_pass2.txt,51,88,1
pretrain_pass2.txt,51,8,1
pretrain_pass2.txt,52,23,2
pretrain_pass2.txt,52,1,2
pretrain_pass2.txt,52, |,14
pretrain_pass2.txt,52,|,14
pretrain_pass2.txt,52,3,1
pretrain_pass2.txt,52, 1,1
pretrain_pass2.txt,52,4,1
pretrain_pass2.txt,52,8,2
pretrain_pass2.txt,52, 19,1
pretrain_pass2.txt,52,9,2
pretrain_pass2.txt,52, 2,1
pretrain_pass2.txt,52,2,1
pretrain_pass2.txt,52,6,1
pretrain_pass2.txt,52, 20,1
pretrain_pass2.txt,52,0,1
pretrain_pass2.txt,52, 3,1
pretrain_pass2.txt,52,5,1
pretrain_pass2.txt,52,7,2
pretrain_pass2.txt,52, 6,1
pretrain_pass2.txt,52,50,1
pretrain_pass2.txt,52, 4,1
pretrain_pass2.txt,52,00,1
pretrain_pass2.txt,52, 5,1
pretrain_pass2.txt,52,20,1
pretrain_pass2.txt,52, 7,1
pretrain_pass2.txt,52,30,1
pretrain_pass2.txt,52, 8,1
pretrain_pass2.txt,52,10,1
pretrain_pass2.txt,52, 9,1
pretrain_pass2.txt,52,88,1
pretrain_pass2.txt,52, 10,1
pretrain_pass2.txt,52,",",2
pretrain_pass2.txt,52, 12,1
pretrain_pass2.txt,52,12,1
pretrain_pass2.txt,53,23,1
pretrain_pass2.txt,53, |,20
pretrain_pass2.txt,53,|,20
pretrain_pass2.txt,53, 1,5
pretrain_pass2.txt,53,4,2
pretrain_pass2.txt,53, 2,1
pretrain_pass2.txt,53,1,2
pretrain_pass2.txt,53, 3,1
pretrain_pass2.txt,53,2,1
pretrain_pass2.txt,53, 4,1
pretrain_pass2.txt,53,6,1
pretrain_pass2.txt,53, 6,1
pretrain_pass2.txt,53,7,2
pretrain_pass2.txt,53, 5,1
pretrain_pass2.txt,53,9,3
pretrain_pass2.txt,53, 7,1
pretrain_pass2.txt,53,3,1
pretrain_pass2.txt,53, 8,1
pretrain_pass2.txt,53,0,2
pretrain_pass2.txt,53, 9,2
pretrain_pass2.txt,53,8,1
pretrain_pass2.txt,53, 12,1
pretrain_pass2.txt,53,5,1
pretrain_pass2.txt,53, 10,1
pretrain_pass2.txt,53, 11,1
pretrain_pass2.txt,53,88,1
pretrain_pass2.txt,53, 15,1
pretrain_pass2.txt,53, 0,1
pretrain_pass2.txt,53,00,1
pretrain_pass2.txt,53,50,1
pretrain_pass2.txt,53,30,1
pretrain_pass2.txt,53,",",1
pretrain_pass2.txt,53,20,1
pretrain_pass2.txt,53, 19,1
pretrain_pass2.txt,53,",000",1
pretrain_pass2.txt,54,23,1
pretrain_pass2.txt,54,9,1
pretrain_pass2.txt,54, |,12
pretrain_pass2.txt,54,|,12
pretrain_pass2.txt,54, 1,1
pretrain_pass2.txt,54,4,1
pretrain_pass2.txt,54,0,1
pretrain_pass2.txt,54, 2,1
pretrain_pass2.txt,54,2,1
pretrain_pass2.txt,54,8,1
pretrain_pass2.txt,54, 3,1
pretrain_pass2.txt,54,3,1
pretrain_pass2.txt,54,1,1
pretrain_pass2.txt,54, 4,2
pretrain_pass2.txt,54,6,2
pretrain_pass2.txt,54,5,1
pretrain_pass2.txt,54, 20,1
pretrain_pass2.txt,54,7,1
pretrain_pass2.txt,54, 6,1
pretrain_pass2.txt,54,10,1
pretrain_pass2.txt,54, 7,1
pretrain_pass2.txt,54,50,1
pretrain_pass2.txt,54, 5,1
pretrain_pass2.txt,54,00,1
pretrain_pass2.txt,54, 8,1
pretrain_pass2.txt,54,20,1
pretrain_pass2.txt,54,30,1
pretrain_pass2.txt,54, 9,1
pretrain_pass2.txt,54, 10,1
pretrain_pass2.txt,54,",",1
pretrain_pass2.txt,54,22,1
pretrain_pass2.txt,54,88,1
pretrain_pass2.txt,55,23,2
pretrain_pass2.txt,55, |,11
pretrain_pass2.txt,55,|,7
pretrain_pass2.txt,55, 1,1
pretrain_pass2.txt,55,4,1
pretrain_pass2.txt,55,1,1
pretrain_pass2.txt,55,||,1
pretrain_pass2.txt,55, 2,1
pretrain_pass2.txt,55,2,1
pretrain_pass2.txt,55, 19,1
pretrain_pass2.txt,55,9,1
pretrain_pass2.txt,55,5,1
pretrain_pass2.txt,55, 24,1
pretrain_pass2.txt,55, 3,1
pretrain_pass2.txt,55,3,1
pretrain_pass2.txt,55, 20,1
pretrain_pass2.txt,55,6,1
pretrain_pass2.txt,55,8,1
pretrain_pass2.txt,56,23,1
pretrain_pass2.txt,56,-0,1
pretrain_pass2.txt,56,7,3
pretrain_pass2.txt,56,-,1
pretrain_pass2.txt,56,201,1
pretrain_pass2.txt,56,6,1
pretrain_pass2.txt,56, |,5
pretrain_pass2.txt,56,|,5
pretrain_pass2.txt,56,2,1
pretrain_pass2.txt,56,1,1
pretrain_pass2.txt,56,4,1
pretrain_pass2.txt,56,9,1
pretrain_pass2.txt,56,0,1
pretrain_pass2.txt,56,3,3
pretrain_pass2.txt,56,8,1
pretrain_pass2.txt,56,5,1
pretrain_pass2.txt,56,10,2
pretrain_pass2.txt,56,30,1
pretrain_pass2.txt,56,50,1
pretrain_pass2.txt,56,12,1
pretrain_pass2.txt,56,20,1
pretrain_pass2.txt,57,23,2
pretrain_pass2.txt,57,9,1
pretrain_pass2.txt,57, |,2
pretrain_pass2.txt,57,|,2
pretrain_pass2.txt,57,4,1
pretrain_pass2.txt,57, (,1
pretrain_pass2.txt,57,N,1
pretrain_pass2.txt,57,IP,1
pretrain_pass2.txt,57,T,2
pretrain_pass2.txt,57,IC,1
pretrain_pass2.txt,57,),2
pretrain_pass2.txt,57,(,1
pretrain_pass2.txt,57,C,1
pretrain_pass2.txt,57,D,1
pretrain_pass2.txt,57,A,1
pretrain_pass2.txt,57,W,1
pretrain_pass2.txt,57,F,1
pretrain_pass2.txt,57,E,1
pretrain_pass2.txt,57,S,1
pretrain_pass2.txt,57,G,1
pretrain_pass2.txt,57,",",1
pretrain_pass2.txt,57, C,1
pretrain_pass2.txt,57,M,1
pretrain_pass2.txt,57,P,1
pretrain_pass2.txt,57,U,1
pretrain_pass2.txt,57, Cambodia,1
pretrain_pass2.txt,57, D,1
pretrain_pass2.txt,57,ev,1
pretrain_pass2.txt,57,el,1
pretrain_pass2.txt,57,op,1
pretrain_pass2.txt,57,ment,1
pretrain_pass2.txt,57, In,1
pretrain_pass2.txt,57,ter,1
pretrain_pass2.txt,57,n,1
pretrain_pass2.txt,57,ation,1
pretrain_pass2.txt,57,al,1
pretrain_pass2.txt,57, A,1
pretrain_pass2.txt,57,c,1
pretrain_pass2.txt,57,ad,1
pretrain_pass2.txt,57,em,1
pretrain_pass2.txt,57,y,1
pretrain_pass2.txt,57, of,1
pretrain_pass2.txt,57, P,1
pretrain_pass2.txt,57,ub,1
pretrain_pass2.txt,57,l,1
pretrain_pass2.txt,57,ic,1
pretrain_pass2.txt,57, H,1
pretrain_pass2.txt,57,e,1
pretrain_pass2.txt,57,art,1
pretrain_pass2.txt,57,s,1
pretrain_pass2.txt,57, and,1
pretrain_pass2.txt,57, T,1
pretrain_pass2.txt,57,ra,1
pretrain_pass2.txt,57,in,1
pretrain_pass2.txt,57,ing,1
pretrain_pass2.txt,57, F,1
pretrain_pass2.txt,57,or,1
pretrain_pass2.txt,57,est,1
pretrain_pass2.txt,57, S,1
pretrain_pass2.txt,57,ect,1
pretrain_pass2.txt,57,ion,1
pretrain_pass2.txt,57, Pro,1
pretrain_pass2.txt,57,g,1
pretrain_pass2.txt,57,ram,1
pretrain_pass2.txt,57,m,1
pretrain_pass2.txt,57,en,1
pretrain_pass2.txt,57, on,1
pretrain_pass2.txt,57, the,1
pretrain_pass2.txt,57, M,1
pretrain_pass2.txt,57,on,1
pretrain_pass2.txt,57,th,1
pretrain_pass2.txt,57,ly,1
pretrain_pass2.txt,57, Re,1
pretrain_pass2.txt,57,p,1
pretrain_pass2.txt,57,ort,1
pretrain_pass2.txt,57, in,1
pretrain_pass2.txt,57, Ph,1
pretrain_pass2.txt,57,il,2
pretrain_pass2.txt,57,i,1
pretrain_pass2.txt,57,pp,1
pretrain_pass2.txt,57,ine,1
pretrain_pass2.txt,57,.,2
pretrain_pass2.txt,57, The,1
pretrain_pass2.txt,57, p,1
pretrain_pass2.txt,57,r,1
pretrain_pass2.txt,57,es,1
pretrain_pass2.txt,57,ent,1
pretrain_pass2.txt,57,ed,1
pretrain_pass2.txt,57, w,1
pretrain_pass2.txt,57,ith,1
pretrain_pass2.txt,57, a,1
pretrain_pass2.txt,57, s,1
pretrain_pass2.txt,57,ec,1
pretrain_pass2.txt,57,re,1
pretrain_pass2.txt,57,t,2
pretrain_pass2.txt,57, to,1
pretrain_pass2.txt,57, b,1
pretrain_pass2.txt,57,u,1
pretrain_pass2.txt,57,d,1
pretrain_pass2.txt,57, c,1
pretrain_pass2.txt,57,om,1
pretrain_pass2.txt,57,mer,1
pretrain_pass2.txt,57,ce,1
pretrain_pass2.txt,57, for,1
pretrain_pass2.txt,57, th,1
pretrain_pass2.txt,57,is,1
pretrain_pass2.txt,57, t,1
pretrain_pass2.txt,57,ime,1
pretrain_pass2.txt,57, n,1
pretrain_pass2.txt,57,ex,1
pretrain_pass2.txt,57, y,1
pretrain_pass2.txt,57,ear,1
pretrain_pass2.txt,58,23,2
pretrain_pass2.txt,58,9,1
pretrain_pass2.txt,58, |,11
pretrain_pass2.txt,58,|,11
pretrain_pass2.txt,58,3,2
pretrain_pass2.txt,58, 2,1
pretrain_pass2.txt,58,2,1
pretrain_pass2.txt,58,4,1
pretrain_pass2.txt,58, 3,1
pretrain_pass2.txt,58,5,1
pretrain_pass2.txt,58,6,1
pretrain_pass2.txt,58, 1,1
pretrain_pass2.txt,58,7,1
pretrain_pass2.txt,58,0,1
pretrain_pass2.txt,58, 4,1
pretrain_pass2.txt,58,1,1
pretrain_pass2.txt,58,8,1
pretrain_pass2.txt,58, 5,1
pretrain_pass2.txt,58,20,1
pretrain_pass2.txt,58, 7,1
pretrain_pass2.txt,58,50,1
pretrain_pass2.txt,58, 6,1
pretrain_pass2.txt,58,10,1
pretrain_pass2.txt,58, 9,1
pretrain_pass2.txt,58,30,1
pretrain_pass2.txt,58, 8,1
pretrain_pass2.txt,58,12,1
pretrain_pass2.txt,58, 10,1
pretrain_pass2.txt,58,",",1
pretrain_pass2.txt,58,00,1
pretrain_pass2.txt,59,23,2
pretrain_pass2.txt,59,7,1
pretrain_pass2.txt,59, |,2
pretrain_pass2.txt,59,|,2
pretrain_pass2.txt,59,9,1
pretrain_pass2.txt,59, 1,1
pretrain_pass2.txt,59,4,1
pretrain_pass2.txt,59,1,1
pretrain_pass2.txt,59,||,1
pretrain_pass2.txt,59, «,1
pretrain_pass2.txt,59,.,2
pretrain_pass2.txt,59,»,1
pretrain_pass2.txt,59,",",1
pretrain_pass2.txt,60,23,1
pretrain_pass2.txt,60,1,1
pretrain_pass2.txt,60, |,2
pretrain_pass2.txt,60,|,2
pretrain_pass2.txt,60,88,1
pretrain_pass2.txt,60,2,1
pretrain_pass2.txt,61,23,2
pretrain_pass2.txt,61,1,1
pretrain_pass2.txt,61, |,1
pretrain_pass2.txt,61,|,1
pretrain_pass2.txt,61,5,1
pretrain_pass2.txt,62,23,1
pretrain_pass2.txt,62, |,1
pretrain_pass2.txt,62,|,1
pretrain_pass2.txt,62, 1,1
pretrain_pass2.txt,62,3,1
pretrain_pass2.txt,62,5,1
pretrain_pass2.txt,62,||,1
pretrain_pass2.txt,62,-,1
pretrain_pass2.txt,62,.,3
pretrain_pass2.txt,63,23,1
pretrain_pass2.txt,63,9,3
pretrain_pass2.txt,63, |,8
pretrain_pass2.txt,63,|,8
pretrain_pass2.txt,63,88,1
pretrain_pass2.txt,63,8,1
pretrain_pass2.txt,63, 0,1
pretrain_pass2.txt,63,1,1
pretrain_pass2.txt,63,5,1
pretrain_pass2.txt,63, 2,1
pretrain_pass2.txt,63,2,1
pretrain_pass2.txt,63,6,1
pretrain_pass2.txt,63, 1,1
pretrain_pass2.txt,63,4,3
pretrain_pass2.txt,63,7,1
pretrain_pass2.txt,63, 3,1
pretrain_pass2.txt,63,3,1
pretrain_pass2.txt,63,",",4
pretrain_pass2.txt,63,0,1
pretrain_pass2.txt,63,20,1
pretrain_pass2.txt,63, 10,1
pretrain_pass2.txt,63,12,1
pretrain_pass2.txt,63, 4,1
pretrain_pass2.txt,63,30,1
pretrain_pass2.txt,63,10,2
pretrain_pass2.txt,63, 5,1
pretrain_pass2.txt,63,00,1
pretrain_pass2.txt,64,23,1
pretrain_pass2.txt,64,1,4
pretrain_pass2.txt,64, |,19
pretrain_pass2.txt,64,|,19
pretrain_pass2.txt,64, 2,1
pretrain_pass2.txt,64,2,3
pretrain_pass2.txt,64,9,1
pretrain_pass2.txt,64, 3,1
pretrain_pass2.txt,64,5,1
pretrain_pass2.txt,64,4,1
pretrain_pass2.txt,64, 1,5
pretrain_pass2.txt,64,6,1
pretrain_pass2.txt,64,8,4
pretrain_pass2.txt,64, 4,1
pretrain_pass2.txt,64,7,3
pretrain_pass2.txt,64,3,2
pretrain_pass2.txt,64, 50,1
pretrain_pass2.txt,64,.,1
pretrain_pass2.txt,64,00,1
pretrain_pass2.txt,64, 6,1
pretrain_pass2.txt,64,50,1
pretrain_pass2.txt,64, 8,1
pretrain_pass2.txt,64,10,1
pretrain_pass2.txt,64, 7,1
pretrain_pass2.txt,64,20,1
pretrain_pass2.txt,64, 9,1
pretrain_pass2.txt,64,30,1
pretrain_pass2.txt,64, 10,1
pretrain_pass2.txt,64, 11,1
pretrain_pass2.txt,64,88,1
pretrain_pass2.txt,64, 12,1
pretrain_pass2.txt,64,12,1
pretrain_pass2.txt,64, 15,1
pretrain_pass2.txt,64, 20,1
pretrain_pass2.txt,64, 19,1
pretrain_pass2.txt,64,22,1
pretrain_pass2.txt,65,',519
pretrain_pass2.txt,65, |,249
pretrain_pass2.txt,65,|,251
pretrain_pass2.txt,65, -,1
pretrain_pass2.txt,65,C,1
pretrain_pass2.txt,65,h,1
pretrain_pass2.txt,65,in,1
pretrain_pass2.txt,65,s,1
pretrain_pass2.txt,66,23,1
pretrain_pass2.txt,66,8,3
pretrain_pass2.txt,66, |,321
pretrain_pass2.txt,66,|,323
pretrain_pass2.txt,66,1,314
pretrain_pass2.txt,66,7,1
pretrain_pass2.txt,66,9,4
pretrain_pass2.txt,66,0,1
pretrain_pass2.txt,66,3,1
pretrain_pass2.txt,66,2,2
pretrain_pass2.txt,66,10,1
pretrain_pass2.txt,66,6,1
pretrain_pass2.txt,66,12,1
pretrain_pass2.txt,66,4,1
pretrain_pass2.txt,66,20,1
pretrain_pass2.txt,66,5,2
pretrain_pass2.txt,66,30,1
pretrain_pass2.txt,66,201,2
pretrain_pass2.txt,66,50,1
pretrain_pass2.txt,66,00,1
pretrain_pass2.txt,66,88,310
pretrain_pass2.txt,66, 1,1
pretrain_pass2.txt,67,23,1
pretrain_pass2.txt,67,-,4
pretrain_pass2.txt,67,J,1
pretrain_pass2.txt,67,an,1
pretrain_pass2.txt,67,201,1
pretrain_pass2.txt,67,7,1
pretrain_pass2.txt,67, 8,1
pretrain_pass2.txt,67,:,2
pretrain_pass2.txt,67,0,1
pretrain_pass2.txt,67,1,1
pretrain_pass2.txt,67,am,1
pretrain_pass2.txt,67,...,1
pretrain_pass2.txt,67, «,2
pretrain_pass2.txt,67,»,2
pretrain_pass2.txt,67, 2,1
pretrain_pass2.txt,67,2,1
pretrain_pass2.txt,67,F,1
pretrain_pass2.txt,67,eb,1
pretrain_pass2.txt,67,20,1
pretrain_pass2.txt,67,22,1
pretrain_pass2.txt,67, 1,1
pretrain_pass2.txt,67,4,2
pretrain_pass2.txt,67,5,1
pretrain_pass2.txt,67,8,1
pretrain_pass2.txt,67,!,1
pretrain_pass2.txt,67, S,1
pretrain_pass2.txt,67,m,1
pretrain_pass2.txt,67,art,1
pretrain_pass2.txt,67, A,1
pretrain_pass2.txt,67,x,1
pretrain_pass2.txt,67,i,2
pretrain_pass2.txt,67,at,1
pretrain_pass2.txt,67,a,1
pretrain_pass2.txt,67, (,1
pretrain_pass2.txt,67,T,1
pretrain_pass2.txt,67,el,1
pretrain_pass2.txt,67,ec,1
pretrain_pass2.txt,67,om,1
pretrain_pass2.txt,67,),1
pretrain_pass2.txt,67, “,1
pretrain_pass2.txt,67,A,1
pretrain_pass2.txt,67,pp,1
pretrain_pass2.txt,67,l,1
pretrain_pass2.txt,67,ic,1
pretrain_pass2.txt,67,ation,1
pretrain_pass2.txt,67, F,1
pretrain_pass2.txt,67,or,1
pretrain_pass2.txt,67,um,1
pretrain_pass2.txt,67,”,1
pretrain_pass2.txt,67, M,1
pretrain_pass2.txt,67,ob,1
pretrain_pass2.txt,67,le,1
pretrain_pass2.txt,67, Le,1
pretrain_pass2.txt,67,g,1
pretrain_pass2.txt,67,end,1
pretrain_pass2.txt,67,s,1
pretrain_pass2.txt,67, E,1
pretrain_pass2.txt,67,u,1
pretrain_pass2.txt,67,ro,1
pretrain_pass2.txt,67, 202,1
pretrain_pass2.txt,68,23,1
pretrain_pass2.txt,68,1,213
pretrain_pass2.txt,68, |,227
pretrain_pass2.txt,68,|,226
pretrain_pass2.txt,68,3,1
pretrain_pass2.txt,68,2,4
pretrain_pass2.txt,68,9,7
pretrain_pass2.txt,68,4,1
pretrain_pass2.txt,68,5,1
pretrain_pass2.txt,68,7,177
pretrain_pass2.txt,68,0,214
pretrain_pass2.txt,68,6,3
pretrain_pass2.txt,68,8,209
pretrain_pass2.txt,68,50,1
pretrain_pass2.txt,68,88,1
pretrain_pass2.txt,68,10,1
pretrain_pass2.txt,68,12,1
pretrain_pass2.txt,68,30,2
pretrain_pass2.txt,68,20,1
pretrain_pass2.txt,68,22,1
pretrain_pass2.txt,68,201,1
pretrain_pass2.txt,68,00,2
pretrain_pass2.txt,68,000,1
pretrain_pass2.txt,68,",000",1
pretrain_pass2.txt,68,",",212
pretrain_pass2.txt,68, 1,1
pretrain_pass2.txt,68,.,1
pretrain_pass2.txt,68,||,1
pretrain_pass2.txt,69,23,1
pretrain_pass2.txt,69,1,170
pretrain_pass2.txt,69, |,179
pretrain_pass2.txt,69,|,180
pretrain_pass2.txt,69,3,1
pretrain_pass2.txt,69,5,1
pretrain_pass2.txt,69,9,173
pretrain_pass2.txt,69,4,1
pretrain_pass2.txt,69,6,1
pretrain_pass2.txt,69,7,162
pretrain_pass2.txt,69,2,170
pretrain_pass2.txt,69,8,7
pretrain_pass2.txt,69,0,1
pretrain_pass2.txt,69,10,1
pretrain_pass2.txt,69,12,1
pretrain_pass2.txt,69,30,1
pretrain_pass2.txt,69,50,1
pretrain_pass2.txt,69,20,1
pretrain_pass2.txt,69,00,1
pretrain_pass2.txt,69,000,1
pretrain_pass2.txt,69,22,1
pretrain_pass2.txt,69,88,1
pretrain_pass2.txt,69,",",168
pretrain_pass2.txt,69,",000",1
pretrain_pass2.txt,69, 1,1
pretrain_pass2.txt,70,23,1
pretrain_pass2.txt,70,1,1
pretrain_pass2.txt,70, |,1
pretrain_pass2.txt,70,|,1
pretrain_pass2.txt,70, 0,1
pretrain_pass2.txt,70,2,1
pretrain_pass2.txt,70,4,1
pretrain_pass2.txt,70,am,1
pretrain_pass2.txt,70, 1,1
pretrain_pass2.txt,70,6,1
pretrain_pass2.txt,70,5,1
pretrain_pass2.txt,71,23,1
pretrain_pass2.txt,71,",",1
pretrain_pass2.txt,71, 2017,1
pretrain_pass2.txt,71, |,1
pretrain_pass2.txt,71, 0,1
pretrain_pass2.txt,71,9,1
pretrain_pass2.txt,71,:,1
pretrain_pass2.txt,71,4,1
pretrain_pass2.txt,71,2,1
pretrain_pass2.txt,71, P,2
pretrain_pass2.txt,71,M,2
pretrain_pass2.txt,71, 1,2
pretrain_pass2.txt,71, 2,1
pretrain_pass2.txt,71, 3,1
pretrain_pass2.txt,71, ...,1
pretrain_pass2.txt,71, 4,2
pretrain_pass2.txt,71,1,2
pretrain_pass2.txt,71, M,1
pretrain_pass2.txt,71,O,2
pretrain_pass2.txt,71,S,1
pretrain_pass2.txt,71,T,1
pretrain_pass2.txt,71,P,1
pretrain_pass2.txt,71,U,1
pretrain_pass2.txt,71,L,1
pretrain_pass2.txt,71,A,1
pretrain_pass2.txt,71,R,1
pretrain_pass2.txt,71,!,2
pretrain_pass2.txt,71, 24,1
pretrain_pass2.txt,71,6,1
pretrain_pass2.txt,71, I,1
pretrain_pass2.txt,71,C,1
pretrain_pass2.txt,71,B,1
pretrain_pass2.txt,71, F,1
pretrain_pass2.txt,71,-,1
pretrain_pass2.txt,71,3,1
pretrain_pass2.txt,71,5,1
pretrain_pass2.txt,71, 11,1
pretrain_pass2.txt,71,7,2
pretrain_pass2.txt,71,8,1
pretrain_pass2.txt,71, (,1
pretrain_pass2.txt,71,),1
pretrain_pass2.txt,71, 5,2
pretrain_pass2.txt,71,00,1
pretrain_pass2.txt,71, 10,1
pretrain_pass2.txt,71,0,1
pretrain_pass2.txt,71, «,1
pretrain_pass2.txt,71,D,1
pretrain_pass2.txt,71,el,1
pretrain_pass2.txt,71,t,1
pretrain_pass2.txt,71,a,1
pretrain_pass2.txt,71,»,1
pretrain_pass2.txt,71,50,1
pretrain_pass2.txt,71, 6,1
pretrain_pass2.txt,71,30,1
pretrain_pass2.txt,71, 7,1
pretrain_pass2.txt,71,20,1
pretrain_pass2.txt,72,23,2
pretrain_pass2.txt,72,1,1
pretrain_pass2.txt,72, |,268
pretrain_pass2.txt,72,|,268
pretrain_pass2.txt,72, 1,4
pretrain_pass2.txt,72,3,1
pretrain_pass2.txt,72,2,1
pretrain_pass2.txt,72, 2,10
pretrain_pass2.txt,72,9,2
pretrain_pass2.txt,72,6,1
pretrain_pass2.txt,72, 3,231
pretrain_pass2.txt,72,4,1
pretrain_pass2.txt,72,8,1
pretrain_pass2.txt,72, 20,1
pretrain_pass2.txt,72,7,1
pretrain_pass2.txt,72, 4,5
pretrain_pass2.txt,72,5,1
pretrain_pass2.txt,72, 7,2
pretrain_pass2.txt,72,0,1
pretrain_pass2.txt,72, 5,1
pretrain_pass2.txt,72,88,1
pretrain_pass2.txt,72, 6,1
pretrain_pass2.txt,72,50,1
pretrain_pass2.txt,72, 8,1
pretrain_pass2.txt,72,30,1
pretrain_pass2.txt,72, 10,1
pretrain_pass2.txt,72,10,1
pretrain_pass2.txt,72, 9,3
pretrain_pass2.txt,72,20,1
pretrain_pass2.txt,72, 11,1
pretrain_pass2.txt,72,",",255
pretrain_pass2.txt,72,00,255
pretrain_pass2.txt,72, 12,1
pretrain_pass2.txt,72, 100,1
pretrain_pass2.txt,72, 15,1
pretrain_pass2.txt,72, 24,1
pretrain_pass2.txt,72, 19,1
pretrain_pass2.txt,72,||,1
pretrain_pass2.txt,72, 0,1
pretrain_pass2.txt,72,.,1
pretrain_pass2.txt,72,000,1
pretrain_pass2.txt,73,23,1
pretrain_pass2.txt,73,7,1
pretrain_pass2.txt,73, |,1
pretrain_pass2.txt,73,|,1
pretrain_pass2.txt,73, 0,1
pretrain_pass2.txt,73,1,1
pretrain_pass2.txt,73,8,1
pretrain_pass2.txt,73,©,1
pretrain_pass2.txt,73, C,1
pretrain_pass2.txt,73,op,1
pretrain_pass2.txt,73,y,1
pretrain_pass2.txt,73,r,1
pretrain_pass2.txt,73,ight,1
pretrain_pass2.txt,73, 201,1
pretrain_pass2.txt,73,4,1
pretrain_pass2.txt,73, -,1
pretrain_pass2.txt,73, 2020,1
pretrain_pass2.txt,73, K,1
pretrain_pass2.txt,73,h,1
pretrain_pass2.txt,73,mer,1
pretrain_pass2.txt,73,n,1
pretrain_pass2.txt,73,ot,1
pretrain_pass2.txt,73,e,1
pretrain_pass2.txt,73, M,1
pretrain_pass2.txt,73,ed,1
pretrain_pass2.txt,73,ia,1
pretrain_pass2.txt,74,23,1
pretrain_pass2.txt,74,9,1
pretrain_pass2.txt,74, |,1
pretrain_pass2.txt,74,|,1
pretrain_pass2.txt,74, 1,1
pretrain_pass2.txt,74,4,1
pretrain_pass2.txt,74,1,1
pretrain_pass2.txt,74,||,1
pretrain_pass2.txt,74,.,2
pretrain_pass2.txt,74,-,1
pretrain_pass2.txt,74, «,1
pretrain_pass2.txt,74,»,1
pretrain_pass2.txt,74, (,1
pretrain_pass2.txt,74,),1
pretrain_pass2.txt,74,?,1
pretrain_pass2.txt,74, “,2
pretrain_pass2.txt,74,”,2
pretrain_pass2.txt,74,",",5
pretrain_pass2.txt,75, |,3
pretrain_pass2.txt,75,|,1
pretrain_pass2.txt,75, 2,1
pretrain_pass2.txt,75,9,1
pretrain_pass2.txt,75,",",1
pretrain_pass2.txt,75,7,1
pretrain_pass2.txt,75,4,1
pretrain_pass2.txt,75,1,1
pretrain_pass2.txt,75,-,1
pretrain_pass2.txt,75, (,1
pretrain_pass2.txt,75,J,1
pretrain_pass2.txt,75,e,1
pretrain_pass2.txt,75,an,1
pretrain_pass2.txt,75, F,1
pretrain_pass2.txt,75,r,1
pretrain_pass2.txt,75,en,1
pretrain_pass2.txt,75,ch,1
pretrain_pass2.txt,75, G,1
pretrain_pass2.txt,75,u,1
pretrain_pass2.txt,75,ter,1
pretrain_pass2.txt,75,re,1
pretrain_pass2.txt,75,),1
pretrain_pass2.txt,75, «,2
pretrain_pass2.txt,75,»,3
pretrain_pass2.txt,75,«,1
pretrain_pass2.txt,75,?,1
pretrain_pass2.txt,76,23,1
pretrain_pass2.txt,76, |,13
pretrain_pass2.txt,76,|,13
pretrain_pass2.txt,76, 1,1
pretrain_pass2.txt,76,3,1
pretrain_pass2.txt,76, 2,1
pretrain_pass2.txt,76,5,2
pretrain_pass2.txt,76, 3,1
pretrain_pass2.txt,76,8,1
pretrain_pass2.txt,76, 4,1
pretrain_pass2.txt,76,9,1
pretrain_pass2.txt,76, 5,1
pretrain_pass2.txt,76,1,1
pretrain_pass2.txt,76, 6,1
pretrain_pass2.txt,76,4,1
pretrain_pass2.txt,76, 7,1
pretrain_pass2.txt,76,6,1
pretrain_pass2.txt,76, 8,1
pretrain_pass2.txt,76,7,1
pretrain_pass2.txt,76, 9,1
pretrain_pass2.txt,76,0,1
pretrain_pass2.txt,76, 12,1
pretrain_pass2.txt,76,2,1
pretrain_pass2.txt,76, 11,1
pretrain_pass2.txt,76,12,1
pretrain_pass2.txt,76, 10,1
pretrain_pass2.txt,76,88,1
pretrain_pass2.txt,76, 15,1
pretrain_pass2.txt,77,23,3
pretrain_pass2.txt,77,9,1
pretrain_pass2.txt,77, |,318
pretrain_pass2.txt,77,|,318
pretrain_pass2.txt,77,3,1
pretrain_pass2.txt,77,4,1
pretrain_pass2.txt,77, 2,1
pretrain_pass2.txt,77,1,293
pretrain_pass2.txt,77,5,1
pretrain_pass2.txt,77, 1,300
pretrain_pass2.txt,77,8,1
pretrain_pass2.txt,77,0,1
pretrain_pass2.txt,77, 19,1
pretrain_pass2.txt,77,2,4
pretrain_pass2.txt,77, 20,1
pretrain_pass2.txt,77,6,1
pretrain_pass2.txt,77, 24,1
pretrain_pass2.txt,77,7,1
pretrain_pass2.txt,77, 3,1
pretrain_pass2.txt,77,20,1
pretrain_pass2.txt,77, 7,1
pretrain_pass2.txt,77,",",1
pretrain_pass2.txt,77,22,1
pretrain_pass2.txt,77, 4,1
pretrain_pass2.txt,77,88,1
pretrain_pass2.txt,77, 6,1
pretrain_pass2.txt,77,.,295
pretrain_pass2.txt,77,12,1
pretrain_pass2.txt,77, 5,1
pretrain_pass2.txt,77,00,1
pretrain_pass2.txt,77, 8,1
pretrain_pass2.txt,77,10,1
pretrain_pass2.txt,77, 10,1
pretrain_pass2.txt,77, 9,1
pretrain_pass2.txt,77, 11,1
pretrain_pass2.txt,77, 12,1
pretrain_pass2.txt,77, 0,1
pretrain_pass2.txt,77, 15,1
pretrain_pass2.txt,77,||,1
pretrain_pass2.txt,77,-1,1
pretrain_pass2.txt,77,m,1
pretrain_pass2.txt,77,t,1
pretrain_pass2.txt,77,/,1
pretrain_pass2.txt,78,23,2
pretrain_pass2.txt,78, |,3
pretrain_pass2.txt,78,|,3
pretrain_pass2.txt,78, 0,1
pretrain_pass2.txt,78,1,1
pretrain_pass2.txt,78,:,1
pretrain_pass2.txt,78,4,1
pretrain_pass2.txt,78,2,1
pretrain_pass2.txt,78,.,1
pretrain_pass2.txt,78, «,1
pretrain_pass2.txt,78,»,1
pretrain_pass2.txt,78, -,2
pretrain_pass2.txt,78, “,3
pretrain_pass2.txt,78,”,3
pretrain_pass2.txt,78, (,4
pretrain_pass2.txt,78,A,1
pretrain_pass2.txt,78,r,1
pretrain_pass2.txt,78,ch,1
pretrain_pass2.txt,78,it,1
pretrain_pass2.txt,78,ect,1
pretrain_pass2.txt,78,u,1
pretrain_pass2.txt,78,re,1
pretrain_pass2.txt,78,),4
pretrain_pass2.txt,78,P,1
pretrain_pass2.txt,78,e,1
pretrain_pass2.txt,78,op,1
pretrain_pass2.txt,78,le,1
pretrain_pass2.txt,78, of,1
pretrain_pass2.txt,78, the,1
pretrain_pass2.txt,78, Y,1
pretrain_pass2.txt,78,ear,1
pretrain_pass2.txt,78,s,1
pretrain_pass2.txt,78,B,1
pretrain_pass2.txt,78,l,2
pretrain_pass2.txt,78,ue,1
pretrain_pass2.txt,78,p,1
pretrain_pass2.txt,78,h,1
pretrain_pass2.txt,78,ar,1
pretrain_pass2.txt,78,is,1
pretrain_pass2.txt,78,m,1
pretrain_pass2.txt,78, and,1
pretrain_pass2.txt,78, F,1
pretrain_pass2.txt,78,or,1
pretrain_pass2.txt,78,est,1
pretrain_pass2.txt,78,ry,1
pretrain_pass2.txt,78,",",1
pretrain_pass2.txt,78, C,1
pretrain_pass2.txt,78,ul,1
pretrain_pass2.txt,78,t,1
pretrain_pass2.txt,78,ur,1
pretrain_pass2.txt,78,al,1
pretrain_pass2.txt,78, A,1
pretrain_pass2.txt,78,c,1
pretrain_pass2.txt,78,ad,1
pretrain_pass2.txt,78,em,1
pretrain_pass2.txt,78,y,1
pretrain_pass2.txt,78, in,1
pretrain_pass2.txt,78, P,1
pretrain_pass2.txt,78,ub,1
pretrain_pass2.txt,78,ic,1
pretrain_pass2.txt,78, D,1
pretrain_pass2.txt,78,om,1
pretrain_pass2.txt,78,ain,1
pretrain_pass2.txt,78,C,1
pretrain_pass2.txt,78,ambodia,1
pretrain_pass2.txt,79,23,2
pretrain_pass2.txt,79,9,1
pretrain_pass2.txt,79, |,1
pretrain_pass2.txt,79,|,1
pretrain_pass2.txt,79,4,1
pretrain_pass2.txt,79,8,1
pretrain_pass2.txt,80,23,1
pretrain_pass2.txt,80, |,1
pretrain_pass2.txt,80,|,1
pretrain_pass2.txt,80, 8,1
pretrain_pass2.txt,80,1,1
pretrain_pass2.txt,80,7,1
pretrain_pass2.txt,80,0,1
pretrain_pass2.txt,80,4,1
pretrain_pass2.txt,80, «,1
pretrain_pass2.txt,80,»,1
pretrain_pass2.txt,81,23,1
pretrain_pass2.txt,81, |,2
pretrain_pass2.txt,81,|,1
pretrain_pass2.txt,81,↑,3
pretrain_pass2.txt,82,23,2
pretrain_pass2.txt,82,8,1
pretrain_pass2.txt,82, |,6
pretrain_pass2.txt,82,|,8
pretrain_pass2.txt,82,9,1
pretrain_pass2.txt,82, «,1
pretrain_pass2.txt,82,»,1
pretrain_pass2.txt,82, (,2
pretrain_pass2.txt,82,),2
pretrain_pass2.txt,82, 1,1
pretrain_pass2.txt,82,4,1
pretrain_pass2.txt,82,0,1
pretrain_pass2.txt,82, 2,1
pretrain_pass2.txt,82,1,1
pretrain_pass2.txt,82,3,1
pretrain_pass2.txt,82, 20,1
pretrain_pass2.txt,82,6,1
pretrain_pass2.txt,82, 3,1
pretrain_pass2.txt,82,2,1
pretrain_pass2.txt,82,5,1
pretrain_pass2.txt,83,23,1
pretrain_pass2.txt,83,1,1
pretrain_pass2.txt,83, |,2
pretrain_pass2.txt,83,|,1
pretrain_pass2.txt,83, 1,1
pretrain_pass2.txt,83,",",1
pretrain_pass2.txt,83,4,1
pretrain_pass2.txt,83,9,1
pretrain_pass2.txt,83,7,1
pretrain_pass2.txt,84,23,1
pretrain_pass2.txt,84,9,1
pretrain_pass2.txt,84, |,2
pretrain_pass2.txt,84,|,1
pretrain_pass2.txt,84,↑,3
pretrain_pass2.txt,85,23,2
pretrain_pass2.txt,85, |,309
pretrain_pass2.txt,85,|,309
pretrain_pass2.txt,85, 1,295
pretrain_pass2.txt,85,4,1
pretrain_pass2.txt,85,2,1
pretrain_pass2.txt,85, 19,1
pretrain_pass2.txt,85,9,1
pretrain_pass2.txt,85,6,1
pretrain_pass2.txt,85, 2,1
pretrain_pass2.txt,85,8,1
pretrain_pass2.txt,85,7,1
pretrain_pass2.txt,85,0,1
pretrain_pass2.txt,85, 3,1
pretrain_pass2.txt,85,1,1
pretrain_pass2.txt,85,3,1
pretrain_pass2.txt,85,5,1
pretrain_pass2.txt,85, 4,1
pretrain_pass2.txt,85,20,1
pretrain_pass2.txt,85, 5,1
pretrain_pass2.txt,85,88,1
pretrain_pass2.txt,85, 6,1
pretrain_pass2.txt,85,30,1
pretrain_pass2.txt,85, 7,1
pretrain_pass2.txt,85,50,1
pretrain_pass2.txt,85, 9,1
pretrain_pass2.txt,85,",",300
pretrain_pass2.txt,85,00,301
pretrain_pass2.txt,85, 8,1
pretrain_pass2.txt,85, 10,1
pretrain_pass2.txt,85, 12,1
pretrain_pass2.txt,85, 11,1
pretrain_pass2.txt,85, 15,1
pretrain_pass2.txt,85,.,1
pretrain_pass2.txt,85, 0,1
pretrain_pass2.txt,85,||,1
pretrain_pass2.txt,86,23,1
pretrain_pass2.txt,86, |,1
pretrain_pass2.txt,86,|,1
pretrain_pass2.txt,87,23,2
pretrain_pass2.txt,87,1,1
pretrain_pass2.txt,87, |,2
pretrain_pass2.txt,87,|,2
pretrain_pass2.txt,87,5,1
pretrain_pass2.txt,87, 0,1
pretrain_pass2.txt,87,4,1
pretrain_pass2.txt,87,7,1
pretrain_pass2.txt,88,23,1
pretrain_pass2.txt,88,9,1
pretrain_pass2.txt,88, |,12
pretrain_pass2.txt,88,|,12
pretrain_pass2.txt,88, 1,1
pretrain_pass2.txt,88,4,1
pretrain_pass2.txt,88,8,1
pretrain_pass2.txt,88,2,1
pretrain_pass2.txt,88, 2,1
pretrain_pass2.txt,88,5,1
pretrain_pass2.txt,88,3,1
pretrain_pass2.txt,88,6,1
pretrain_pass2.txt,88, 19,1
pretrain_pass2.txt,88,7,2
pretrain_pass2.txt,88,1,1
pretrain_pass2.txt,88, 20,1
pretrain_pass2.txt,88,0,1
pretrain_pass2.txt,88, 3,1
pretrain_pass2.txt,88,50,1
pretrain_pass2.txt,88, 4,1
pretrain_pass2.txt,88,88,1
pretrain_pass2.txt,88, 5,1
pretrain_pass2.txt,88,00,1
pretrain_pass2.txt,88, 7,1
pretrain_pass2.txt,88,30,1
pretrain_pass2.txt,88, 6,1
pretrain_pass2.txt,88,20,1
pretrain_pass2.txt,88, 8,1
pretrain_pass2.txt,88,12,1
pretrain_pass2.txt,88, 9,1
pretrain_pass2.txt,88,10,1
pretrain_pass2.txt,88, 10,1
pretrain_pass2.txt,88,",",1
pretrain_pass2.txt,88,22,1
pretrain_pass2.txt,89,23,2
pretrain_pass2.txt,89,1,59
pretrain_pass2.txt,89, |,221
pretrain_pass2.txt,89,|,221
pretrain_pass2.txt,89, 0,2
pretrain_pass2.txt,89,8,25
pretrain_pass2.txt,89,2,8
pretrain_pass2.txt,89,9,14
pretrain_pass2.txt,89,6,8
pretrain_pass2.txt,89, 10,1
pretrain_pass2.txt,89,5,17
pretrain_pass2.txt,89, 2,3
pretrain_pass2.txt,89,7,14
pretrain_pass2.txt,89,3,11
pretrain_pass2.txt,89, 3,1
pretrain_pass2.txt,89,4,237
pretrain_pass2.txt,89,0,25
pretrain_pass2.txt,89, 1,200
pretrain_pass2.txt,89,88,1
pretrain_pass2.txt,89, 6,1
pretrain_pass2.txt,89,50,1
pretrain_pass2.txt,89, 7,1
pretrain_pass2.txt,89,20,1
pretrain_pass2.txt,89, 4,2
pretrain_pass2.txt,89,30,1
pretrain_pass2.txt,89, 5,1
pretrain_pass2.txt,89,00,1
pretrain_pass2.txt,89, 9,1
pretrain_pass2.txt,89,",",1
pretrain_pass2.txt,89,10,1
pretrain_pass2.txt,89, 12,1
pretrain_pass2.txt,89,.,1
pretrain_pass2.txt,89,12,1
pretrain_pass2.txt,89, 8,1
pretrain_pass2.txt,89, 11,1
pretrain_pass2.txt,89, 15,1
pretrain_pass2.txt,89, 20,1
pretrain_pass2.txt,89, 24,1
pretrain_pass2.txt,89, 19,1
pretrain_pass2.txt,89,22,1
pretrain_pass2.txt,90,23,1
pretrain_pass2.txt,90,1,13
pretrain_pass2.txt,90, |,48
pretrain_pass2.txt,90,|,48
pretrain_pass2.txt,90,4,17
pretrain_pass2.txt,90,5,7
pretrain_pass2.txt,90,7,1
pretrain_pass2.txt,90,3,25
pretrain_pass2.txt,90,6,4
pretrain_pass2.txt,90,9,39
pretrain_pass2.txt,90,2,20
pretrain_pass2.txt,90,8,2
pretrain_pass2.txt,90,0,1
pretrain_pass2.txt,90,10,1
pretrain_pass2.txt,90,12,1
pretrain_pass2.txt,90,30,1
pretrain_pass2.txt,90,20,1
pretrain_pass2.txt,90,22,1
pretrain_pass2.txt,90,50,1
pretrain_pass2.txt,90,201,1
pretrain_pass2.txt,90,88,1
pretrain_pass2.txt,90,00,1
pretrain_pass2.txt,91,23,2
pretrain_pass2.txt,91, |,4
pretrain_pass2.txt,91,|,4
pretrain_pass2.txt,91, 2,1
pretrain_pass2.txt,91,1,1
pretrain_pass2.txt,91,||,1
pretrain_pass2.txt,91, 3,1
pretrain_pass2.txt,91,2,1
pretrain_pass2.txt,91, 1,1
pretrain_pass2.txt,91,4,1
pretrain_pass2.txt,92,23,1
pretrain_pass2.txt,92,7,2
pretrain_pass2.txt,92, |,12
pretrain_pass2.txt,92,|,12
pretrain_pass2.txt,92, 0,1
pretrain_pass2.txt,92,1,1
pretrain_pass2.txt,92,8,1
pretrain_pass2.txt,92, 1,1
pretrain_pass2.txt,92,4,1
pretrain_pass2.txt,92,2,1
pretrain_pass2.txt,92, 2,1
pretrain_pass2.txt,92,9,1
pretrain_pass2.txt,92,6,1
pretrain_pass2.txt,92, 3,1
pretrain_pass2.txt,92,3,1
pretrain_pass2.txt,92,5,1
pretrain_pass2.txt,92, 4,1
pretrain_pass2.txt,92,0,1
pretrain_pass2.txt,92, 5,1
pretrain_pass2.txt,92,50,1
pretrain_pass2.txt,92, 6,2
pretrain_pass2.txt,92,30,1
pretrain_pass2.txt,92, 7,1
pretrain_pass2.txt,92,20,1
pretrain_pass2.txt,92, 9,1
pretrain_pass2.txt,92,88,1
pretrain_pass2.txt,92, 8,1
pretrain_pass2.txt,92,00,1
pretrain_pass2.txt,92,10,1
pretrain_pass2.txt,92, 10,1
pretrain_pass2.txt,92,",",1
pretrain_pass2.txt,92,22,1
pretrain_pass2.txt,93,23,1
pretrain_pass2.txt,93, |,2
pretrain_pass2.txt,93,|,2
pretrain_pass2.txt,93, 2,1
pretrain_pass2.txt,93,1,1
pretrain_pass2.txt,93,-,2
pretrain_pass2.txt,93,20,1
pretrain_pass2.txt,93,22,1
pretrain_pass2.txt,93, 1,1
pretrain_pass2.txt,93,6,1
pretrain_pass2.txt,93,:,1
pretrain_pass2.txt,93,4,1
pretrain_pass2.txt,93,9,1
pretrain_pass2.txt,93, 3,1
pretrain_pass2.txt,93,2,1
pretrain_pass2.txt,93, -,1
pretrain_pass2.txt,93,.,1
pretrain_pass2.txt,93, (,1
pretrain_pass2.txt,93,),1
pretrain_pass2.txt,94,23,1
pretrain_pass2.txt,94,9,2
pretrain_pass2.txt,94, |,261
pretrain_pass2.txt,94,|,264
pretrain_pass2.txt,94,1,259
pretrain_pass2.txt,94,8,253
pretrain_pass2.txt,94,2,8
pretrain_pass2.txt,94,3,7
pretrain_pass2.txt,94,4,217
pretrain_pass2.txt,94,6,7
pretrain_pass2.txt,94,5,13
pretrain_pass2.txt,94,7,3
pretrain_pass2.txt,94,0,1
pretrain_pass2.txt,94,50,1
pretrain_pass2.txt,94,10,1
pretrain_pass2.txt,94,12,1
pretrain_pass2.txt,94,30,1
pretrain_pass2.txt,94,20,1
pretrain_pass2.txt,94,22,1
pretrain_pass2.txt,94,201,1
pretrain_pass2.txt,94,88,1
pretrain_pass2.txt,94,00,1
pretrain_pass2.txt,94, 1,1
pretrain_pass2.txt,94,||,1
pretrain_pass2.txt,95,23,1
pretrain_pass2.txt,95, |,11
pretrain_pass2.txt,95,|,11
pretrain_pass2.txt,95, 2,1
pretrain_pass2.txt,95,2,1
pretrain_pass2.txt,95, 3,1
pretrain_pass2.txt,95,3,1
pretrain_pass2.txt,95, 4,1
pretrain_pass2.txt,95,5,1
pretrain_pass2.txt,95, 1,1
pretrain_pass2.txt,95,6,1
pretrain_pass2.txt,95, 6,1
pretrain_pass2.txt,95,4,1
pretrain_pass2.txt,95, 7,1
pretrain_pass2.txt,95,8,1
pretrain_pass2.txt,95, 5,1
pretrain_pass2.txt,95,7,1
pretrain_pass2.txt,95, 8,1
pretrain_pass2.txt,95,9,1
pretrain_pass2.txt,95, 9,1
pretrain_pass2.txt,95,0,1
pretrain_pass2.txt,95, 10,1
pretrain_pass2.txt,95,1,1
pretrain_pass2.txt,95, 11,1
pretrain_pass2.txt,95,88,1
pretrain_pass2.txt,96,23,1
pretrain_pass2.txt,96, |,2
pretrain_pass2.txt,96,|,2
pretrain_pass2.txt,96,88,1
pretrain_pass2.txt,96,3,1
pretrain_pass2.txt,96,||,2
pretrain_pass2.txt,96,?,1
pretrain_pass2.txt,96, 1,1
pretrain_pass2.txt,96,8,1
pretrain_pass2.txt,96,6,1
pretrain_pass2.txt,96,4,1
pretrain_pass2.txt,97,88,1
pretrain_pass2.txt,97, |,2
pretrain_pass2.txt,97,|,2
pretrain_pass2.txt,97, 10,1
pretrain_pass2.txt,97,4,1
pretrain_pass2.txt,97, 1,1
pretrain_pass2.txt,97,3,1
pretrain_pass2.txt,97,1,1
pretrain_pass2.txt,97,||,1
pretrain_pass2.txt,97,‹››››››››››››››,45
pretrain_pass2.txt,97,�����������������������������������������������������������������������������������������������������������������������������������������������������������������������������������������������������������������������������������������������������������������������������������������������������������������������������������������������������������������������������������������������������������������������������������������������������������������������������������������������������������������������������������������������������������������������������������������������������������������������������������������������������������������������������������������������������������������������������������������������������������������������������������������������������������������������������������������������������������������������������������������������������������������������������������������������������������������������������������������������������������������������������������������������������������������������������������������������������������������������������������������������������������������������������������������������������������������������������������������������������������������������������������������������������������������������������������������������������������������������������������������������������������������������������������������������������������������������������������������������������������������������������������������������������������������������������������������������,4605
pretrain_pass2.txt,97, –,1
pretrain_pass2.txt,97, 0,1
pretrain_pass2.txt,97,7,1
pretrain_pass2.txt,98,23,1
pretrain_pass2.txt,98,1,2
pretrain_pass2.txt,98, |,12
pretrain_pass2.txt,98,|,12
pretrain_pass2.txt,98, 1,1
pretrain_pass2.txt,98,3,1
pretrain_pass2.txt,98,8,2
pretrain_pass2.txt,98, 2,1
pretrain_pass2.txt,98,5,1
pretrain_pass2.txt,98,2,1
pretrain_pass2.txt,98, 3,1
pretrain_pass2.txt,98,6,1
pretrain_pass2.txt,98,9,1
pretrain_pass2.txt,98, 20,1
pretrain_pass2.txt,98,4,1
pretrain_pass2.txt,98, 4,1
pretrain_pass2.txt,98,7,1
pretrain_pass2.txt,98,0,2
pretrain_pass2.txt,98, 6,1
pretrain_pass2.txt,98,50,1
pretrain_pass2.txt,98, 7,1
pretrain_pass2.txt,98,",",2
pretrain_pass2.txt,98,20,1
pretrain_pass2.txt,98, 5,1
pretrain_pass2.txt,98,00,1
pretrain_pass2.txt,98, 8,1
pretrain_pass2.txt,98,.,1
pretrain_pass2.txt,98, 12,1
pretrain_pass2.txt,98,",000",1
pretrain_pass2.txt,98, 9,1
pretrain_pass2.txt,98,88,1
pretrain_pass2.txt,98, 10,1
pretrain_pass2.txt,98,12,1
pretrain_pass2.txt,99,23,1
pretrain_pass2.txt,99,7,2
pretrain_pass2.txt,99, |,9
pretrain_pass2.txt,99,|,9
pretrain_pass2.txt,99,2,1
pretrain_pass2.txt,99,1,2
pretrain_pass2.txt,99,9,2
pretrain_pass2.txt,99,3,1
pretrain_pass2.txt,99,5,1
pretrain_pass2.txt,99,6,1
pretrain_pass2.txt,99,4,1
pretrain_pass2.txt,99,0,1
pretrain_pass2.txt,99,8,2
pretrain_pass2.txt,99,30,1
pretrain_pass2.txt,99,10,1
pretrain_pass2.txt,99,12,1
pretrain_pass2.txt,99,20,1
pretrain_pass2.txt,99,22,1
pretrain_pass2.txt,99,50,1
pretrain_pass2.txt,99,88,1
pretrain_pass2.txt,99,00,1
pretrain_pass2.txt,99,",000",1
pretrain_pass2.txt,100,23,1
pretrain_pass2.txt,100,9,1
pretrain_pass2.txt,100, |,263
pretrain_pass2.txt,100,|,265
pretrain_pass2.txt,100,4,485
pretrain_pass2.txt,100,7,1
pretrain_pass2.txt,100,3,5
pretrain_pass2.txt,100,0,3
pretrain_pass2.txt,100,1,263
pretrain_pass2.txt,100,8,4
pretrain_pass2.txt,100,5,10
pretrain_pass2.txt,100,6,3
pretrain_pass2.txt,100,2,3
pretrain_pass2.txt,100,10,1
pretrain_pass2.txt,100,30,1
pretrain_pass2.txt,100,12,1
pretrain_pass2.txt,100,20,1
pretrain_pass2.txt,100,50,1
pretrain_pass2.txt,100,00,1
pretrain_pass2.txt,100,22,1
pretrain_pass2.txt,100,88,1
pretrain_pass2.txt,100,||,1
pretrain_pass2.txt,100, 1,1
pretrain_pass2.txt,101,23,1
pretrain_pass2.txt,101,7,1
pretrain_pass2.txt,101, |,11
pretrain_pass2.txt,101,|,11
pretrain_pass2.txt,101, 0,1
pretrain_pass2.txt,101,1,1
pretrain_pass2.txt,101,5,1
pretrain_pass2.txt,101, 2,1
pretrain_pass2.txt,101,9,1
pretrain_pass2.txt,101,6,1
pretrain_pass2.txt,101, 3,1
pretrain_pass2.txt,101,3,1
pretrain_pass2.txt,101,4,2
pretrain_pass2.txt,101, 1,1
pretrain_pass2.txt,101,8,1
pretrain_pass2.txt,101,2,1
pretrain_pass2.txt,101, 4,1
pretrain_pass2.txt,101,0,1
pretrain_pass2.txt,101, 6,1
pretrain_pass2.txt,101,50,1
pretrain_pass2.txt,101, 5,1
pretrain_pass2.txt,101,00,1
pretrain_pass2.txt,101, 7,1
pretrain_pass2.txt,101,20,1
pretrain_pass2.txt,101, 8,1
pretrain_pass2.txt,101,30,1
pretrain_pass2.txt,101, 9,1
pretrain_pass2.txt,101,88,1
pretrain_pass2.txt,101, 10,1
pretrain_pass2.txt,101,",",1
pretrain_pass2.txt,101,22,1
pretrain_pass2.txt,102,23,1
pretrain_pass2.txt,102,",",3
pretrain_pass2.txt,102,1,1
pretrain_pass2.txt,102,7,1
pretrain_pass2.txt,102,9,1
pretrain_pass2.txt,102, |,2
pretrain_pass2.txt,102,←,3
pretrain_pass2.txt,102,:,3
pretrain_pass2.txt,102, “,1
pretrain_pass2.txt,102,”,1
pretrain_pass2.txt,102, (,2
pretrain_pass2.txt,102,-,2
pretrain_pass2.txt,102,),2
pretrain_pass2.txt,103,23,1
pretrain_pass2.txt,103,1,2
pretrain_pass2.txt,103, |,8
pretrain_pass2.txt,103,|,7
pretrain_pass2.txt,103,2,1
pretrain_pass2.txt,103,4,1
pretrain_pass2.txt,103,3,1
pretrain_pass2.txt,103,5,1
pretrain_pass2.txt,103,6,1
pretrain_pass2.txt,103,8,1
pretrain_pass2.txt,103,7,1
pretrain_pass2.txt,103,0,3
pretrain_pass2.txt,103,9,3
pretrain_pass2.txt,103,12,1
pretrain_pass2.txt,103,20,1
pretrain_pass2.txt,103,10,1
pretrain_pass2.txt,103,50,1
pretrain_pass2.txt,103,201,1
pretrain_pass2.txt,103,:,2
pretrain_pass2.txt,103, 1,1
pretrain_pass2.txt,103,30,1
pretrain_pass2.txt,103,",",2
pretrain_pass2.txt,103,88,1
pretrain_pass2.txt,103, T,1
pretrain_pass2.txt,103,od,1
pretrain_pass2.txt,103,ay,1
pretrain_pass2.txt,103, 2,1
pretrain_pass2.txt,103,22,1
pretrain_pass2.txt,103,||,1
pretrain_pass2.txt,103,+,1
pretrain_pass2.txt,103,00,1
pretrain_pass2.txt,103,%,1
pretrain_pass2.txt,103, 5,1
pretrain_pass2.txt,103,000,1
pretrain_pass2.txt,103,-,1
pretrain_pass2.txt,103,M,1
pretrain_pass2.txt,103,B,1
pretrain_pass2.txt,103,R,1
pretrain_pass2.txt,103,E,1
pretrain_pass2.txt,103,A,1
pretrain_pass2.txt,103,K,1
pretrain_pass2.txt,103,H,1
pretrain_pass2.txt,103,z,1
pretrain_pass2.txt,103,N,1
pretrain_pass2.txt,103,g,1
pretrain_pass2.txt,103,T,1
pretrain_pass2.txt,103,ER,1
pretrain_pass2.txt,104,ad,2
pretrain_pass2.txt,104,m,2
pretrain_pass2.txt,104,in,2
pretrain_pass2.txt,104, -,2
pretrain_pass2.txt,104, 2,1
pretrain_pass2.txt,104,2,1
pretrain_pass2.txt,104,9,1
pretrain_pass2.txt,104,3,1
pretrain_pass2.txt,104,7,1
pretrain_pass2.txt,104, «,1
pretrain_pass2.txt,104,»,1
pretrain_pass2.txt,104, |,1
pretrain_pass2.txt,104,|,1
pretrain_pass2.txt,104, 3,1
pretrain_pass2.txt,104,1,1
pretrain_pass2.txt,104,4,1
pretrain_pass2.txt,104,8,1
pretrain_pass2.txt,104,6,1
pretrain_pass2.txt,104, (,1
pretrain_pass2.txt,104,",",3
pretrain_pass2.txt,104,),1
pretrain_pass2.txt,105,23,1
pretrain_pass2.txt,105,-,5
pretrain_pass2.txt,105,J,2
pretrain_pass2.txt,105,un,1
pretrain_pass2.txt,105,-1,1
pretrain_pass2.txt,105,7,1
pretrain_pass2.txt,105, |,3
pretrain_pass2.txt,105,|,3
pretrain_pass2.txt,105,1,1
pretrain_pass2.txt,105,6,1
pretrain_pass2.txt,105,an,1
pretrain_pass2.txt,105,-2,1
pretrain_pass2.txt,105,5,1
pretrain_pass2.txt,105,2,1
pretrain_pass2.txt,105,8,1
pretrain_pass2.txt,105,M,1
pretrain_pass2.txt,105,ay,1
pretrain_pass2.txt,105,-0,1
pretrain_pass2.txt,105,4,1
pretrain_pass2.txt,105,3,1
pretrain_pass2.txt,105,9,1
pretrain_pass2.txt,105,B,2
pretrain_pass2.txt,105,E,1
pretrain_pass2.txt,105,T,1
pretrain_pass2.txt,105,A,1
pretrain_pass2.txt,105,N,1
pretrain_pass2.txt,105,C,1
pretrain_pass2.txt,105,H,1
pretrain_pass2.txt,105,I,1
pretrain_pass2.txt,105,S,1
pretrain_pass2.txt,105,O,1
pretrain_pass2.txt,105,R,1
pretrain_pass2.txt,105, C,1
pretrain_pass2.txt,105,L,1
pretrain_pass2.txt,105,U,1
pretrain_pass2.txt,105, A,1
pretrain_pass2.txt,105,G,2
pretrain_pass2.txt,105,ER,1
pretrain_pass2.txt,105,IN,1
pretrain_pass2.txt,105, B,1
pretrain_pass2.txt,105,Y,1
pretrain_pass2.txt,105,D,1
pretrain_pass2.txt,105,||,1
pretrain_pass2.txt,105,0,1
pretrain_pass2.txt,105,.,3
pretrain_pass2.txt,105,00,1
pretrain_pass2.txt,105,%,1
pretrain_pass2.txt,105, M,1
pretrain_pass2.txt,105,V,1
pretrain_pass2.txt,105,P,1
pretrain_pass2.txt,105, L,1
pretrain_pass2.txt,105,in,2
pretrain_pass2.txt,105,k,1
pretrain_pass2.txt,105, :,1
pretrain_pass2.txt,105,#,1
pretrain_pass2.txt,105,12,1
pretrain_pass2.txt,105,K,1
pretrain_pass2.txt,105,h,1
pretrain_pass2.txt,105,mer,1
pretrain_pass2.txt,105,_,1
pretrain_pass2.txt,105,F,1
pretrain_pass2.txt,105,or,2
pretrain_pass2.txt,105,m,1
pretrain_pass2.txt,105,at,1
pretrain_pass2.txt,105,ch,1
pretrain_pass2.txt,105,n,3
pretrain_pass2.txt,105,is,1
pretrain_pass2.txt,105,ex,2
pretrain_pass2.txt,105,t,1
pretrain_pass2.txt,105,r,1
pretrain_pass2.txt,105,ack,1
pretrain_pass2.txt,105,ing,2
pretrain_pass2.txt,105, P,1
pretrain_pass2.txt,105,o,1
pretrain_pass2.txt,105,ol,1
pretrain_pass2.txt,105,s,1
pretrain_pass2.txt,105, and,1
pretrain_pass2.txt,105, T,1
pretrain_pass2.txt,105,ra,1
pretrain_pass2.txt,105, S,1
pretrain_pass2.txt,105,y,2
pretrain_pass2.txt,105,st,2
pretrain_pass2.txt,105,em,1
pretrain_pass2.txt,105, in,1
pretrain_pass2.txt,105, the,1
pretrain_pass2.txt,105, c,1
pretrain_pass2.txt,105,oun,1
pretrain_pass2.txt,105,ter,1
pretrain_pass2.txt,105, of,1
pretrain_pass2.txt,105, s,1
pretrain_pass2.txt,105,el,1
pretrain_pass2.txt,105,ect,1
pretrain_pass2.txt,105,ion,1
pretrain_pass2.txt,105,",",1
pretrain_pass2.txt,105, w,1
pretrain_pass2.txt,105,ith,1
pretrain_pass2.txt,105,out,1
pretrain_pass2.txt,105, p,1
pretrain_pass2.txt,105,ro,1
pretrain_pass2.txt,105,d,1
pretrain_pass2.txt,105,uc,1
pretrain_pass2.txt,105,ed,1
pretrain_pass2.txt,105, b,1
pretrain_pass2.txt,105, f,1
pretrain_pass2.txt,105,ir,1
pretrain_pass2.txt,105,am,2
pretrain_pass2.txt,105,e,2
pretrain_pass2.txt,105,l,1
pretrain_pass2.txt,105,ast,1
pretrain_pass2.txt,105,@,1
pretrain_pass2.txt,105,amp,1
pretrain_pass2.txt,105,le,1
pretrain_pass2.txt,105,g,1
pretrain_pass2.txt,106,23,1
pretrain_pass2.txt,106,9,1
pretrain_pass2.txt,106, |,318
pretrain_pass2.txt,106,|,319
pretrain_pass2.txt,106,1,311
pretrain_pass2.txt,106,4,4
pretrain_pass2.txt,106,0,1
pretrain_pass2.txt,106,2,1
pretrain_pass2.txt,106,8,6
pretrain_pass2.txt,106,6,2
pretrain_pass2.txt,106,3,3
pretrain_pass2.txt,106,7,2
pretrain_pass2.txt,106,5,3
pretrain_pass2.txt,106,30,1
pretrain_pass2.txt,106,10,1
pretrain_pass2.txt,106,12,1
pretrain_pass2.txt,106,22,1
pretrain_pass2.txt,106,50,1
pretrain_pass2.txt,106,20,1
pretrain_pass2.txt,106,00,1
pretrain_pass2.txt,106,88,305
pretrain_pass2.txt,106,||,1
pretrain_pass2.txt,106,E,1
pretrain_pass2.txt,106,i,1
pretrain_pass2.txt,106, 1,1
pretrain_pass2.txt,107,23,1
pretrain_pass2.txt,107,9,1
pretrain_pass2.txt,107, |,12
pretrain_pass2.txt,107,|,12
pretrain_pass2.txt,107, 1,2
pretrain_pass2.txt,107,4,1
pretrain_pass2.txt,107,0,3
pretrain_pass2.txt,107, 2,1
pretrain_pass2.txt,107,8,1
pretrain_pass2.txt,107,1,1
pretrain_pass2.txt,107, 3,1
pretrain_pass2.txt,107,6,2
pretrain_pass2.txt,107,3,1
pretrain_pass2.txt,107, 4,1
pretrain_pass2.txt,107,7,1
pretrain_pass2.txt,107,2,1
pretrain_pass2.txt,107, 7,1
pretrain_pass2.txt,107,5,1
pretrain_pass2.txt,107, 6,1
pretrain_pass2.txt,107,50,1
pretrain_pass2.txt,107, 8,1
pretrain_pass2.txt,107,10,1
pretrain_pass2.txt,107, 5,1
pretrain_pass2.txt,107,00,1
pretrain_pass2.txt,107, 10,1
pretrain_pass2.txt,107,30,1
pretrain_pass2.txt,107, 9,1
pretrain_pass2.txt,107,88,1
pretrain_pass2.txt,107, 11,1
pretrain_pass2.txt,107,",",1
pretrain_pass2.txt,107,20,1
pretrain_pass2.txt,108,23,2
pretrain_pass2.txt,108,8,1
pretrain_pass2.txt,108, |,6
pretrain_pass2.txt,108,|,6
pretrain_pass2.txt,108,9,1
pretrain_pass2.txt,108, «,1
pretrain_pass2.txt,108,»,1
pretrain_pass2.txt,108, 1,1
pretrain_pass2.txt,108,4,1
pretrain_pass2.txt,108,1,1
pretrain_pass2.txt,108, (,1
pretrain_pass2.txt,108,V,1
pretrain_pass2.txt,108,ide,2
pretrain_pass2.txt,108,o,1
pretrain_pass2.txt,108, in,1
pretrain_pass2.txt,108,s,1
pretrain_pass2.txt,108,),1
pretrain_pass2.txt,108, 15,1
pretrain_pass2.txt,108,2,1
pretrain_pass2.txt,109,23,1
pretrain_pass2.txt,109, |,12
pretrain_pass2.txt,109,|,12
pretrain_pass2.txt,109, 2,1
pretrain_pass2.txt,109,1,1
pretrain_pass2.txt,109,8,3
pretrain_pass2.txt,109, 3,1
pretrain_pass2.txt,109,3,1
pretrain_pass2.txt,109,9,3
pretrain_pass2.txt,109, 1,1
pretrain_pass2.txt,109,4,1
pretrain_pass2.txt,109,6,1
pretrain_pass2.txt,109, 4,1
pretrain_pass2.txt,109,5,1
pretrain_pass2.txt,109,7,1
pretrain_pass2.txt,109, 7,1
pretrain_pass2.txt,109,2,1
pretrain_pass2.txt,109, 6,1
pretrain_pass2.txt,109,0,1
pretrain_pass2.txt,109, 5,1
pretrain_pass2.txt,109,00,1
pretrain_pass2.txt,109, 8,1
pretrain_pass2.txt,109,10,1
pretrain_pass2.txt,109, 9,1
pretrain_pass2.txt,109,30,1
pretrain_pass2.txt,109, 10,1
pretrain_pass2.txt,109,20,1
pretrain_pass2.txt,109,88,1
pretrain_pass2.txt,109, 11,1
pretrain_pass2.txt,109,",",1
pretrain_pass2.txt,109,22,1
pretrain_pass2.txt,110,23,1
pretrain_pass2.txt,110, |,3
pretrain_pass2.txt,110,|,1
pretrain_pass2.txt,110, 2,1
pretrain_pass2.txt,110,1,1
pretrain_pass2.txt,110,-,2
pretrain_pass2.txt,110,20,1
pretrain_pass2.txt,110,22,1
pretrain_pass2.txt,110, 1,1
pretrain_pass2.txt,110,4,1
pretrain_pass2.txt,110,:,1
pretrain_pass2.txt,110,2,1
pretrain_pass2.txt,110,8,1
pretrain_pass2.txt,110, J,2
pretrain_pass2.txt,110,os,2
pretrain_pass2.txt,110,e,2
pretrain_pass2.txt,110, R,2
pretrain_pass2.txt,110,od,2
pretrain_pass2.txt,110,r,2
pretrain_pass2.txt,110,ig,2
pretrain_pass2.txt,110,ue,2
pretrain_pass2.txt,110,z,2
pretrain_pass2.txt,110, Bar,1
pretrain_pass2.txt,110,ri,1
pretrain_pass2.txt,110,ar,1
pretrain_pass2.txt,110,a,1
pretrain_pass2.txt,110, U,1
pretrain_pass2.txt,110,N,1
pretrain_pass2.txt,110,ID,1
pretrain_pass2.txt,110,O,1
pretrain_pass2.txt,110, «,1
pretrain_pass2.txt,110,»,1
pretrain_pass2.txt,111,23,1
pretrain_pass2.txt,111,7,1
pretrain_pass2.txt,111, |,86
pretrain_pass2.txt,111,|,87
pretrain_pass2.txt,111,1,78
pretrain_pass2.txt,111,4,2
pretrain_pass2.txt,111,2,73
pretrain_pass2.txt,111,20,1
pretrain_pass2.txt,111,3,1
pretrain_pass2.txt,111,10,4
pretrain_pass2.txt,111,8,3
pretrain_pass2.txt,111,12,1
pretrain_pass2.txt,111,9,1
pretrain_pass2.txt,111,0,1
pretrain_pass2.txt,111,6,2
pretrain_pass2.txt,111,5,2
pretrain_pass2.txt,111,30,1
pretrain_pass2.txt,111,201,1
pretrain_pass2.txt,111,50,1
pretrain_pass2.txt,111,00,1
pretrain_pass2.txt,111,000,1
pretrain_pass2.txt,111,",000",1
pretrain_pass2.txt,111,",",73
pretrain_pass2.txt,111,22,1
pretrain_pass2.txt,111,||,1
pretrain_pass2.txt,111,88,72
pretrain_pass2.txt,112,23,1
pretrain_pass2.txt,112,",",1
pretrain_pass2.txt,112, 2018,1
pretrain_pass2.txt,112, |,1
pretrain_pass2.txt,112, 0,1
pretrain_pass2.txt,112,|,1
pretrain_pass2.txt,112, 1,1
pretrain_pass2.txt,112,F,1
pretrain_pass2.txt,112,C,1
pretrain_pass2.txt,112,-,1
pretrain_pass2.txt,112,7,1
pretrain_pass2.txt,112,1,1
pretrain_pass2.txt,112,6,1
pretrain_pass2.txt,112,4,1
pretrain_pass2.txt,113,23,1
pretrain_pass2.txt,113,8,1
pretrain_pass2.txt,113, |,1
pretrain_pass2.txt,113,|,1
pretrain_pass2.txt,113,2,1
pretrain_pass2.txt,113,1,1
pretrain_pass2.txt,113,7,1
pretrain_pass2.txt,114,23,1
pretrain_pass2.txt,114,9,1
pretrain_pass2.txt,114, |,1
pretrain_pass2.txt,114,|,1
pretrain_pass2.txt,114,88,1
pretrain_pass2.txt,114,8,1
pretrain_pass2.txt,115,23,1
pretrain_pass2.txt,115, |,11
pretrain_pass2.txt,115,|,11
pretrain_pass2.txt,115, 2,1
pretrain_pass2.txt,115,1,1
pretrain_pass2.txt,115, 3,1
pretrain_pass2.txt,115,2,1
pretrain_pass2.txt,115, 4,1
pretrain_pass2.txt,115,4,1
pretrain_pass2.txt,115, 1,1
pretrain_pass2.txt,115,3,1
pretrain_pass2.txt,115,5,1
pretrain_pass2.txt,115, 5,1
pretrain_pass2.txt,115,8,1
pretrain_pass2.txt,115, 6,1
pretrain_pass2.txt,115,6,1
pretrain_pass2.txt,115, 7,1
pretrain_pass2.txt,115,7,2
pretrain_pass2.txt,115, 8,1
pretrain_pass2.txt,115,9,2
pretrain_pass2.txt,115, 9,1
pretrain_pass2.txt,115,0,1
pretrain_pass2.txt,115, 10,1
pretrain_pass2.txt,115, 12,1
pretrain_pass2.txt,116,23,1
pretrain_pass2.txt,116,8,1
pretrain_pass2.txt,116, |,1
pretrain_pass2.txt,116,|,1
pretrain_pass2.txt,116,1,1
pretrain_pass2.txt,116,3,1
pretrain_pass2.txt,116,9,1
pretrain_pass2.txt,117,23,1
pretrain_pass2.txt,117,1,4
pretrain_pass2.txt,117, |,252
pretrain_pass2.txt,117,|,252
pretrain_pass2.txt,117, 2,2
pretrain_pass2.txt,117,2,235
pretrain_pass2.txt,117,9,207
pretrain_pass2.txt,117, 1,234
pretrain_pass2.txt,117,4,2
pretrain_pass2.txt,117,6,1
pretrain_pass2.txt,117, 19,1
pretrain_pass2.txt,117,3,1
pretrain_pass2.txt,117, 20,1
pretrain_pass2.txt,117,0,1
pretrain_pass2.txt,117, 3,1
pretrain_pass2.txt,117,7,1
pretrain_pass2.txt,117,8,6
pretrain_pass2.txt,117, 4,1
pretrain_pass2.txt,117,5,1
pretrain_pass2.txt,117, 7,1
pretrain_pass2.txt,117,88,1
pretrain_pass2.txt,117, 6,1
pretrain_pass2.txt,117,30,1
pretrain_pass2.txt,117, 5,1
pretrain_pass2.txt,117,00,1
pretrain_pass2.txt,117, 9,1
pretrain_pass2.txt,117,50,1
pretrain_pass2.txt,117, 10,1
pretrain_pass2.txt,117,",",239
pretrain_pass2.txt,117,10,1
pretrain_pass2.txt,117, 11,1
pretrain_pass2.txt,117,.,1
pretrain_pass2.txt,117,12,1
pretrain_pass2.txt,117, 12,2
pretrain_pass2.txt,117,20,1
pretrain_pass2.txt,117, 15,1
pretrain_pass2.txt,117,22,1
pretrain_pass2.txt,117, 0,1
pretrain_pass2.txt,117,||,1
pretrain_pass2.txt,118,23,1
pretrain_pass2.txt,118,9,422
pretrain_pass2.txt,118, |,297
pretrain_pass2.txt,118,|,299
pretrain_pass2.txt,118,1,277
pretrain_pass2.txt,118,8,5
pretrain_pass2.txt,118,6,2
pretrain_pass2.txt,118,4,5
pretrain_pass2.txt,118,0,5
pretrain_pass2.txt,118,2,3
pretrain_pass2.txt,118,5,1
pretrain_pass2.txt,118,7,1
pretrain_pass2.txt,118,3,1
pretrain_pass2.txt,118,50,1
pretrain_pass2.txt,118,10,1
pretrain_pass2.txt,118,12,1
pretrain_pass2.txt,118,30,1
pretrain_pass2.txt,118,20,2
pretrain_pass2.txt,118,201,1
pretrain_pass2.txt,118,22,1
pretrain_pass2.txt,118,00,4
pretrain_pass2.txt,118,",000",1
pretrain_pass2.txt,118,",",224
pretrain_pass2.txt,118,88,1
pretrain_pass2.txt,118,000,1
pretrain_pass2.txt,118,||,1
pretrain_pass2.txt,118,F,1
pretrain_pass2.txt,118,r,1
pretrain_pass2.txt,118,om,1
pretrain_pass2.txt,118, 3,1
pretrain_pass2.txt,118, 1,1
pretrain_pass2.txt,118, 2,1
pretrain_pass2.txt,118,_,1
pretrain_pass2.txt,118,<,1
pretrain_pass2.txt,119,23,1
pretrain_pass2.txt,119,-0,1
pretrain_pass2.txt,119,7,1
pretrain_pass2.txt,119,-,2
pretrain_pass2.txt,119,201,1
pretrain_pass2.txt,119,6,1
pretrain_pass2.txt,119, |,2
pretrain_pass2.txt,119,|,2
pretrain_pass2.txt,119,2,2
pretrain_pass2.txt,119,1,1
pretrain_pass2.txt,119,-03,1
pretrain_pass2.txt,119,-1,1
pretrain_pass2.txt,119,5,1
pretrain_pass2.txt,119, 1,1
pretrain_pass2.txt,119,4,1
pretrain_pass2.txt,119,:,2
pretrain_pass2.txt,119,3,1
pretrain_pass2.txt,119,8,1
pretrain_pass2.txt,119,0,1
pretrain_pass2.txt,119,9,1
pretrain_pass2.txt,119,20,1
pretrain_pass2.txt,119, (,1
pretrain_pass2.txt,119,),1
pretrain_pass2.txt,119,.,5
pretrain_pass2.txt,119,",",2
pretrain_pass2.txt,119," ,",1
pretrain_pass2.txt,120,23,1
pretrain_pass2.txt,120,7,1
pretrain_pass2.txt,120, |,356
pretrain_pass2.txt,120,|,363
pretrain_pass2.txt,120,4,3
pretrain_pass2.txt,120,5,2
pretrain_pass2.txt,120,1,350
pretrain_pass2.txt,120,3,3
pretrain_pass2.txt,120,6,1
pretrain_pass2.txt,120,2,7
pretrain_pass2.txt,120,0,1
pretrain_pass2.txt,120,8,8
pretrain_pass2.txt,120,9,4
pretrain_pass2.txt,120,00,1
pretrain_pass2.txt,120,10,3
pretrain_pass2.txt,120,20,1
pretrain_pass2.txt,120,12,1
pretrain_pass2.txt,120,22,1
pretrain_pass2.txt,120,50,1
pretrain_pass2.txt,120,30,1
pretrain_pass2.txt,120,88,338
pretrain_pass2.txt,120,201,1
pretrain_pass2.txt,120,||,1
pretrain_pass2.txt,120, 1,1
pretrain_pass2.txt,120, 2,1
pretrain_pass2.txt,121,ad,1
pretrain_pass2.txt,121,m,1
pretrain_pass2.txt,121,in,1
pretrain_pass2.txt,121, |,1
pretrain_pass2.txt,121,|,1
pretrain_pass2.txt,121, 2,1
pretrain_pass2.txt,121,2,1
pretrain_pass2.txt,121,8,1
pretrain_pass2.txt,121,9,1
pretrain_pass2.txt,122,23,1
pretrain_pass2.txt,122,1,47
pretrain_pass2.txt,122, |,53
pretrain_pass2.txt,122,|,53
pretrain_pass2.txt,122,4,2
pretrain_pass2.txt,122,9,2
pretrain_pass2.txt,122,2,1
pretrain_pass2.txt,122,5,42
pretrain_pass2.txt,122,7,1
pretrain_pass2.txt,122,3,1
pretrain_pass2.txt,122,6,1
pretrain_pass2.txt,122,8,1
pretrain_pass2.txt,122,0,1
pretrain_pass2.txt,122,50,1
pretrain_pass2.txt,122,10,1
pretrain_pass2.txt,122,20,1
pretrain_pass2.txt,122,22,1
pretrain_pass2.txt,122,30,1
pretrain_pass2.txt,122,12,1
pretrain_pass2.txt,122,201,1
pretrain_pass2.txt,122,00,42
pretrain_pass2.txt,122,000,1
pretrain_pass2.txt,122,",000",1
pretrain_pass2.txt,122,",",41
pretrain_pass2.txt,122, 1,1
pretrain_pass2.txt,123,23,1
pretrain_pass2.txt,123,9,1
pretrain_pass2.txt,123, |,1
pretrain_pass2.txt,123,|,1
pretrain_pass2.txt,123,88,1
pretrain_pass2.txt,123,8,1
pretrain_pass2.txt,124,23,1
pretrain_pass2.txt,124,-,2
pretrain_pass2.txt,124,J,1
pretrain_pass2.txt,124,an,1
pretrain_pass2.txt,124,201,1
pretrain_pass2.txt,124,7,1
pretrain_pass2.txt,124, 8,1
pretrain_pass2.txt,124,:,2
pretrain_pass2.txt,124,0,1
pretrain_pass2.txt,124,4,1
pretrain_pass2.txt,124,am,1
pretrain_pass2.txt,124,...,1
pretrain_pass2.txt,124, -,1
pretrain_pass2.txt,124, 1,1
pretrain_pass2.txt,124,8,1
pretrain_pass2.txt,124,/0,1
pretrain_pass2.txt,124,1,1
pretrain_pass2.txt,124,/,1
pretrain_pass2.txt,124,2023,1
pretrain_pass2.txt,124, 5,1
pretrain_pass2.txt,124,3,1
pretrain_pass2.txt,124,9,1
pretrain_pass2.txt,124, p,1
pretrain_pass2.txt,124,m,1
pretrain_pass2.txt,124, U,1
pretrain_pass2.txt,124,N,1
pretrain_pass2.txt,124,D,1
pretrain_pass2.txt,124,P,2
pretrain_pass2.txt,124, (,1
pretrain_pass2.txt,124,E,1
pretrain_pass2.txt,124,S,1
pretrain_pass2.txt,124,C,1
pretrain_pass2.txt,124,A,1
pretrain_pass2.txt,124,),1
pretrain_pass2.txt,124,.,4
pretrain_pass2.txt,124,",",1
pretrain_pass2.txt,124,%,1
pretrain_pass2.txt,125,23,1
pretrain_pass2.txt,125,9,1
pretrain_pass2.txt,125, |,4
pretrain_pass2.txt,125,|,4
pretrain_pass2.txt,125,4,1
pretrain_pass2.txt,125,5,1
pretrain_pass2.txt,125,2,1
pretrain_pass2.txt,125,1,1
pretrain_pass2.txt,125,7,1
pretrain_pass2.txt,125,6,1
pretrain_pass2.txt,125,3,1
pretrain_pass2.txt,125,8,1
pretrain_pass2.txt,125,0,1
pretrain_pass2.txt,125,12,1
pretrain_pass2.txt,125,50,1
pretrain_pass2.txt,126,23,2
pretrain_pass2.txt,126,9,1
pretrain_pass2.txt,126, |,11
pretrain_pass2.txt,126,|,11
pretrain_pass2.txt,126,0,1
pretrain_pass2.txt,126, 2,1
pretrain_pass2.txt,126,2,1
pretrain_pass2.txt,126,4,1
pretrain_pass2.txt,126, 3,1
pretrain_pass2.txt,126,5,1
pretrain_pass2.txt,126,6,1
pretrain_pass2.txt,126, 1,1
pretrain_pass2.txt,126,8,1
pretrain_pass2.txt,126,3,1
pretrain_pass2.txt,126, 4,1
pretrain_pass2.txt,126,7,1
pretrain_pass2.txt,126,1,1
pretrain_pass2.txt,126, 6,1
pretrain_pass2.txt,126,10,1
pretrain_pass2.txt,126, 7,1
pretrain_pass2.txt,126,20,1
pretrain_pass2.txt,126, 9,1
pretrain_pass2.txt,126,00,1
pretrain_pass2.txt,126, 8,1
pretrain_pass2.txt,126,50,1
pretrain_pass2.txt,126, 5,1
pretrain_pass2.txt,126,30,1
pretrain_pass2.txt,126, 10,1
pretrain_pass2.txt,126,",000",1
pretrain_pass2.txt,127,23,1
pretrain_pass2.txt,127,",",1
pretrain_pass2.txt,127,7,1
pretrain_pass2.txt,127,0,1
pretrain_pass2.txt,127,9,1
pretrain_pass2.txt,127, |,1
pretrain_pass2.txt,128,23,1
pretrain_pass2.txt,128,9,1
pretrain_pass2.txt,128, |,13
pretrain_pass2.txt,128,|,13
pretrain_pass2.txt,128, 2,1
pretrain_pass2.txt,128,2,1
pretrain_pass2.txt,128,4,1
pretrain_pass2.txt,128, 1,1
pretrain_pass2.txt,128,8,1
pretrain_pass2.txt,128,5,1
pretrain_pass2.txt,128, 19,2
pretrain_pass2.txt,128,6,2
pretrain_pass2.txt,128, 20,1
pretrain_pass2.txt,128,7,1
pretrain_pass2.txt,128, 3,1
pretrain_pass2.txt,128,1,1
pretrain_pass2.txt,128,3,1
pretrain_pass2.txt,128,0,1
pretrain_pass2.txt,128, 4,1
pretrain_pass2.txt,128,20,1
pretrain_pass2.txt,128, 5,1
pretrain_pass2.txt,128,50,1
pretrain_pass2.txt,128, 6,1
pretrain_pass2.txt,128,00,1
pretrain_pass2.txt,128, 7,1
pretrain_pass2.txt,128,30,1
pretrain_pass2.txt,128, 8,1
pretrain_pass2.txt,128,10,1
pretrain_pass2.txt,128, 9,1
pretrain_pass2.txt,128,88,1
pretrain_pass2.txt,128, 10,1
pretrain_pass2.txt,128,",",1
pretrain_pass2.txt,128,22,1
pretrain_pass2.txt,129,23,2
pretrain_pass2.txt,129,8,1
pretrain_pass2.txt,129, |,2
pretrain_pass2.txt,129,|,2
pretrain_pass2.txt,129,9,1
pretrain_pass2.txt,129,-,1
pretrain_pass2.txt,129, (,1
pretrain_pass2.txt,129,V,1
pretrain_pass2.txt,129,ide,1
pretrain_pass2.txt,129,o,1
pretrain_pass2.txt,129,),1
pretrain_pass2.txt,130,23,2
pretrain_pass2.txt,130,1,3
pretrain_pass2.txt,130, |,267
pretrain_pass2.txt,130,|,267
pretrain_pass2.txt,130, 0,1
pretrain_pass2.txt,130,2,2
pretrain_pass2.txt,130,6,2
pretrain_pass2.txt,130, 1,246
pretrain_pass2.txt,130,4,1
pretrain_pass2.txt,130,7,1
pretrain_pass2.txt,130, 2,1
pretrain_pass2.txt,130,9,249
pretrain_pass2.txt,130,8,3
pretrain_pass2.txt,130, 3,1
pretrain_pass2.txt,130,3,2
pretrain_pass2.txt,130,5,1
pretrain_pass2.txt,130, 4,1
pretrain_pass2.txt,130,0,209
pretrain_pass2.txt,130, 5,1
pretrain_pass2.txt,130,12,1
pretrain_pass2.txt,130, 6,2
pretrain_pass2.txt,130,10,1
pretrain_pass2.txt,130, 7,1
pretrain_pass2.txt,130,20,1
pretrain_pass2.txt,130, 8,1
pretrain_pass2.txt,130,50,1
pretrain_pass2.txt,130, 9,2
pretrain_pass2.txt,130,88,1
pretrain_pass2.txt,130, 10,1
pretrain_pass2.txt,130,",",252
pretrain_pass2.txt,130,00,1
pretrain_pass2.txt,130, 12,1
pretrain_pass2.txt,130,30,1
pretrain_pass2.txt,130, 11,1
pretrain_pass2.txt,130,22,1
pretrain_pass2.txt,130, 100,1
pretrain_pass2.txt,130, 20,1
pretrain_pass2.txt,130, 15,1
pretrain_pass2.txt,130, 24,1
pretrain_pass2.txt,130, 19,1
pretrain_pass2.txt,130,.,2
pretrain_pass2.txt,130,||,1
pretrain_pass2.txt,131,+,1
pretrain_pass2.txt,131, |,2
pretrain_pass2.txt,131,|,3
pretrain_pass2.txt,131,=,1
pretrain_pass2.txt,131,>,1
pretrain_pass2.txt,131,",",1
pretrain_pass2.txt,131,%,281
pretrain_pass2.txt,131,||,277
pretrain_pass2.txt,131,.,254
pretrain_pass2.txt,131,-,1
pretrain_pass2.txt,131, -,1
pretrain_pass2.txt,131,(,1
pretrain_pass2.txt,131,),1
pretrain_pass2.txt,132,23,1
pretrain_pass2.txt,132,8,1
pretrain_pass2.txt,132, |,1
pretrain_pass2.txt,132,|,1
pretrain_pass2.txt,133,23,1
pretrain_pass2.txt,133,",",1
pretrain_pass2.txt,133,2,1
pretrain_pass2.txt,133,9,1
pretrain_pass2.txt,133,7,1
pretrain_pass2.txt,133, |,2
pretrain_pass2.txt,134,23,1
pretrain_pass2.txt,134,8,1
pretrain_pass2.txt,134, |,1
pretrain_pass2.txt,134,|,1
pretrain_pass2.txt,134, 0,1
pretrain_pass2.txt,134,1,1
pretrain_pass2.txt,134,7,1
pretrain_pass2.txt,135,23,2
pretrain_pass2.txt,135,9,1
pretrain_pass2.txt,135, |,3
pretrain_pass2.txt,135,|,3
pretrain_pass2.txt,135,1,1
pretrain_pass2.txt,135,7,1
pretrain_pass2.txt,135,3,1
pretrain_pass2.txt,135,||,2
pretrain_pass2.txt,135,?,1
pretrain_pass2.txt,135,8,1
pretrain_pass2.txt,135,12,1
pretrain_pass2.txt,135,6,1
pretrain_pass2.txt,135, -,1
pretrain_pass2.txt,136,23,1
pretrain_pass2.txt,136, |,12
pretrain_pass2.txt,136,|,12
pretrain_pass2.txt,136, 1,1
pretrain_pass2.txt,136,4,1
pretrain_pass2.txt,136,3,1
pretrain_pass2.txt,136, 2,1
pretrain_pass2.txt,136,5,1
pretrain_pass2.txt,136,1,2
pretrain_pass2.txt,136, 3,1
pretrain_pass2.txt,136,9,1
pretrain_pass2.txt,136,6,1
pretrain_pass2.txt,136, 4,1
pretrain_pass2.txt,136,7,2
pretrain_pass2.txt,136,8,1
pretrain_pass2.txt,136, 20,1
pretrain_pass2.txt,136,0,1
pretrain_pass2.txt,136, 6,1
pretrain_pass2.txt,136,2,1
pretrain_pass2.txt,136, 8,1
pretrain_pass2.txt,136,10,1
pretrain_pass2.txt,136, 7,1
pretrain_pass2.txt,136,12,1
pretrain_pass2.txt,136, 5,1
pretrain_pass2.txt,136,30,1
pretrain_pass2.txt,136, 9,1
pretrain_pass2.txt,136, 10,1
pretrain_pass2.txt,136,20,1
pretrain_pass2.txt,136, 11,1
pretrain_pass2.txt,136,88,1
pretrain_pass2.txt,137,23,1
pretrain_pass2.txt,137,9,1
pretrain_pass2.txt,137, |,1
pretrain_pass2.txt,137,|,1
pretrain_pass2.txt,137,1,1
pretrain_pass2.txt,137,4,1
pretrain_pass2.txt,137,5,1
pretrain_pass2.txt,137,8,1
pretrain_pass2.txt,138,23,1
pretrain_pass2.txt,138,9,9
pretrain_pass2.txt,138, |,46
pretrain_pass2.txt,138,|,46
pretrain_pass2.txt,138,4,33
pretrain_pass2.txt,138,3,13
pretrain_pass2.txt,138,1,9
pretrain_pass2.txt,138,5,5
pretrain_pass2.txt,138,8,2
pretrain_pass2.txt,138,6,1
pretrain_pass2.txt,138,7,39
pretrain_pass2.txt,138,0,3
pretrain_pass2.txt,138,2,11
pretrain_pass2.txt,138,10,1
pretrain_pass2.txt,138,30,1
pretrain_pass2.txt,138,12,1
pretrain_pass2.txt,138,20,1
pretrain_pass2.txt,138,50,1
pretrain_pass2.txt,138,22,1
pretrain_pass2.txt,138,00,1
pretrain_pass2.txt,138,88,1
pretrain_pass2.txt,138, 7,1
pretrain_pass2.txt,139,23,1
pretrain_pass2.txt,139,9,1
pretrain_pass2.txt,139, |,10
pretrain_pass2.txt,139,|,10
pretrain_pass2.txt,139, 2,1
pretrain_pass2.txt,139,2,1
pretrain_pass2.txt,139,8,1
pretrain_pass2.txt,139, 3,1
pretrain_pass2.txt,139,3,1
pretrain_pass2.txt,139,6,1
pretrain_pass2.txt,139, 1,1
pretrain_pass2.txt,139,4,1
pretrain_pass2.txt,139,7,1
pretrain_pass2.txt,139, 4,1
pretrain_pass2.txt,139,5,1
pretrain_pass2.txt,139,1,1
pretrain_pass2.txt,139, 7,1
pretrain_pass2.txt,139,0,1
pretrain_pass2.txt,139, 6,1
pretrain_pass2.txt,139,50,1
pretrain_pass2.txt,139, 8,1
pretrain_pass2.txt,139,20,1
pretrain_pass2.txt,139, 5,1
pretrain_pass2.txt,139,00,1
pretrain_pass2.txt,139, 10,1
pretrain_pass2.txt,139,30,1
pretrain_pass2.txt,139, 9,1
pretrain_pass2.txt,139,88,1
pretrain_pass2.txt,140,23,1
pretrain_pass2.txt,140, |,1
pretrain_pass2.txt,140,|,1
pretrain_pass2.txt,140,4,1
pretrain_pass2.txt,140,6,1
pretrain_pass2.txt,140,.,1
pretrain_pass2.txt,140, (,1
pretrain_pass2.txt,140,T,1
pretrain_pass2.txt,140,D,1
pretrain_pass2.txt,140,S,1
pretrain_pass2.txt,140,),1
pretrain_pass2.txt,140, «,1
pretrain_pass2.txt,140,»,2
pretrain_pass2.txt,140,«,1
pretrain_pass2.txt,141,23,1
pretrain_pass2.txt,141,1,5
pretrain_pass2.txt,141, |,268
pretrain_pass2.txt,141,|,268
pretrain_pass2.txt,141,2,2
pretrain_pass2.txt,141,4,288
pretrain_pass2.txt,141,7,1
pretrain_pass2.txt,141,3,222
pretrain_pass2.txt,141,6,4
pretrain_pass2.txt,141,9,1
pretrain_pass2.txt,141,0,265
pretrain_pass2.txt,141,5,3
pretrain_pass2.txt,141,8,1
pretrain_pass2.txt,141,30,1
pretrain_pass2.txt,141,20,1
pretrain_pass2.txt,141,12,1
pretrain_pass2.txt,141,22,1
pretrain_pass2.txt,141,10,1
pretrain_pass2.txt,141,50,1
pretrain_pass2.txt,141,00,1
pretrain_pass2.txt,141,88,1
pretrain_pass2.txt,141,||,1
pretrain_pass2.txt,141,O,1
pretrain_pass2.txt,141,n,1
pretrain_pass2.txt,141,l,1
pretrain_pass2.txt,141,s,1
pretrain_pass2.txt,141,/,1
pretrain_pass2.txt,141, -,1
pretrain_pass2.txt,141,;,1
pretrain_pass2.txt,142,23,1
pretrain_pass2.txt,142,1,1
pretrain_pass2.txt,142, |,9
pretrain_pass2.txt,142,|,9
pretrain_pass2.txt,142,2,1
pretrain_pass2.txt,142,9,1
pretrain_pass2.txt,142,6,3
pretrain_pass2.txt,142,3,1
pretrain_pass2.txt,142,4,2
pretrain_pass2.txt,142,7,1
pretrain_pass2.txt,142,5,3
pretrain_pass2.txt,142,8,1
pretrain_pass2.txt,142,0,1
pretrain_pass2.txt,142,50,1
pretrain_pass2.txt,142,30,1
pretrain_pass2.txt,142,20,1
pretrain_pass2.txt,142,10,1
pretrain_pass2.txt,142,12,1
pretrain_pass2.txt,142,201,1
pretrain_pass2.txt,142,||,1
pretrain_pass2.txt,142, (,1
pretrain_pass2.txt,142,),1
pretrain_pass2.txt,143,23,1
pretrain_pass2.txt,143, |,12
pretrain_pass2.txt,143,|,12
pretrain_pass2.txt,143, 2,1
pretrain_pass2.txt,143,1,1
pretrain_pass2.txt,143, 3,1
pretrain_pass2.txt,143,2,1
pretrain_pass2.txt,143, 4,1
pretrain_pass2.txt,143,3,1
pretrain_pass2.txt,143, 6,1
pretrain_pass2.txt,143,4,1
pretrain_pass2.txt,143, 5,1
pretrain_pass2.txt,143,6,1
pretrain_pass2.txt,143, 1,1
pretrain_pass2.txt,143,7,1
pretrain_pass2.txt,143, 7,1
pretrain_pass2.txt,143,9,3
pretrain_pass2.txt,143, 8,1
pretrain_pass2.txt,143,0,1
pretrain_pass2.txt,143, 9,1
pretrain_pass2.txt,143,5,1
pretrain_pass2.txt,143, 10,1
pretrain_pass2.txt,143,8,1
pretrain_pass2.txt,143, 11,1
pretrain_pass2.txt,143, 12,1
pretrain_pass2.txt,144,23,2
pretrain_pass2.txt,144, |,21
pretrain_pass2.txt,144,|,21
pretrain_pass2.txt,144, 2,1
pretrain_pass2.txt,144,1,1
pretrain_pass2.txt,144, 3,1
pretrain_pass2.txt,144,2,1
pretrain_pass2.txt,144, 1,6
pretrain_pass2.txt,144,3,1
pretrain_pass2.txt,144, 4,1
pretrain_pass2.txt,144,4,1
pretrain_pass2.txt,144, 6,1
pretrain_pass2.txt,144,5,1
pretrain_pass2.txt,144, 5,1
pretrain_pass2.txt,144,6,3
pretrain_pass2.txt,144, 7,1
pretrain_pass2.txt,144,7,4
pretrain_pass2.txt,144, 8,1
pretrain_pass2.txt,144,0,1
pretrain_pass2.txt,144, 9,1
pretrain_pass2.txt,144,9,6
pretrain_pass2.txt,144, 10,1
pretrain_pass2.txt,144,8,2
pretrain_pass2.txt,144, 11,1
pretrain_pass2.txt,144,88,1
pretrain_pass2.txt,144, 12,1
pretrain_pass2.txt,144,30,1
pretrain_pass2.txt,144, 15,1
pretrain_pass2.txt,144,50,1
pretrain_pass2.txt,144, 19,1
pretrain_pass2.txt,144, 20,1
pretrain_pass2.txt,145,23,1
pretrain_pass2.txt,145, |,3
pretrain_pass2.txt,145,|,2
pretrain_pass2.txt,145,↑,3
pretrain_pass2.txt,146,23,2
pretrain_pass2.txt,146,9,3
pretrain_pass2.txt,146, |,21
pretrain_pass2.txt,146,|,22
pretrain_pass2.txt,146, 1,5
pretrain_pass2.txt,146,4,1
pretrain_pass2.txt,146,3,1
pretrain_pass2.txt,146, 19,1
pretrain_pass2.txt,146,5,1
pretrain_pass2.txt,146, 2,1
pretrain_pass2.txt,146,1,2
pretrain_pass2.txt,146,8,1
pretrain_pass2.txt,146, 20,1
pretrain_pass2.txt,146,6,1
pretrain_pass2.txt,146, 3,1
pretrain_pass2.txt,146,2,2
pretrain_pass2.txt,146,7,2
pretrain_pass2.txt,146, 4,1
pretrain_pass2.txt,146,0,1
pretrain_pass2.txt,146, 6,1
pretrain_pass2.txt,146,88,1
pretrain_pass2.txt,146, 5,1
pretrain_pass2.txt,146,00,1
pretrain_pass2.txt,146, 8,1
pretrain_pass2.txt,146,30,1
pretrain_pass2.txt,146, 7,2
pretrain_pass2.txt,146,50,1
pretrain_pass2.txt,146, 9,1
pretrain_pass2.txt,146, 12,1
pretrain_pass2.txt,146, 10,1
pretrain_pass2.txt,146,20,1
pretrain_pass2.txt,146, 11,1
pretrain_pass2.txt,146,12,1
pretrain_pass2.txt,146, 15,1
pretrain_pass2.txt,146,10,1
pretrain_pass2.txt,146,.,1
pretrain_pass2.txt,146, 100,1
pretrain_pass2.txt,146,000,1
pretrain_pass2.txt,146,",",1
pretrain_pass2.txt,146,22,1
pretrain_pass2.txt,146,||,1
pretrain_pass2.txt,146,",000",1
pretrain_pass2.txt,147,23,1
pretrain_pass2.txt,147,7,141
pretrain_pass2.txt,147, |,449
pretrain_pass2.txt,147,|,459
pretrain_pass2.txt,147,4,5
pretrain_pass2.txt,147,9,158
pretrain_pass2.txt,147,6,5
pretrain_pass2.txt,147,3,15
pretrain_pass2.txt,147,1,183
pretrain_pass2.txt,147,8,42
pretrain_pass2.txt,147,0,17
pretrain_pass2.txt,147,5,9
pretrain_pass2.txt,147,2,15
pretrain_pass2.txt,147,10,1
pretrain_pass2.txt,147,30,1
pretrain_pass2.txt,147,88,1
pretrain_pass2.txt,147,20,5
pretrain_pass2.txt,147,00,1
pretrain_pass2.txt,147,12,1
pretrain_pass2.txt,147,201,152
pretrain_pass2.txt,147,50,1
pretrain_pass2.txt,147,22,1
pretrain_pass2.txt,147,",",1
pretrain_pass2.txt,147,||,1
pretrain_pass2.txt,147, 1,1
pretrain_pass2.txt,147,.,1
pretrain_pass2.txt,148,23,1
pretrain_pass2.txt,148,8,5
pretrain_pass2.txt,148, |,39
pretrain_pass2.txt,148,|,39
pretrain_pass2.txt,148,4,6
pretrain_pass2.txt,148,1,5
pretrain_pass2.txt,148,6,2
pretrain_pass2.txt,148,5,14
pretrain_pass2.txt,148,9,1
pretrain_pass2.txt,148,2,6
pretrain_pass2.txt,148,7,2
pretrain_pass2.txt,148,0,1
pretrain_pass2.txt,148,3,2
pretrain_pass2.txt,148,10,33
pretrain_pass2.txt,148,12,1
pretrain_pass2.txt,148,22,1
pretrain_pass2.txt,148,30,1
pretrain_pass2.txt,148,20,1
pretrain_pass2.txt,148,50,1
pretrain_pass2.txt,149,23,1
pretrain_pass2.txt,149, |,2
pretrain_pass2.txt,149,|,2
pretrain_pass2.txt,149, 1,2
pretrain_pass2.txt,149,3,1
pretrain_pass2.txt,149,||,2
pretrain_pass2.txt,149,—,1
pretrain_pass2.txt,149, -,1
pretrain_pass2.txt,149, 2,1
pretrain_pass2.txt,149,1,1
pretrain_pass2.txt,149,4,1
pretrain_pass2.txt,149, (,1
pretrain_pass2.txt,149,),1
pretrain_pass2.txt,149,-,1
pretrain_pass2.txt,150,23,1
pretrain_pass2.txt,150, |,1
pretrain_pass2.txt,150,|,1
pretrain_pass2.txt,150, 1,1
pretrain_pass2.txt,150,4,1
pretrain_pass2.txt,151,23,1
pretrain_pass2.txt,151,7,1
pretrain_pass2.txt,151, |,14
pretrain_pass2.txt,151,|,14
pretrain_pass2.txt,151,4,1
pretrain_pass2.txt,151,9,1
pretrain_pass2.txt,151,8,4
pretrain_pass2.txt,151,1,5
pretrain_pass2.txt,151,6,2
pretrain_pass2.txt,151,2,1
pretrain_pass2.txt,151,5,3
pretrain_pass2.txt,151,3,1
pretrain_pass2.txt,151,10,1
pretrain_pass2.txt,151,88,1
pretrain_pass2.txt,151,20,1
pretrain_pass2.txt,151,0,1
pretrain_pass2.txt,151,12,1
pretrain_pass2.txt,151,50,1
pretrain_pass2.txt,151,30,1
pretrain_pass2.txt,151,00,2
pretrain_pass2.txt,151,22,1
pretrain_pass2.txt,151,000,1
pretrain_pass2.txt,151,",000",1
pretrain_pass2.txt,151,",",1
pretrain_pass2.txt,151, 1,1
pretrain_pass2.txt,151,.,3
pretrain_pass2.txt,151,:,1
pretrain_pass2.txt,151, -,6
pretrain_pass2.txt,151, 2,1
pretrain_pass2.txt,151, (,1
pretrain_pass2.txt,151,C,1
pretrain_pass2.txt,151,E,1
pretrain_pass2.txt,151,O,1
pretrain_pass2.txt,151,),1
pretrain_pass2.txt,151, 3,1
pretrain_pass2.txt,151, :,1
pretrain_pass2.txt,151, •,3
pretrain_pass2.txt,151,/,1
pretrain_pass2.txt,151,-,1
pretrain_pass2.txt,152,23,1
pretrain_pass2.txt,152,1,1
pretrain_pass2.txt,152, |,4
pretrain_pass2.txt,152,|,4
pretrain_pass2.txt,152,4,1
pretrain_pass2.txt,152,9,1
pretrain_pass2.txt,152,6,1
pretrain_pass2.txt,152,0,1
pretrain_pass2.txt,152,2,1
pretrain_pass2.txt,152,7,1
pretrain_pass2.txt,152,3,1
pretrain_pass2.txt,152,8,1
pretrain_pass2.txt,152,5,1
pretrain_pass2.txt,152,12,1
pretrain_pass2.txt,152,50,1
pretrain_pass2.txt,153,23,1
pretrain_pass2.txt,153,9,3
pretrain_pass2.txt,153, |,321
pretrain_pass2.txt,153,|,321
pretrain_pass2.txt,153,1,3
pretrain_pass2.txt,153,4,3
pretrain_pass2.txt,153,2,2
pretrain_pass2.txt,153,3,2
pretrain_pass2.txt,153,5,2
pretrain_pass2.txt,153,8,4
pretrain_pass2.txt,153,7,319
pretrain_pass2.txt,153,0,297
pretrain_pass2.txt,153,6,3
pretrain_pass2.txt,153,10,1
pretrain_pass2.txt,153,12,1
pretrain_pass2.txt,153,22,1
pretrain_pass2.txt,153,20,1
pretrain_pass2.txt,153,00,1
pretrain_pass2.txt,153,50,1
pretrain_pass2.txt,153,30,1
pretrain_pass2.txt,153, 7,1
pretrain_pass2.txt,153,88,1
pretrain_pass2.txt,154,23,1
pretrain_pass2.txt,154,9,1
pretrain_pass2.txt,154, |,8
pretrain_pass2.txt,154,|,9
pretrain_pass2.txt,154,0,1
pretrain_pass2.txt,154,5,2
pretrain_pass2.txt,154,4,1
pretrain_pass2.txt,154,1,1
pretrain_pass2.txt,154,6,1
pretrain_pass2.txt,154,7,1
pretrain_pass2.txt,154,3,1
pretrain_pass2.txt,154,8,1
pretrain_pass2.txt,154,2,1
pretrain_pass2.txt,154,10,1
pretrain_pass2.txt,154,20,1
pretrain_pass2.txt,154,00,1
pretrain_pass2.txt,154,12,1
pretrain_pass2.txt,154,22,1
pretrain_pass2.txt,154,30,1
pretrain_pass2.txt,154,88,1
pretrain_pass2.txt,154,201,1
pretrain_pass2.txt,154,||,1
pretrain_pass2.txt,154,C,1
pretrain_pass2.txt,154,h,1
pretrain_pass2.txt,154,in,1
pretrain_pass2.txt,154,a,1
pretrain_pass2.txt,154, D,1
pretrain_pass2.txt,154,ail,1
pretrain_pass2.txt,154,y,1
pretrain_pass2.txt,154,",",1
pretrain_pass2.txt,154, Cambodia,1
pretrain_pass2.txt,155,23,2
pretrain_pass2.txt,155,7,1
pretrain_pass2.txt,155, |,2
pretrain_pass2.txt,155,|,2
pretrain_pass2.txt,155,9,1
pretrain_pass2.txt,155, 0,1
pretrain_pass2.txt,155,1,1
pretrain_pass2.txt,155,8,1
pretrain_pass2.txt,156,23,1
pretrain_pass2.txt,156,7,4
pretrain_pass2.txt,156, |,275
pretrain_pass2.txt,156,|,276
pretrain_pass2.txt,156,1,132
pretrain_pass2.txt,156,9,131
pretrain_pass2.txt,156,3,3
pretrain_pass2.txt,156,2,1
pretrain_pass2.txt,156,8,10
pretrain_pass2.txt,156,4,3
pretrain_pass2.txt,156,0,1
pretrain_pass2.txt,156,6,2
pretrain_pass2.txt,156,5,131
pretrain_pass2.txt,156,10,1
pretrain_pass2.txt,156,12,1
pretrain_pass2.txt,156,20,4
pretrain_pass2.txt,156,30,1
pretrain_pass2.txt,156,201,125
pretrain_pass2.txt,156,50,1
pretrain_pass2.txt,156,00,1
pretrain_pass2.txt,156,22,1
pretrain_pass2.txt,156,88,119
pretrain_pass2.txt,156,000,1
pretrain_pass2.txt,156,",",129
pretrain_pass2.txt,156,",000",1
pretrain_pass2.txt,156, -,1
pretrain_pass2.txt,156, 1,1
pretrain_pass2.txt,156,||,1
pretrain_pass2.txt,156,©,1
pretrain_pass2.txt,157,23,1
pretrain_pass2.txt,157, |,1
pretrain_pass2.txt,157,|,1
pretrain_pass2.txt,158,23,1
pretrain_pass2.txt,158,7,1
pretrain_pass2.txt,158, |,1
pretrain_pass2.txt,158,|,1
pretrain_pass2.txt,158, «,1
pretrain_pass2.txt,158,»,1
pretrain_pass2.txt,159,23,1
pretrain_pass2.txt,159, |,1
pretrain_pass2.txt,159,|,1
pretrain_pass2.txt,159, 2,1
pretrain_pass2.txt,159,1,1
pretrain_pass2.txt,159,||,1
pretrain_pass2.txt,159, (,1
pretrain_pass2.txt,159,V,1
pretrain_pass2.txt,159,O,1
pretrain_pass2.txt,159,A,1
pretrain_pass2.txt,159,),1
pretrain_pass2.txt,159, «,1
pretrain_pass2.txt,159,»,1
pretrain_pass2.txt,160,23,1
pretrain_pass2.txt,160,-,3
pretrain_pass2.txt,160,J,1
pretrain_pass2.txt,160,an,1
pretrain_pass2.txt,160,201,1
pretrain_pass2.txt,160,7,1
pretrain_pass2.txt,160, 8,1
pretrain_pass2.txt,160,:,2
pretrain_pass2.txt,160,0,1
pretrain_pass2.txt,160,6,1
pretrain_pass2.txt,160,am,1
pretrain_pass2.txt,160,...,1
pretrain_pass2.txt,160, «,1
pretrain_pass2.txt,160,»,1
pretrain_pass2.txt,160, |,1
pretrain_pass2.txt,160,9,1
pretrain_pass2.txt,160,S,1
pretrain_pass2.txt,160,ep,1
pretrain_pass2.txt,160,t,1
pretrain_pass2.txt,160,em,1
pretrain_pass2.txt,160,ber,1
pretrain_pass2.txt,160, 1,1
pretrain_pass2.txt,160,8,1
pretrain_pass2.txt,160,",",1
pretrain_pass2.txt,160, 2017,1
pretrain_pass2.txt,160, 7,1
pretrain_pass2.txt,160,5,1
pretrain_pass2.txt,160,2,1
pretrain_pass2.txt,160, P,1
pretrain_pass2.txt,160,M,1
pretrain_pass2.txt,161,23,1
pretrain_pass2.txt,161,9,1
pretrain_pass2.txt,161, |,11
pretrain_pass2.txt,161,|,11
pretrain_pass2.txt,161, 1,1
pretrain_pass2.txt,161,3,1
pretrain_pass2.txt,161,4,1
pretrain_pass2.txt,161, 2,1
pretrain_pass2.txt,161,1,1
pretrain_pass2.txt,161,5,1
pretrain_pass2.txt,161, 3,1
pretrain_pass2.txt,161,30,1
pretrain_pass2.txt,161, 19,1
pretrain_pass2.txt,161,6,1
pretrain_pass2.txt,161, 20,1
pretrain_pass2.txt,161,8,1
pretrain_pass2.txt,161, 4,1
pretrain_pass2.txt,161,7,1
pretrain_pass2.txt,161, 6,1
pretrain_pass2.txt,161,0,1
pretrain_pass2.txt,161, 7,1
pretrain_pass2.txt,161,2,1
pretrain_pass2.txt,161, 8,1
pretrain_pass2.txt,161,50,1
pretrain_pass2.txt,161, 5,1
pretrain_pass2.txt,161,00,1
pretrain_pass2.txt,161, 9,1
pretrain_pass2.txt,161,88,1
pretrain_pass2.txt,162,23,1
pretrain_pass2.txt,162,9,39
pretrain_pass2.txt,162, |,49
pretrain_pass2.txt,162,|,49
pretrain_pass2.txt,162,3,7
pretrain_pass2.txt,162,4,60
pretrain_pass2.txt,162,6,1
pretrain_pass2.txt,162,1,8
pretrain_pass2.txt,162,7,2
pretrain_pass2.txt,162,8,4
pretrain_pass2.txt,162,2,4
pretrain_pass2.txt,162,5,9
pretrain_pass2.txt,162,10,1
pretrain_pass2.txt,162,0,1
pretrain_pass2.txt,162,30,1
pretrain_pass2.txt,162,12,1
pretrain_pass2.txt,162,20,1
pretrain_pass2.txt,162,50,1
pretrain_pass2.txt,162,88,1
pretrain_pass2.txt,162,00,1
pretrain_pass2.txt,162,22,1
pretrain_pass2.txt,163,',5
pretrain_pass2.txt,163, |,1
pretrain_pass2.txt,163,|,1
pretrain_pass2.txt,163,"""",1
pretrain_pass2.txt,163, -,1
pretrain_pass2.txt,164,23,1
pretrain_pass2.txt,164,8,1
pretrain_pass2.txt,164, |,1
pretrain_pass2.txt,164,|,1
pretrain_pass2.txt,164,1,1
pretrain_pass2.txt,164,3,1
pretrain_pass2.txt,164,9,1
pretrain_pass2.txt,165,23,1
pretrain_pass2.txt,165,9,2
pretrain_pass2.txt,165, |,11
pretrain_pass2.txt,165,|,11
pretrain_pass2.txt,165,2,4
pretrain_pass2.txt,165,4,1
pretrain_pass2.txt,165,1,2
pretrain_pass2.txt,165,3,2
pretrain_pass2.txt,165,5,1
pretrain_pass2.txt,165,8,1
pretrain_pass2.txt,165,0,1
pretrain_pass2.txt,165,6,1
pretrain_pass2.txt,165,7,1
pretrain_pass2.txt,165,30,1
pretrain_pass2.txt,165,10,1
pretrain_pass2.txt,165,12,1
pretrain_pass2.txt,165,20,1
pretrain_pass2.txt,165,22,1
pretrain_pass2.txt,165,50,1
pretrain_pass2.txt,165,201,1
pretrain_pass2.txt,165,00,1
pretrain_pass2.txt,165,000,1
pretrain_pass2.txt,165,",000",1
pretrain_pass2.txt,166,23,1
pretrain_pass2.txt,166,",",1
pretrain_pass2.txt,166,1,1
pretrain_pass2.txt,166,9,1
pretrain_pass2.txt,166,7,1
pretrain_pass2.txt,166, |,3
pretrain_pass2.txt,166,←,3
pretrain_pass2.txt,166,|,1
pretrain_pass2.txt,166, 1,1
pretrain_pass2.txt,166,4,1
pretrain_pass2.txt,166,8,1
pretrain_pass2.txt,166,2,1
pretrain_pass2.txt,167,23,2
pretrain_pass2.txt,167,7,1
pretrain_pass2.txt,167, |,2
pretrain_pass2.txt,167,|,2
pretrain_pass2.txt,167,9,1
pretrain_pass2.txt,168,23,1
pretrain_pass2.txt,168,8,2
pretrain_pass2.txt,168, |,13
pretrain_pass2.txt,168,|,13
pretrain_pass2.txt,168, 2,1
pretrain_pass2.txt,168,5,1
pretrain_pass2.txt,168,9,1
pretrain_pass2.txt,168, 24,1
pretrain_pass2.txt,168,1,1
pretrain_pass2.txt,168, 1,1
pretrain_pass2.txt,168,6,1
pretrain_pass2.txt,168,4,2
pretrain_pass2.txt,168, 19,1
pretrain_pass2.txt,168,3,1
pretrain_pass2.txt,168, 20,1
pretrain_pass2.txt,168,0,1
pretrain_pass2.txt,168, 3,1
pretrain_pass2.txt,168,7,1
pretrain_pass2.txt,168,2,1
pretrain_pass2.txt,168, 6,1
pretrain_pass2.txt,168,30,1
pretrain_pass2.txt,168, 4,1
pretrain_pass2.txt,168,50,1
pretrain_pass2.txt,168, 5,1
pretrain_pass2.txt,168,00,1
pretrain_pass2.txt,168, 7,1
pretrain_pass2.txt,168,20,1
pretrain_pass2.txt,168, 9,1
pretrain_pass2.txt,168, 8,1
pretrain_pass2.txt,168,10,1
pretrain_pass2.txt,168, 10,1
pretrain_pass2.txt,168,",",1
pretrain_pass2.txt,168,22,1
pretrain_pass2.txt,169,23,1
pretrain_pass2.txt,169,6,1
pretrain_pass2.txt,169, |,8
pretrain_pass2.txt,169,|,8
pretrain_pass2.txt,169,2,1
pretrain_pass2.txt,169,9,1
pretrain_pass2.txt,169,7,1
pretrain_pass2.txt,169,1,1
pretrain_pass2.txt,169,8,1
pretrain_pass2.txt,169,4,2
pretrain_pass2.txt,169,3,2
pretrain_pass2.txt,169,5,2
pretrain_pass2.txt,169,12,1
pretrain_pass2.txt,169,00,2
pretrain_pass2.txt,169,20,1
pretrain_pass2.txt,169,10,1
pretrain_pass2.txt,169,50,1
pretrain_pass2.txt,169,201,1
pretrain_pass2.txt,169,||,1
pretrain_pass2.txt,169, (,1
pretrain_pass2.txt,169,S,1
pretrain_pass2.txt,169,M,1
pretrain_pass2.txt,169,E,1
pretrain_pass2.txt,169,),2
pretrain_pass2.txt,169,",",1
pretrain_pass2.txt,169,(,1
pretrain_pass2.txt,169,.,3
pretrain_pass2.txt,169, «,1
pretrain_pass2.txt,169,»,1
pretrain_pass2.txt,170,23,1
pretrain_pass2.txt,170, |,14
pretrain_pass2.txt,170,|,14
pretrain_pass2.txt,170, 2,2
pretrain_pass2.txt,170,1,1
pretrain_pass2.txt,170, 1,1
pretrain_pass2.txt,170,4,1
pretrain_pass2.txt,170, 19,1
pretrain_pass2.txt,170, 20,1
pretrain_pass2.txt,170,2,1
pretrain_pass2.txt,170, 3,1
pretrain_pass2.txt,170,3,1
pretrain_pass2.txt,170, 5,1
pretrain_pass2.txt,170,5,1
pretrain_pass2.txt,170, 6,1
pretrain_pass2.txt,170,6,1
pretrain_pass2.txt,170, 4,1
pretrain_pass2.txt,170,7,1
pretrain_pass2.txt,170, 7,1
pretrain_pass2.txt,170,8,1
pretrain_pass2.txt,170, 8,1
pretrain_pass2.txt,170,9,3
pretrain_pass2.txt,170, 9,1
pretrain_pass2.txt,170,0,1
pretrain_pass2.txt,170, 10,1
pretrain_pass2.txt,170, 12,1
pretrain_pass2.txt,171,23,1
pretrain_pass2.txt,171,8,1
pretrain_pass2.txt,171, |,15
pretrain_pass2.txt,171,|,15
pretrain_pass2.txt,171, 2,1
pretrain_pass2.txt,171,2,1
pretrain_pass2.txt,171,9,1
pretrain_pass2.txt,171, 1,1
pretrain_pass2.txt,171,4,2
pretrain_pass2.txt,171,0,1
pretrain_pass2.txt,171, 19,1
pretrain_pass2.txt,171,6,1
pretrain_pass2.txt,171, 20,1
pretrain_pass2.txt,171,7,4
pretrain_pass2.txt,171, 15,1
pretrain_pass2.txt,171,3,2
pretrain_pass2.txt,171, 3,1
pretrain_pass2.txt,171,5,1
pretrain_pass2.txt,171,1,1
pretrain_pass2.txt,171, 7,1
pretrain_pass2.txt,171, 4,1
pretrain_pass2.txt,171,50,1
pretrain_pass2.txt,171, 6,1
pretrain_pass2.txt,171, 5,1
pretrain_pass2.txt,171,00,1
pretrain_pass2.txt,171, 8,1
pretrain_pass2.txt,171, 10,1
pretrain_pass2.txt,171,30,1
pretrain_pass2.txt,171, 9,1
pretrain_pass2.txt,171, 12,1
pretrain_pass2.txt,171, 11,1
pretrain_pass2.txt,171,88,1
pretrain_pass2.txt,172,23,1
pretrain_pass2.txt,172,1,26
pretrain_pass2.txt,172, |,35
pretrain_pass2.txt,172,|,35
pretrain_pass2.txt,172,4,2
pretrain_pass2.txt,172,2,4
pretrain_pass2.txt,172,7,37
pretrain_pass2.txt,172,5,4
pretrain_pass2.txt,172,3,1
pretrain_pass2.txt,172,9,5
pretrain_pass2.txt,172,6,9
pretrain_pass2.txt,172,0,2
pretrain_pass2.txt,172,8,2
pretrain_pass2.txt,172,10,1
pretrain_pass2.txt,172,22,1
pretrain_pass2.txt,172,12,1
pretrain_pass2.txt,172,20,2
pretrain_pass2.txt,172,50,1
pretrain_pass2.txt,172,30,1
pretrain_pass2.txt,172,88,1
pretrain_pass2.txt,172,00,1
pretrain_pass2.txt,173,23,2
pretrain_pass2.txt,173,1,1
pretrain_pass2.txt,173, |,16
pretrain_pass2.txt,173,|,16
pretrain_pass2.txt,173, 2,1
pretrain_pass2.txt,173,2,1
pretrain_pass2.txt,173,4,3
pretrain_pass2.txt,173, 3,1
pretrain_pass2.txt,173,7,1
pretrain_pass2.txt,173,9,5
pretrain_pass2.txt,173, 1,1
pretrain_pass2.txt,173,8,1
pretrain_pass2.txt,173,3,1
pretrain_pass2.txt,173, 4,1
pretrain_pass2.txt,173,6,2
pretrain_pass2.txt,173,0,1
pretrain_pass2.txt,173, 19,1
pretrain_pass2.txt,173,5,1
pretrain_pass2.txt,173, 5,1
pretrain_pass2.txt,173,00,1
pretrain_pass2.txt,173, 6,1
pretrain_pass2.txt,173,50,1
pretrain_pass2.txt,173, 7,1
pretrain_pass2.txt,173,20,1
pretrain_pass2.txt,173, 8,1
pretrain_pass2.txt,173,30,1
pretrain_pass2.txt,173, 9,1
pretrain_pass2.txt,173,88,1
pretrain_pass2.txt,173,",",6
pretrain_pass2.txt,173,10,1
pretrain_pass2.txt,173, 10,1
pretrain_pass2.txt,173,12,1
pretrain_pass2.txt,173, 12,1
pretrain_pass2.txt,173, 11,1
pretrain_pass2.txt,173,22,1
pretrain_pass2.txt,173, 15,1
pretrain_pass2.txt,173, 0,1
pretrain_pass2.txt,174,23,1
pretrain_pass2.txt,174, |,2
pretrain_pass2.txt,174,|,1
pretrain_pass2.txt,174, 2,1
pretrain_pass2.txt,174,1,1
pretrain_pass2.txt,174,8,1
pretrain_pass2.txt,175,23,1
pretrain_pass2.txt,175,8,1
pretrain_pass2.txt,175, |,257
pretrain_pass2.txt,175,|,257
pretrain_pass2.txt,175,2,3
pretrain_pass2.txt,175,9,1
pretrain_pass2.txt,175,6,1
pretrain_pass2.txt,175,3,2
pretrain_pass2.txt,175,7,2
pretrain_pass2.txt,175,4,486
pretrain_pass2.txt,175,0,2
pretrain_pass2.txt,175,1,253
pretrain_pass2.txt,175,5,6
pretrain_pass2.txt,175,30,1
pretrain_pass2.txt,175,12,1
pretrain_pass2.txt,175,22,1
pretrain_pass2.txt,175,10,1
pretrain_pass2.txt,175,201,1
pretrain_pass2.txt,175,50,1
pretrain_pass2.txt,175,88,1
pretrain_pass2.txt,175,00,1
pretrain_pass2.txt,175, 1,1
pretrain_pass2.txt,175,||,1
pretrain_pass2.txt,176,23,1
pretrain_pass2.txt,176, |,6
pretrain_pass2.txt,176,|,7
pretrain_pass2.txt,176,3,1
pretrain_pass2.txt,176,8,1
pretrain_pass2.txt,176, 1,2
pretrain_pass2.txt,176,6,1
pretrain_pass2.txt,176,9,1
pretrain_pass2.txt,176, 15,1
pretrain_pass2.txt,176,1,1
pretrain_pass2.txt,176, (,1
pretrain_pass2.txt,176,.,1
pretrain_pass2.txt,176,),1
pretrain_pass2.txt,176, 12,1
pretrain_pass2.txt,176,5,1
pretrain_pass2.txt,176,4,1
pretrain_pass2.txt,176,2,1
pretrain_pass2.txt,176, 19,1
pretrain_pass2.txt,176,7,1
pretrain_pass2.txt,176,",",8
pretrain_pass2.txt,176," ,",1
pretrain_pass2.txt,176, -,1
pretrain_pass2.txt,176, 20,1
pretrain_pass2.txt,176,0,1
pretrain_pass2.txt,176, –,1
pretrain_pass2.txt,177,23,1
pretrain_pass2.txt,177, |,2
pretrain_pass2.txt,177,|,1
pretrain_pass2.txt,177, 0,1
pretrain_pass2.txt,177,1,1
pretrain_pass2.txt,177,:,1
pretrain_pass2.txt,177,5,1
pretrain_pass2.txt,177,8,1
pretrain_pass2.txt,177, P,1
pretrain_pass2.txt,177,M,1
pretrain_pass2.txt,177, 1,1
pretrain_pass2.txt,177, 2,1
pretrain_pass2.txt,177, 3,1
pretrain_pass2.txt,177, 4,1
pretrain_pass2.txt,177, 5,1
pretrain_pass2.txt,177, 6,1
pretrain_pass2.txt,177, 7,1
pretrain_pass2.txt,177, 8,1
pretrain_pass2.txt,177, 9,1
pretrain_pass2.txt,177, 10,1
pretrain_pass2.txt,177, ...,1
pretrain_pass2.txt,177, 19,1
pretrain_pass2.txt,177,0,1
pretrain_pass2.txt,177,©,1
pretrain_pass2.txt,178,23,1
pretrain_pass2.txt,178,9,2
pretrain_pass2.txt,178, |,8
pretrain_pass2.txt,178,|,8
pretrain_pass2.txt,178,1,1
pretrain_pass2.txt,178,4,1
pretrain_pass2.txt,178,5,1
pretrain_pass2.txt,178,7,3
pretrain_pass2.txt,178,3,2
pretrain_pass2.txt,178,6,1
pretrain_pass2.txt,178,0,1
pretrain_pass2.txt,178,2,2
pretrain_pass2.txt,178,10,1
pretrain_pass2.txt,178,8,2
pretrain_pass2.txt,178,30,1
pretrain_pass2.txt,178,12,1
pretrain_pass2.txt,178,88,1
pretrain_pass2.txt,178,20,1
pretrain_pass2.txt,178,00,1
pretrain_pass2.txt,178,22,1
pretrain_pass2.txt,178,201,1
pretrain_pass2.txt,178,||,1
pretrain_pass2.txt,178, «,1
pretrain_pass2.txt,178,»,1
pretrain_pass2.txt,179,23,1
pretrain_pass2.txt,179,9,1
pretrain_pass2.txt,179, |,13
pretrain_pass2.txt,179,|,13
pretrain_pass2.txt,179,1,3
pretrain_pass2.txt,179,4,2
pretrain_pass2.txt,179,2,1
pretrain_pass2.txt,179,12,1
pretrain_pass2.txt,179,8,4
pretrain_pass2.txt,179,0,2
pretrain_pass2.txt,179,3,2
pretrain_pass2.txt,179,5,1
pretrain_pass2.txt,179,10,1
pretrain_pass2.txt,179,7,2
pretrain_pass2.txt,179,20,2
pretrain_pass2.txt,179,6,1
pretrain_pass2.txt,179,30,1
pretrain_pass2.txt,179,50,1
pretrain_pass2.txt,179,00,1
pretrain_pass2.txt,179,22,1
pretrain_pass2.txt,179,000,1
pretrain_pass2.txt,179,201,1
pretrain_pass2.txt,179,||,1
pretrain_pass2.txt,180,23,2
pretrain_pass2.txt,180,8,6
pretrain_pass2.txt,180, |,304
pretrain_pass2.txt,180,|,305
pretrain_pass2.txt,180, 2,2
pretrain_pass2.txt,180,2,4
pretrain_pass2.txt,180,9,10
pretrain_pass2.txt,180, 3,1
pretrain_pass2.txt,180,3,3
pretrain_pass2.txt,180,6,3
pretrain_pass2.txt,180, 1,1
pretrain_pass2.txt,180,4,242
pretrain_pass2.txt,180,1,24
pretrain_pass2.txt,180, 24,1
pretrain_pass2.txt,180,5,5
pretrain_pass2.txt,180, 4,2
pretrain_pass2.txt,180,0,4
pretrain_pass2.txt,180, 6,279
pretrain_pass2.txt,180,7,3
pretrain_pass2.txt,180, 5,10
pretrain_pass2.txt,180,10,1
pretrain_pass2.txt,180, 7,1
pretrain_pass2.txt,180,50,1
pretrain_pass2.txt,180, 8,1
pretrain_pass2.txt,180,12,1
pretrain_pass2.txt,180, 9,1
pretrain_pass2.txt,180,30,1
pretrain_pass2.txt,180, 10,1
pretrain_pass2.txt,180,20,1
pretrain_pass2.txt,180, 11,1
pretrain_pass2.txt,180,88,1
pretrain_pass2.txt,180, 12,1
pretrain_pass2.txt,180,.,1
pretrain_pass2.txt,180,00,1
pretrain_pass2.txt,180, 0,1
pretrain_pass2.txt,180,",",1
pretrain_pass2.txt,180,||,1
pretrain_pass2.txt,180, 15,1
pretrain_pass2.txt,180, 19,1
pretrain_pass2.txt,181,23,1
pretrain_pass2.txt,181, |,935
pretrain_pass2.txt,181,|,925
pretrain_pass2.txt,181, -,1
pretrain_pass2.txt,181,—,1
pretrain_pass2.txt,181,K,1
pretrain_pass2.txt,181,h,1
pretrain_pass2.txt,181,c,1
pretrain_pass2.txt,181,o,1
pretrain_pass2.txt,181,x,1
pretrain_pass2.txt,181,||,1
pretrain_pass2.txt,181,J,1
pretrain_pass2.txt,181,ul,1
pretrain_pass2.txt,181,-,1
pretrain_pass2.txt,181,.,1
pretrain_pass2.txt,181, C,1
pretrain_pass2.txt,181,he,1
pretrain_pass2.txt,181,k,1
pretrain_pass2.txt,181,m,1
pretrain_pass2.txt,181,ar,1
pretrain_pass2.txt,181,g,1
pretrain_pass2.txt,181,s,1
pretrain_pass2.txt,181,d,1
pretrain_pass2.txt,181,a,1
pretrain_pass2.txt,181,ur,1
pretrain_pass2.txt,181,l,1
pretrain_pass2.txt,181,1,1
pretrain_pass2.txt,181,00,1
pretrain_pass2.txt,181,3,1
pretrain_pass2.txt,181,5,1
pretrain_pass2.txt,181,7,1
pretrain_pass2.txt,181,0,1
pretrain_pass2.txt,181,4,1
pretrain_pass2.txt,181,8,2
pretrain_pass2.txt,181,6,1
pretrain_pass2.txt,181,9,1
pretrain_pass2.txt,181,",",1
pretrain_pass2.txt,181,2,1
pretrain_pass2.txt,181,:,1
pretrain_pass2.txt,181, 1,1
pretrain_pass2.txt,181,30,1
pretrain_pass2.txt,181,",000",1
pretrain_pass2.txt,182,23,4
pretrain_pass2.txt,182,8,2
pretrain_pass2.txt,182, |,18
pretrain_pass2.txt,182,|,18
pretrain_pass2.txt,182,9,3
pretrain_pass2.txt,182,0,1
pretrain_pass2.txt,182,1,1
pretrain_pass2.txt,182, 1,1
pretrain_pass2.txt,182,4,1
pretrain_pass2.txt,182,6,1
pretrain_pass2.txt,182, 2,1
pretrain_pass2.txt,182,2,5
pretrain_pass2.txt,182,7,7
pretrain_pass2.txt,182, 3,1
pretrain_pass2.txt,182,3,1
pretrain_pass2.txt,182,5,1
pretrain_pass2.txt,182, 4,1
pretrain_pass2.txt,182,50,1
pretrain_pass2.txt,182, 24,1
pretrain_pass2.txt,182, 6,1
pretrain_pass2.txt,182,00,1
pretrain_pass2.txt,182, 7,1
pretrain_pass2.txt,182,20,1
pretrain_pass2.txt,182, 9,1
pretrain_pass2.txt,182,88,1
pretrain_pass2.txt,182, 8,1
pretrain_pass2.txt,182,30,1
pretrain_pass2.txt,182, 5,1
pretrain_pass2.txt,182,10,1
pretrain_pass2.txt,182, 10,1
pretrain_pass2.txt,182,",",4
pretrain_pass2.txt,182, 11,1
pretrain_pass2.txt,182,.,1
pretrain_pass2.txt,182,12,1
pretrain_pass2.txt,182, 12,2
pretrain_pass2.txt,182, 15,1
pretrain_pass2.txt,183,23,1
pretrain_pass2.txt,183,1,352
pretrain_pass2.txt,183, |,363
pretrain_pass2.txt,183,|,367
pretrain_pass2.txt,183,4,2
pretrain_pass2.txt,183,7,4
pretrain_pass2.txt,183,9,7
pretrain_pass2.txt,183,3,1
pretrain_pass2.txt,183,6,1
pretrain_pass2.txt,183,2,4
pretrain_pass2.txt,183,5,2
pretrain_pass2.txt,183,8,9
pretrain_pass2.txt,183,0,3
pretrain_pass2.txt,183,50,1
pretrain_pass2.txt,183,10,1
pretrain_pass2.txt,183,30,1
pretrain_pass2.txt,183,12,1
pretrain_pass2.txt,183,20,1
pretrain_pass2.txt,183,22,1
pretrain_pass2.txt,183,00,1
pretrain_pass2.txt,183,88,347
pretrain_pass2.txt,183,||,1
pretrain_pass2.txt,183, /,1
pretrain_pass2.txt,183, 7,1
pretrain_pass2.txt,183, 9,1
pretrain_pass2.txt,183,(,1
pretrain_pass2.txt,183, 1,1
pretrain_pass2.txt,184,+,1
pretrain_pass2.txt,184,|,2
pretrain_pass2.txt,184, |,4
pretrain_pass2.txt,184, (,1
pretrain_pass2.txt,184,S,1
pretrain_pass2.txt,184,D,1
pretrain_pass2.txt,184,G,1
pretrain_pass2.txt,184,s,1
pretrain_pass2.txt,184,),1
pretrain_pass2.txt,184,||,1
pretrain_pass2.txt,184,-,3
pretrain_pass2.txt,185,23,1
pretrain_pass2.txt,185,8,1
pretrain_pass2.txt,185, |,10
pretrain_pass2.txt,185,|,10
pretrain_pass2.txt,185,3,1
pretrain_pass2.txt,185,4,4
pretrain_pass2.txt,185,9,1
pretrain_pass2.txt,185,1,2
pretrain_pass2.txt,185,6,1
pretrain_pass2.txt,185,2,2
pretrain_pass2.txt,185,0,1
pretrain_pass2.txt,185,7,2
pretrain_pass2.txt,185,5,1
pretrain_pass2.txt,185,10,1
pretrain_pass2.txt,185,20,1
pretrain_pass2.txt,185,00,1
pretrain_pass2.txt,185,30,1
pretrain_pass2.txt,185,12,1
pretrain_pass2.txt,185,88,1
pretrain_pass2.txt,185,50,1
pretrain_pass2.txt,185,201,1
pretrain_pass2.txt,185,||,1
pretrain_pass2.txt,186,23,1
pretrain_pass2.txt,186,1,1
pretrain_pass2.txt,186, |,7
pretrain_pass2.txt,186,|,7
pretrain_pass2.txt,186,4,1
pretrain_pass2.txt,186,3,1
pretrain_pass2.txt,186,2,2
pretrain_pass2.txt,186,5,1
pretrain_pass2.txt,186,7,1
pretrain_pass2.txt,186,6,1
pretrain_pass2.txt,186,50,1
pretrain_pass2.txt,186,8,1
pretrain_pass2.txt,186,9,1
pretrain_pass2.txt,186,0,1
pretrain_pass2.txt,186,10,1
pretrain_pass2.txt,186,12,1
pretrain_pass2.txt,186,30,1
pretrain_pass2.txt,186,20,1
pretrain_pass2.txt,186,22,1
pretrain_pass2.txt,187,23,1
pretrain_pass2.txt,187,9,1
pretrain_pass2.txt,187, |,2
pretrain_pass2.txt,187,|,1
pretrain_pass2.txt,187, 0,1
pretrain_pass2.txt,187,1,1
pretrain_pass2.txt,187,7,1
pretrain_pass2.txt,187, 3,1
pretrain_pass2.txt,187,3,1
pretrain_pass2.txt,187,6,1
pretrain_pass2.txt,187, 7,1
pretrain_pass2.txt,187,8,1
pretrain_pass2.txt,187,2,1
pretrain_pass2.txt,188,23,1
pretrain_pass2.txt,188,8,1
pretrain_pass2.txt,188, |,1
pretrain_pass2.txt,188,|,1
pretrain_pass2.txt,188, 0,1
pretrain_pass2.txt,188,1,1
pretrain_pass2.txt,188,5,1
pretrain_pass2.txt,189,23,2
pretrain_pass2.txt,189,8,3
pretrain_pass2.txt,189, |,15
pretrain_pass2.txt,189,|,15
pretrain_pass2.txt,189,9,1
pretrain_pass2.txt,189, 1,1
pretrain_pass2.txt,189,3,1
pretrain_pass2.txt,189,2,1
pretrain_pass2.txt,189, 2,1
pretrain_pass2.txt,189,1,1
pretrain_pass2.txt,189,4,1
pretrain_pass2.txt,189, 19,1
pretrain_pass2.txt,189,5,1
pretrain_pass2.txt,189, 3,1
pretrain_pass2.txt,189,0,1
pretrain_pass2.txt,189,6,4
pretrain_pass2.txt,189, 24,1
pretrain_pass2.txt,189,7,1
pretrain_pass2.txt,189, 20,1
pretrain_pass2.txt,189, 4,1
pretrain_pass2.txt,189,20,1
pretrain_pass2.txt,189, 6,1
pretrain_pass2.txt,189,50,1
pretrain_pass2.txt,189, 7,1
pretrain_pass2.txt,189, 5,1
pretrain_pass2.txt,189,00,1
pretrain_pass2.txt,189, 8,1
pretrain_pass2.txt,189, 9,1
pretrain_pass2.txt,189, 10,1
pretrain_pass2.txt,189, 11,1
pretrain_pass2.txt,189,88,1
pretrain_pass2.txt,190,23,1
pretrain_pass2.txt,190,9,3
pretrain_pass2.txt,190, |,25
pretrain_pass2.txt,190,|,25
pretrain_pass2.txt,190,4,11
pretrain_pass2.txt,190,7,18
pretrain_pass2.txt,190,1,14
pretrain_pass2.txt,190,3,2
pretrain_pass2.txt,190,2,3
pretrain_pass2.txt,190,6,2
pretrain_pass2.txt,190,5,7
pretrain_pass2.txt,190,8,1
pretrain_pass2.txt,190,0,1
pretrain_pass2.txt,190,50,1
pretrain_pass2.txt,190,12,1
pretrain_pass2.txt,190,22,1
pretrain_pass2.txt,190,10,1
pretrain_pass2.txt,190,30,1
pretrain_pass2.txt,190,20,1
pretrain_pass2.txt,190,00,1
pretrain_pass2.txt,190,88,1
pretrain_pass2.txt,191,23,1
pretrain_pass2.txt,191,8,1
pretrain_pass2.txt,191, |,2
pretrain_pass2.txt,191,|,2
pretrain_pass2.txt,191, 0,2
pretrain_pass2.txt,191,1,1
pretrain_pass2.txt,191,6,1
pretrain_pass2.txt,191,9,1
pretrain_pass2.txt,191,7,1
pretrain_pass2.txt,192,23,1
pretrain_pass2.txt,192,9,1
pretrain_pass2.txt,192, |,4
pretrain_pass2.txt,192,|,4
pretrain_pass2.txt,192,1,1
pretrain_pass2.txt,192,3,1
pretrain_pass2.txt,192,4,1
pretrain_pass2.txt,192,7,2
pretrain_pass2.txt,192,2,1
pretrain_pass2.txt,192,8,1
pretrain_pass2.txt,192,6,1
pretrain_pass2.txt,192,0,1
pretrain_pass2.txt,192,5,1
pretrain_pass2.txt,192,20,1
pretrain_pass2.txt,192,00,1
pretrain_pass2.txt,193,23,1
pretrain_pass2.txt,193, |,331
pretrain_pass2.txt,193,|,332
pretrain_pass2.txt,193, 2,1
pretrain_pass2.txt,193,1,1
pretrain_pass2.txt,193, 1,318
pretrain_pass2.txt,193,6,1
pretrain_pass2.txt,193, 19,1
pretrain_pass2.txt,193, 20,1
pretrain_pass2.txt,193, 15,1
pretrain_pass2.txt,193,8,309
pretrain_pass2.txt,193, 3,1
pretrain_pass2.txt,193,9,1
pretrain_pass2.txt,193, 7,1
pretrain_pass2.txt,193,3,2
pretrain_pass2.txt,193, 8,1
pretrain_pass2.txt,193,4,1
pretrain_pass2.txt,193, 12,1
pretrain_pass2.txt,193,2,1
pretrain_pass2.txt,193, 9,1
pretrain_pass2.txt,193,0,1
pretrain_pass2.txt,193, 6,1
pretrain_pass2.txt,193,5,1
pretrain_pass2.txt,193, 11,1
pretrain_pass2.txt,193,7,1
pretrain_pass2.txt,193, 4,1
pretrain_pass2.txt,193,50,1
pretrain_pass2.txt,193, 10,1
pretrain_pass2.txt,193, 5,1
pretrain_pass2.txt,193,00,1
pretrain_pass2.txt,193, 100,1
pretrain_pass2.txt,193,30,1
pretrain_pass2.txt,193,88,1
pretrain_pass2.txt,193,",",1
pretrain_pass2.txt,193,20,1
pretrain_pass2.txt,193,10,1
pretrain_pass2.txt,193,©,1
pretrain_pass2.txt,193, (,1
pretrain_pass2.txt,193,c,1
pretrain_pass2.txt,193, /,1
pretrain_pass2.txt,194,23,1
pretrain_pass2.txt,194,8,3
pretrain_pass2.txt,194, |,15
pretrain_pass2.txt,194,|,15
pretrain_pass2.txt,194,4,1
pretrain_pass2.txt,194,9,4
pretrain_pass2.txt,194,1,6
pretrain_pass2.txt,194,3,1
pretrain_pass2.txt,194,5,1
pretrain_pass2.txt,194,2,2
pretrain_pass2.txt,194,0,4
pretrain_pass2.txt,194,7,2
pretrain_pass2.txt,194,6,1
pretrain_pass2.txt,194,30,1
pretrain_pass2.txt,194,12,1
pretrain_pass2.txt,194,20,1
pretrain_pass2.txt,194,10,1
pretrain_pass2.txt,194,50,1
pretrain_pass2.txt,194,00,1
pretrain_pass2.txt,194,000,1
pretrain_pass2.txt,194,",000",1
pretrain_pass2.txt,194,",",3
pretrain_pass2.txt,194,88,1
pretrain_pass2.txt,194,22,1
pretrain_pass2.txt,194,.,2
pretrain_pass2.txt,194,%,1
pretrain_pass2.txt,194,||,1
pretrain_pass2.txt,194, (,1
pretrain_pass2.txt,194,M,1
pretrain_pass2.txt,194,P,1
pretrain_pass2.txt,194,A,1
pretrain_pass2.txt,194,C,1
pretrain_pass2.txt,194,),1
pretrain_pass2.txt,194, K,1
pretrain_pass2.txt,194,o,1
pretrain_pass2.txt,194,h,2
pretrain_pass2.txt,194, R,1
pretrain_pass2.txt,194,ong,1
pretrain_pass2.txt,194, H,1
pretrain_pass2.txt,194,u,1
pretrain_pass2.txt,194,at,1
pretrain_pass2.txt,194, Gr,1
pretrain_pass2.txt,194,ou,1
pretrain_pass2.txt,194,p,2
pretrain_pass2.txt,194, C,1
pretrain_pass2.txt,194,or,2
pretrain_pass2.txt,194,ation,1
pretrain_pass2.txt,194, L,1
pretrain_pass2.txt,194,t,1
pretrain_pass2.txt,194,d,1
pretrain_pass2.txt,194, Ch,1
pretrain_pass2.txt,194,in,1
pretrain_pass2.txt,194,a,1
pretrain_pass2.txt,194, In,1
pretrain_pass2.txt,194,v,1
pretrain_pass2.txt,194,est,1
pretrain_pass2.txt,194,ment,1
pretrain_pass2.txt,194, B,1
pretrain_pass2.txt,194,er,1
pretrain_pass2.txt,194,ad,1
pretrain_pass2.txt,194, “,1
pretrain_pass2.txt,194,”,2
pretrain_pass2.txt,194,“,1
pretrain_pass2.txt,195,23,1
pretrain_pass2.txt,195,9,204
pretrain_pass2.txt,195, |,223
pretrain_pass2.txt,195,|,224
pretrain_pass2.txt,195, 0,1
pretrain_pass2.txt,195,1,7
pretrain_pass2.txt,195,8,3
pretrain_pass2.txt,195, 2,1
pretrain_pass2.txt,195,2,206
pretrain_pass2.txt,195,6,1
pretrain_pass2.txt,195, 1,207
pretrain_pass2.txt,195,4,2
pretrain_pass2.txt,195,5,1
pretrain_pass2.txt,195, 3,1
pretrain_pass2.txt,195,3,1
pretrain_pass2.txt,195,7,1
pretrain_pass2.txt,195, 20,1
pretrain_pass2.txt,195,0,1
pretrain_pass2.txt,195, 4,1
pretrain_pass2.txt,195,50,1
pretrain_pass2.txt,195, 5,1
pretrain_pass2.txt,195,00,1
pretrain_pass2.txt,195, 6,1
pretrain_pass2.txt,195,20,1
pretrain_pass2.txt,195, 7,2
pretrain_pass2.txt,195,30,1
pretrain_pass2.txt,195, 8,1
pretrain_pass2.txt,195,10,1
pretrain_pass2.txt,195, 9,1
pretrain_pass2.txt,195,88,1
pretrain_pass2.txt,195, 10,1
pretrain_pass2.txt,195,",",210
pretrain_pass2.txt,195,12,1
pretrain_pass2.txt,195, 11,1
pretrain_pass2.txt,195,22,1
pretrain_pass2.txt,195, 12,1
pretrain_pass2.txt,195, 15,1
pretrain_pass2.txt,195, 100,1
pretrain_pass2.txt,195,||,1
pretrain_pass2.txt,195,m,1
pretrain_pass2.txt,195,t,1
pretrain_pass2.txt,195, 19,1
pretrain_pass2.txt,195,.,1
pretrain_pass2.txt,196,23,1
pretrain_pass2.txt,196,9,8
pretrain_pass2.txt,196, |,69
pretrain_pass2.txt,196,|,69
pretrain_pass2.txt,196,1,72
pretrain_pass2.txt,196,3,4
pretrain_pass2.txt,196,4,21
pretrain_pass2.txt,196,2,60
pretrain_pass2.txt,196,5,11
pretrain_pass2.txt,196,6,3
pretrain_pass2.txt,196,12,1
pretrain_pass2.txt,196,7,4
pretrain_pass2.txt,196,20,1
pretrain_pass2.txt,196,8,5
pretrain_pass2.txt,196,30,1
pretrain_pass2.txt,196,0,2
pretrain_pass2.txt,196,10,1
pretrain_pass2.txt,196,50,1
pretrain_pass2.txt,196,201,1
pretrain_pass2.txt,196,88,1
pretrain_pass2.txt,196,22,1
pretrain_pass2.txt,196,00,1
pretrain_pass2.txt,197,23,1
pretrain_pass2.txt,197, |,2
pretrain_pass2.txt,197,|,1
pretrain_pass2.txt,197, 0,1
pretrain_pass2.txt,197,-,1
pretrain_pass2.txt,197, «,1
pretrain_pass2.txt,197,»,1
pretrain_pass2.txt,198,23,1
pretrain_pass2.txt,198,8,1
pretrain_pass2.txt,198, |,2
pretrain_pass2.txt,198,|,1
pretrain_pass2.txt,199,23,1
pretrain_pass2.txt,199,6,1
pretrain_pass2.txt,199, |,1
pretrain_pass2.txt,199,|,1
pretrain_pass2.txt,199,88,1
pretrain_pass2.txt,199,9,1
pretrain_pass2.txt,200,23,1
pretrain_pass2.txt,200, |,867
pretrain_pass2.txt,200,|,866
pretrain_pass2.txt,200,||,1
pretrain_pass2.txt,200, -,1
pretrain_pass3.txt,0,23,1
pretrain_pass3.txt,0,9,1
pretrain_pass3.txt,0, |,2
pretrain_pass3.txt,0,|,1
pretrain_pass3.txt,0,↑,3
pretrain_pass3.txt,1,23,1
pretrain_pass3.txt,1,9,1
pretrain_pass3.txt,1, |,3
pretrain_pass3.txt,1,|,1
pretrain_pass3.txt,1, 0,1
pretrain_pass3.txt,1,2,1
pretrain_pass3.txt,1,8,1
pretrain_pass3.txt,1,1,1
pretrain_pass3.txt,1,©,1
pretrain_pass3.txt,1,:,1
pretrain_pass3.txt,2,23,1
pretrain_pass3.txt,2,9,1
pretrain_pass3.txt,2, |,3
pretrain_pass3.txt,2,|,1
pretrain_pass3.txt,2, 1,1
pretrain_pass3.txt,2,4,1
pretrain_pass3.txt,2,0,1
pretrain_pass3.txt,2,←,3
pretrain_pass3.txt,3,23,1
pretrain_pass3.txt,3,7,1
pretrain_pass3.txt,3, |,8
pretrain_pass3.txt,3,|,8
pretrain_pass3.txt,3, 1,1
pretrain_pass3.txt,3,4,1
pretrain_pass3.txt,3,8,1
pretrain_pass3.txt,3, 19,1
pretrain_pass3.txt,3,9,1
pretrain_pass3.txt,3,6,1
pretrain_pass3.txt,3, 2,1
pretrain_pass3.txt,3,5,1
pretrain_pass3.txt,3,1,1
pretrain_pass3.txt,3, 3,1
pretrain_pass3.txt,3,3,1
pretrain_pass3.txt,3,2,1
pretrain_pass3.txt,3, 24,1
pretrain_pass3.txt,3,0,1
pretrain_pass3.txt,3, 5,1
pretrain_pass3.txt,3,00,1
pretrain_pass3.txt,3, 4,1
pretrain_pass3.txt,3,50,1
pretrain_pass3.txt,3, 6,1
pretrain_pass3.txt,3,",",1
pretrain_pass3.txt,3,20,1
pretrain_pass3.txt,3,22,1
pretrain_pass3.txt,4,23,3
pretrain_pass3.txt,4,8,2
pretrain_pass3.txt,4, |,22
pretrain_pass3.txt,4,|,22
pretrain_pass3.txt,4,9,6
pretrain_pass3.txt,4,3,2
pretrain_pass3.txt,4, 0,1
pretrain_pass3.txt,4,1,2
pretrain_pass3.txt,4,5,1
pretrain_pass3.txt,4, 2,1
pretrain_pass3.txt,4,2,1
pretrain_pass3.txt,4,4,1
pretrain_pass3.txt,4, 3,1
pretrain_pass3.txt,4,6,2
pretrain_pass3.txt,4,0,1
pretrain_pass3.txt,4, 1,3
pretrain_pass3.txt,4,7,3
pretrain_pass3.txt,4, 4,2
pretrain_pass3.txt,4,",",1
pretrain_pass3.txt,4,20,1
pretrain_pass3.txt,4, 5,1
pretrain_pass3.txt,4,88,1
pretrain_pass3.txt,4, 6,1
pretrain_pass3.txt,4,10,1
pretrain_pass3.txt,4, 7,1
pretrain_pass3.txt,4,50,1
pretrain_pass3.txt,4, 9,2
pretrain_pass3.txt,4, 8,1
pretrain_pass3.txt,4,30,1
pretrain_pass3.txt,4, 10,1
pretrain_pass3.txt,4, 12,1
pretrain_pass3.txt,4,22,1
pretrain_pass3.txt,4, 11,1
pretrain_pass3.txt,4,12,1
pretrain_pass3.txt,4, 15,1
pretrain_pass3.txt,4,00,1
pretrain_pass3.txt,4, 20,1
pretrain_pass3.txt,4, 19,1
pretrain_pass3.txt,4,.,1
pretrain_pass3.txt,4,K,1
pretrain_pass3.txt,4, (,1
pretrain_pass3.txt,4,P,1
pretrain_pass3.txt,4,ro,1
pretrain_pass3.txt,4,j,1
pretrain_pass3.txt,4,ect,1
pretrain_pass3.txt,4, Man,1
pretrain_pass3.txt,4,ag,1
pretrain_pass3.txt,4,em,1
pretrain_pass3.txt,4,ent,1
pretrain_pass3.txt,4,),1
pretrain_pass3.txt,5,23,1
pretrain_pass3.txt,5, |,13
pretrain_pass3.txt,5,|,13
pretrain_pass3.txt,5, 1,2
pretrain_pass3.txt,5,4,1
pretrain_pass3.txt,5,2,1
pretrain_pass3.txt,5, 2,1
pretrain_pass3.txt,5,5,1
pretrain_pass3.txt,5,3,1
pretrain_pass3.txt,5, 3,1
pretrain_pass3.txt,5,7,2
pretrain_pass3.txt,5,6,1
pretrain_pass3.txt,5, 20,1
pretrain_pass3.txt,5,8,1
pretrain_pass3.txt,5, 4,1
pretrain_pass3.txt,5,9,2
pretrain_pass3.txt,5,1,1
pretrain_pass3.txt,5, 7,1
pretrain_pass3.txt,5,0,1
pretrain_pass3.txt,5, 6,1
pretrain_pass3.txt,5,50,1
pretrain_pass3.txt,5, 5,1
pretrain_pass3.txt,5,00,1
pretrain_pass3.txt,5, 9,1
pretrain_pass3.txt,5,30,1
pretrain_pass3.txt,5, 8,1
pretrain_pass3.txt,5,20,1
pretrain_pass3.txt,5, 12,1
pretrain_pass3.txt,5,",",3
pretrain_pass3.txt,5,88,1
pretrain_pass3.txt,5,10,1
pretrain_pass3.txt,5, 11,1
pretrain_pass3.txt,5,12,1
pretrain_pass3.txt,6,23,2
pretrain_pass3.txt,6,8,2
pretrain_pass3.txt,6, |,230
pretrain_pass3.txt,6,|,230
pretrain_pass3.txt,6, 0,1
pretrain_pass3.txt,6,1,2
pretrain_pass3.txt,6,5,2
pretrain_pass3.txt,6, 2,4
pretrain_pass3.txt,6,2,203
pretrain_pass3.txt,6,9,5
pretrain_pass3.txt,6, 1,220
pretrain_pass3.txt,6,3,9
pretrain_pass3.txt,6,4,2
pretrain_pass3.txt,6, 3,1
pretrain_pass3.txt,6,6,1
pretrain_pass3.txt,6,7,209
pretrain_pass3.txt,6, 4,1
pretrain_pass3.txt,6,0,2
pretrain_pass3.txt,6, 5,1
pretrain_pass3.txt,6,88,1
pretrain_pass3.txt,6, 6,1
pretrain_pass3.txt,6,50,1
pretrain_pass3.txt,6, 7,1
pretrain_pass3.txt,6,20,1
pretrain_pass3.txt,6, 9,1
pretrain_pass3.txt,6,30,1
pretrain_pass3.txt,6, 8,1
pretrain_pass3.txt,6,10,1
pretrain_pass3.txt,6, 12,1
pretrain_pass3.txt,6,",",214
pretrain_pass3.txt,6,00,1
pretrain_pass3.txt,6, 10,1
pretrain_pass3.txt,6,12,1
pretrain_pass3.txt,6, 11,1
pretrain_pass3.txt,6,22,1
pretrain_pass3.txt,6, 15,1
pretrain_pass3.txt,6, 19,1
pretrain_pass3.txt,6,||,1
pretrain_pass3.txt,6,.,2
pretrain_pass3.txt,6,-,1
pretrain_pass3.txt,6, -,1
pretrain_pass3.txt,6,x,1
pretrain_pass3.txt,6, (,1
pretrain_pass3.txt,6,m,1
pretrain_pass3.txt,6,),1
pretrain_pass3.txt,7,23,1
pretrain_pass3.txt,7,8,1
pretrain_pass3.txt,7, |,5
pretrain_pass3.txt,7,|,5
pretrain_pass3.txt,7,88,1
pretrain_pass3.txt,7,9,1
pretrain_pass3.txt,7,:,1
pretrain_pass3.txt,7, 1,1
pretrain_pass3.txt,7,7,1
pretrain_pass3.txt,7,2,1
pretrain_pass3.txt,7,4,2
pretrain_pass3.txt,7,1,1
pretrain_pass3.txt,7, 19,1
pretrain_pass3.txt,7,6,1
pretrain_pass3.txt,7,3,1
pretrain_pass3.txt,7, 2,1
pretrain_pass3.txt,7,5,1
pretrain_pass3.txt,7,0,1
pretrain_pass3.txt,8,23,1
pretrain_pass3.txt,8,9,26
pretrain_pass3.txt,8, |,20
pretrain_pass3.txt,8,|,20
pretrain_pass3.txt,8,1,13
pretrain_pass3.txt,8,4,5
pretrain_pass3.txt,8,6,1
pretrain_pass3.txt,8,7,3
pretrain_pass3.txt,8,2,3
pretrain_pass3.txt,8,5,1
pretrain_pass3.txt,8,8,16
pretrain_pass3.txt,8,0,1
pretrain_pass3.txt,8,3,4
pretrain_pass3.txt,8,10,1
pretrain_pass3.txt,8,30,1
pretrain_pass3.txt,8,88,1
pretrain_pass3.txt,8,20,1
pretrain_pass3.txt,8,00,1
pretrain_pass3.txt,8,12,1
pretrain_pass3.txt,8,50,1
pretrain_pass3.txt,8,",",13
pretrain_pass3.txt,8,22,1
pretrain_pass3.txt,8,201,1
pretrain_pass3.txt,9,23,2
pretrain_pass3.txt,9,1,1
pretrain_pass3.txt,9, |,248
pretrain_pass3.txt,9,|,248
pretrain_pass3.txt,9, 1,226
pretrain_pass3.txt,9,3,6
pretrain_pass3.txt,9,5,2
pretrain_pass3.txt,9, 19,1
pretrain_pass3.txt,9,6,1
pretrain_pass3.txt,9, 2,1
pretrain_pass3.txt,9,8,2
pretrain_pass3.txt,9,2,1
pretrain_pass3.txt,9, 20,1
pretrain_pass3.txt,9,7,1
pretrain_pass3.txt,9, 3,1
pretrain_pass3.txt,9,4,452
pretrain_pass3.txt,9,9,10
pretrain_pass3.txt,9,0,1
pretrain_pass3.txt,9, 4,1
pretrain_pass3.txt,9,10,1
pretrain_pass3.txt,9, 5,4
pretrain_pass3.txt,9,00,1
pretrain_pass3.txt,9, 6,4
pretrain_pass3.txt,9,30,1
pretrain_pass3.txt,9, 7,1
pretrain_pass3.txt,9,50,1
pretrain_pass3.txt,9, 8,1
pretrain_pass3.txt,9,20,1
pretrain_pass3.txt,9, 9,1
pretrain_pass3.txt,9,",",1
pretrain_pass3.txt,9, 10,1
pretrain_pass3.txt,9,88,1
pretrain_pass3.txt,9, 15,1
pretrain_pass3.txt,9, 11,1
pretrain_pass3.txt,9,.,1
pretrain_pass3.txt,9,12,1
pretrain_pass3.txt,9, 12,1
pretrain_pass3.txt,9, 24,1
pretrain_pass3.txt,10,23,1
pretrain_pass3.txt,10, |,22
pretrain_pass3.txt,10,|,22
pretrain_pass3.txt,10, 1,7
pretrain_pass3.txt,10,4,2
pretrain_pass3.txt,10, 2,1
pretrain_pass3.txt,10,5,2
pretrain_pass3.txt,10, 3,1
pretrain_pass3.txt,10,6,3
pretrain_pass3.txt,10, 4,1
pretrain_pass3.txt,10,7,1
pretrain_pass3.txt,10, 6,1
pretrain_pass3.txt,10,9,1
pretrain_pass3.txt,10, 7,1
pretrain_pass3.txt,10,3,2
pretrain_pass3.txt,10, 5,1
pretrain_pass3.txt,10,8,1
pretrain_pass3.txt,10, 8,1
pretrain_pass3.txt,10,1,2
pretrain_pass3.txt,10, 9,1
pretrain_pass3.txt,10,0,1
pretrain_pass3.txt,10, 10,1
pretrain_pass3.txt,10,2,1
pretrain_pass3.txt,10, 11,1
pretrain_pass3.txt,10, 12,1
pretrain_pass3.txt,10, 19,1
pretrain_pass3.txt,10, 15,1
pretrain_pass3.txt,10,88,1
pretrain_pass3.txt,10,30,1
pretrain_pass3.txt,10,50,1
pretrain_pass3.txt,10, 20,1
pretrain_pass3.txt,10,20,1
pretrain_pass3.txt,10,10,1
pretrain_pass3.txt,10,",",1
pretrain_pass3.txt,10,00,1
pretrain_pass3.txt,10,000,1
pretrain_pass3.txt,11,23,1
pretrain_pass3.txt,11,9,244
pretrain_pass3.txt,11, |,270
pretrain_pass3.txt,11,|,268
pretrain_pass3.txt,11,1,249
pretrain_pass3.txt,11,8,1
pretrain_pass3.txt,11,6,1
pretrain_pass3.txt,11,2,6
pretrain_pass3.txt,11,4,4
pretrain_pass3.txt,11,7,1
pretrain_pass3.txt,11,0,1
pretrain_pass3.txt,11,3,2
pretrain_pass3.txt,11,5,213
pretrain_pass3.txt,11,10,1
pretrain_pass3.txt,11,12,1
pretrain_pass3.txt,11,30,1
pretrain_pass3.txt,11,20,1
pretrain_pass3.txt,11,00,1
pretrain_pass3.txt,11,50,1
pretrain_pass3.txt,11,000,1
pretrain_pass3.txt,11,",000",1
pretrain_pass3.txt,11,",",243
pretrain_pass3.txt,11,88,1
pretrain_pass3.txt,11, 1,1
pretrain_pass3.txt,11,||,1
pretrain_pass3.txt,11, (,1
pretrain_pass3.txt,11,/,1
pretrain_pass3.txt,11,:,1
pretrain_pass3.txt,11, 9,1
pretrain_pass3.txt,11,.,1
pretrain_pass3.txt,12,23,1
pretrain_pass3.txt,12,1,1
pretrain_pass3.txt,12, |,11
pretrain_pass3.txt,12,|,11
pretrain_pass3.txt,12, 2,1
pretrain_pass3.txt,12,9,1
pretrain_pass3.txt,12,2,1
pretrain_pass3.txt,12, 1,1
pretrain_pass3.txt,12,8,1
pretrain_pass3.txt,12,4,2
pretrain_pass3.txt,12, 3,1
pretrain_pass3.txt,12,5,1
pretrain_pass3.txt,12,7,2
pretrain_pass3.txt,12, 19,1
pretrain_pass3.txt,12,6,1
pretrain_pass3.txt,12, 4,1
pretrain_pass3.txt,12,3,1
pretrain_pass3.txt,12,.,2
pretrain_pass3.txt,12,0,1
pretrain_pass3.txt,12, 5,1
pretrain_pass3.txt,12,00,1
pretrain_pass3.txt,12, 6,1
pretrain_pass3.txt,12,30,1
pretrain_pass3.txt,12, 8,1
pretrain_pass3.txt,12,50,1
pretrain_pass3.txt,12, 7,1
pretrain_pass3.txt,12,20,1
pretrain_pass3.txt,12, 12,1
pretrain_pass3.txt,12, 10,1
pretrain_pass3.txt,12,",",1
pretrain_pass3.txt,12,10,1
pretrain_pass3.txt,12,88,1
pretrain_pass3.txt,13,23,1
pretrain_pass3.txt,13,-,2
pretrain_pass3.txt,13,201,1
pretrain_pass3.txt,13,7,1
pretrain_pass3.txt,13, 1,1
pretrain_pass3.txt,13,:,1
pretrain_pass3.txt,13,2,1
pretrain_pass3.txt,13,8,1
pretrain_pass3.txt,13, p,1
pretrain_pass3.txt,13,m,1
pretrain_pass3.txt,13,<,1
pretrain_pass3.txt,13,p,1
pretrain_pass3.txt,13,l,1
pretrain_pass3.txt,13,i,1
pretrain_pass3.txt,13,ent,1
pretrain_pass3.txt,13,(,1
pretrain_pass3.txt,13,s,1
pretrain_pass3.txt,13,),1
pretrain_pass3.txt,13, /,1
pretrain_pass3.txt,13,',1
pretrain_pass3.txt,13,>,1
pretrain_pass3.txt,14,23,1
pretrain_pass3.txt,14,9,1
pretrain_pass3.txt,14, |,13
pretrain_pass3.txt,14,|,13
pretrain_pass3.txt,14, 1,1
pretrain_pass3.txt,14,3,1
pretrain_pass3.txt,14,5,1
pretrain_pass3.txt,14,2,1
pretrain_pass3.txt,14, 2,1
pretrain_pass3.txt,14,1,1
pretrain_pass3.txt,14,8,1
pretrain_pass3.txt,14, 19,1
pretrain_pass3.txt,14,0,2
pretrain_pass3.txt,14, 20,1
pretrain_pass3.txt,14,00,1
pretrain_pass3.txt,14, 3,1
pretrain_pass3.txt,14,20,1
pretrain_pass3.txt,14, 4,1
pretrain_pass3.txt,14,7,1
pretrain_pass3.txt,14,4,2
pretrain_pass3.txt,14, 7,1
pretrain_pass3.txt,14,6,1
pretrain_pass3.txt,14, 6,1
pretrain_pass3.txt,14,10,1
pretrain_pass3.txt,14, 5,1
pretrain_pass3.txt,14,50,1
pretrain_pass3.txt,14, 9,1
pretrain_pass3.txt,14,30,1
pretrain_pass3.txt,14, 8,1
pretrain_pass3.txt,14, 10,1
pretrain_pass3.txt,14,12,1
pretrain_pass3.txt,14, 15,1
pretrain_pass3.txt,14,88,1
pretrain_pass3.txt,15,23,2
pretrain_pass3.txt,15,9,2
pretrain_pass3.txt,15, |,219
pretrain_pass3.txt,15,|,221
pretrain_pass3.txt,15, 1,205
pretrain_pass3.txt,15,3,3
pretrain_pass3.txt,15,4,2
pretrain_pass3.txt,15,2,1
pretrain_pass3.txt,15, 2,1
pretrain_pass3.txt,15,1,213
pretrain_pass3.txt,15,8,10
pretrain_pass3.txt,15,6,188
pretrain_pass3.txt,15, 19,1
pretrain_pass3.txt,15,7,5
pretrain_pass3.txt,15,0,3
pretrain_pass3.txt,15, 3,1
pretrain_pass3.txt,15,5,1
pretrain_pass3.txt,15,22,1
pretrain_pass3.txt,15, 20,1
pretrain_pass3.txt,15,00,1
pretrain_pass3.txt,15, 4,1
pretrain_pass3.txt,15,50,1
pretrain_pass3.txt,15, 6,1
pretrain_pass3.txt,15,20,1
pretrain_pass3.txt,15, 5,1
pretrain_pass3.txt,15,30,1
pretrain_pass3.txt,15, 7,1
pretrain_pass3.txt,15,88,1
pretrain_pass3.txt,15, 8,1
pretrain_pass3.txt,15,10,1
pretrain_pass3.txt,15, 9,1
pretrain_pass3.txt,15,",",1
pretrain_pass3.txt,15,.,208
pretrain_pass3.txt,15,12,1
pretrain_pass3.txt,15, 12,1
pretrain_pass3.txt,15, 10,1
pretrain_pass3.txt,15, 11,1
pretrain_pass3.txt,15, 15,1
pretrain_pass3.txt,15,||,1
pretrain_pass3.txt,15, 0,1
pretrain_pass3.txt,16,23,1
pretrain_pass3.txt,16, |,12
pretrain_pass3.txt,16,|,12
pretrain_pass3.txt,16, 1,1
pretrain_pass3.txt,16,4,1
pretrain_pass3.txt,16,9,1
pretrain_pass3.txt,16, 2,1
pretrain_pass3.txt,16,5,1
pretrain_pass3.txt,16,8,2
pretrain_pass3.txt,16, 3,1
pretrain_pass3.txt,16,7,1
pretrain_pass3.txt,16,6,1
pretrain_pass3.txt,16, 4,1
pretrain_pass3.txt,16,3,1
pretrain_pass3.txt,16,2,1
pretrain_pass3.txt,16, 6,1
pretrain_pass3.txt,16,1,2
pretrain_pass3.txt,16, 5,1
pretrain_pass3.txt,16,12,1
pretrain_pass3.txt,16, 7,1
pretrain_pass3.txt,16,0,1
pretrain_pass3.txt,16, 8,1
pretrain_pass3.txt,16,10,1
pretrain_pass3.txt,16, 9,1
pretrain_pass3.txt,16, 10,1
pretrain_pass3.txt,16,88,1
pretrain_pass3.txt,16, 11,1
pretrain_pass3.txt,16,20,1
pretrain_pass3.txt,16, 15,1
pretrain_pass3.txt,16,30,1
pretrain_pass3.txt,17,23,1
pretrain_pass3.txt,17,9,1
pretrain_pass3.txt,17, |,1
pretrain_pass3.txt,17,|,1
pretrain_pass3.txt,17, 0,1
pretrain_pass3.txt,17,1,1
pretrain_pass3.txt,17,7,1
pretrain_pass3.txt,17,88,1
pretrain_pass3.txt,17,8,1
pretrain_pass3.txt,17, 3,1
pretrain_pass3.txt,17,3,1
pretrain_pass3.txt,17,4,1
pretrain_pass3.txt,18,23,2
pretrain_pass3.txt,18,9,1
pretrain_pass3.txt,18, |,14
pretrain_pass3.txt,18,|,14
pretrain_pass3.txt,18,4,1
pretrain_pass3.txt,18, 1,1
pretrain_pass3.txt,18,8,2
pretrain_pass3.txt,18,5,1
pretrain_pass3.txt,18, 2,1
pretrain_pass3.txt,18,2,1
pretrain_pass3.txt,18,6,2
pretrain_pass3.txt,18, 19,1
pretrain_pass3.txt,18,3,2
pretrain_pass3.txt,18, 3,1
pretrain_pass3.txt,18,7,1
pretrain_pass3.txt,18,1,1
pretrain_pass3.txt,18, 20,1
pretrain_pass3.txt,18,0,1
pretrain_pass3.txt,18, 4,1
pretrain_pass3.txt,18,50,1
pretrain_pass3.txt,18, 7,1
pretrain_pass3.txt,18, 5,1
pretrain_pass3.txt,18,00,1
pretrain_pass3.txt,18, 6,1
pretrain_pass3.txt,18,30,1
pretrain_pass3.txt,18, 8,1
pretrain_pass3.txt,18, 9,1
pretrain_pass3.txt,18, 10,1
pretrain_pass3.txt,18,20,1
pretrain_pass3.txt,18, 11,1
pretrain_pass3.txt,18,88,1
pretrain_pass3.txt,19,ad,1
pretrain_pass3.txt,19,m,1
pretrain_pass3.txt,19,in,1
pretrain_pass3.txt,19,23,1
pretrain_pass3.txt,19,1,1
pretrain_pass3.txt,19,7,1
pretrain_pass3.txt,19, |,1
pretrain_pass3.txt,19,|,1
pretrain_pass3.txt,19, 0,1
pretrain_pass3.txt,19,12,1
pretrain_pass3.txt,19, 8,1
pretrain_pass3.txt,19,0,1
pretrain_pass3.txt,19,8,1
pretrain_pass3.txt,19, 1,1
pretrain_pass3.txt,19,6,1
pretrain_pass3.txt,19,9,1
pretrain_pass3.txt,19,",",1
pretrain_pass3.txt,19, [,1
pretrain_pass3.txt,19,em,1
pretrain_pass3.txt,19,ail,1
pretrain_pass3.txt,19, p,1
pretrain_pass3.txt,19,r,1
pretrain_pass3.txt,19,ot,1
pretrain_pass3.txt,19,ect,1
pretrain_pass3.txt,19,ed,1
pretrain_pass3.txt,19,],1
pretrain_pass3.txt,19, -,2
pretrain_pass3.txt,19,2,1
pretrain_pass3.txt,19, ago,3
pretrain_pass3.txt,19, !,1
pretrain_pass3.txt,19, U,1
pretrain_pass3.txt,19,S,1
pretrain_pass3.txt,19,A,1
pretrain_pass3.txt,19,ID,1
pretrain_pass3.txt,19, «,1
pretrain_pass3.txt,19,»,1
pretrain_pass3.txt,19, 3,1
pretrain_pass3.txt,19, days,1
pretrain_pass3.txt,19, 4,1
pretrain_pass3.txt,19, w,1
pretrain_pass3.txt,19,ee,1
pretrain_pass3.txt,19,k,1
pretrain_pass3.txt,19,s,4
pretrain_pass3.txt,19, 5,1
pretrain_pass3.txt,19, m,3
pretrain_pass3.txt,19,on,3
pretrain_pass3.txt,19,th,3
pretrain_pass3.txt,19, 7,1
pretrain_pass3.txt,19,-,2
pretrain_pass3.txt,19, 15,1
pretrain_pass3.txt,19, 2,1
pretrain_pass3.txt,19, 12,1
pretrain_pass3.txt,19, 20,1
pretrain_pass3.txt,19,4,1
pretrain_pass3.txt,19,3,1
pretrain_pass3.txt,19, v,1
pretrain_pass3.txt,19,i,1
pretrain_pass3.txt,19,ews,1
pretrain_pass3.txt,20,23,1
pretrain_pass3.txt,20,9,2
pretrain_pass3.txt,20, |,77
pretrain_pass3.txt,20,|,77
pretrain_pass3.txt,20,1,70
pretrain_pass3.txt,20,6,1
pretrain_pass3.txt,20,7,67
pretrain_pass3.txt,20,3,1
pretrain_pass3.txt,20,4,1
pretrain_pass3.txt,20,0,1
pretrain_pass3.txt,20,2,1
pretrain_pass3.txt,20,8,2
pretrain_pass3.txt,20,5,2
pretrain_pass3.txt,20,12,1
pretrain_pass3.txt,20,88,1
pretrain_pass3.txt,20,30,1
pretrain_pass3.txt,20,10,1
pretrain_pass3.txt,20,20,1
pretrain_pass3.txt,20,00,68
pretrain_pass3.txt,20,50,1
pretrain_pass3.txt,20,000,1
pretrain_pass3.txt,20,",",68
pretrain_pass3.txt,20,22,1
pretrain_pass3.txt,20,",000",1
pretrain_pass3.txt,20, 1,1
pretrain_pass3.txt,21,ad,1
pretrain_pass3.txt,21,m,1
pretrain_pass3.txt,21,in,1
pretrain_pass3.txt,21,_,1
pretrain_pass3.txt,21,k,1
pretrain_pass3.txt,21,t,1
pretrain_pass3.txt,21, J,1
pretrain_pass3.txt,21,an,1
pretrain_pass3.txt,21, 2,1
pretrain_pass3.txt,21,1,1
pretrain_pass3.txt,21,",",1
pretrain_pass3.txt,21, 2017,1
pretrain_pass3.txt,21, |,1
pretrain_pass3.txt,21,|,1
pretrain_pass3.txt,21,©,1
pretrain_pass3.txt,21, C,1
pretrain_pass3.txt,21,A,1
pretrain_pass3.txt,21,M,2
pretrain_pass3.txt,21,D,1
pretrain_pass3.txt,21,O,2
pretrain_pass3.txt,21,N,1
pretrain_pass3.txt,21,E,1
pretrain_pass3.txt,21,W,1
pretrain_pass3.txt,21,S,1
pretrain_pass3.txt,21,.,1
pretrain_pass3.txt,21,C,1
pretrain_pass3.txt,22,23,1
pretrain_pass3.txt,22,9,1
pretrain_pass3.txt,22, |,367
pretrain_pass3.txt,22,|,369
pretrain_pass3.txt,22,1,364
pretrain_pass3.txt,22,4,3
pretrain_pass3.txt,22,0,1
pretrain_pass3.txt,22,12,1
pretrain_pass3.txt,22,7,2
pretrain_pass3.txt,22,3,1
pretrain_pass3.txt,22,2,1
pretrain_pass3.txt,22,8,2
pretrain_pass3.txt,22,5,1
pretrain_pass3.txt,22,30,1
pretrain_pass3.txt,22,6,1
pretrain_pass3.txt,22,00,1
pretrain_pass3.txt,22,10,1
pretrain_pass3.txt,22,50,1
pretrain_pass3.txt,22,20,1
pretrain_pass3.txt,22,22,1
pretrain_pass3.txt,22,88,358
pretrain_pass3.txt,22,||,1
pretrain_pass3.txt,22,E,1
pretrain_pass3.txt,22,m,1
pretrain_pass3.txt,22, 1,1
pretrain_pass3.txt,23, |,182
pretrain_pass3.txt,23,|,182
pretrain_pass3.txt,24,23,1
pretrain_pass3.txt,24,-,4
pretrain_pass3.txt,24,J,1
pretrain_pass3.txt,24,an,2
pretrain_pass3.txt,24,201,2
pretrain_pass3.txt,24,7,2
pretrain_pass3.txt,24, 8,1
pretrain_pass3.txt,24,:,2
pretrain_pass3.txt,24,4,1
pretrain_pass3.txt,24,2,1
pretrain_pass3.txt,24,am,1
pretrain_pass3.txt,24,...,1
pretrain_pass3.txt,24,?,1
pretrain_pass3.txt,24, 2,1
pretrain_pass3.txt,24,1,1
pretrain_pass3.txt,24,M,1
pretrain_pass3.txt,24,ay,1
pretrain_pass3.txt,24,6,2
pretrain_pass3.txt,24, 1,1
pretrain_pass3.txt,24,5,1
pretrain_pass3.txt,24,8,1
pretrain_pass3.txt,24, p,1
pretrain_pass3.txt,24,m,1
pretrain_pass3.txt,24,),11
pretrain_pass3.txt,24,.,1
pretrain_pass3.txt,24, (,1
pretrain_pass3.txt,24,P,1
pretrain_pass3.txt,24,er,1
pretrain_pass3.txt,24,f,1
pretrain_pass3.txt,24,ect,1
pretrain_pass3.txt,24, B,1
pretrain_pass3.txt,24,k,1
pretrain_pass3.txt,24, P,1
pretrain_pass3.txt,24,R,1
pretrain_pass3.txt,24,E,1
pretrain_pass3.txt,24,S,2
pretrain_pass3.txt,24,I,1
pretrain_pass3.txt,24,O,1
pretrain_pass3.txt,24,N,1
pretrain_pass3.txt,24, CO,1
pretrain_pass3.txt,24,B,1
pretrain_pass3.txt,24,A,1
pretrain_pass3.txt,24,Y,1
pretrain_pass3.txt,24, L,1
pretrain_pass3.txt,24,T,1
pretrain_pass3.txt,24,D,1
pretrain_pass3.txt,24, 0,2
pretrain_pass3.txt,24,9,1
pretrain_pass3.txt,24,3,1
pretrain_pass3.txt,24, 9,1
pretrain_pass3.txt,24,0,1
pretrain_pass3.txt,24, 6,1
pretrain_pass3.txt,24, 7,1
pretrain_pass3.txt,24, /,1
pretrain_pass3.txt,24,12,1
pretrain_pass3.txt,24, 5,1
pretrain_pass3.txt,24,88,1
pretrain_pass3.txt,24, 4,1
pretrain_pass3.txt,24,00,1
pretrain_pass3.txt,24, 3,1
pretrain_pass3.txt,24,000,1
pretrain_pass3.txt,25,k,1
pretrain_pass3.txt,25,amp,1
pretrain_pass3.txt,25,uc,1
pretrain_pass3.txt,25,he,1
pretrain_pass3.txt,25,a,1
pretrain_pass3.txt,25, K,1
pretrain_pass3.txt,25,r,1
pretrain_pass3.txt,25,om,2
pretrain_pass3.txt,25, P,1
pretrain_pass3.txt,25,en,1
pretrain_pass3.txt,25,h,1
pretrain_pass3.txt,25,at,1
pretrain_pass3.txt,25, the,1
pretrain_pass3.txt,25, Ph,1
pretrain_pass3.txt,25,n,1
pretrain_pass3.txt,25, S,1
pretrain_pass3.txt,25,un,1
pretrain_pass3.txt,25,",",1
pretrain_pass3.txt,25, 2,1
pretrain_pass3.txt,25,8,1
pretrain_pass3.txt,25, Mar,1
pretrain_pass3.txt,25,ch,1
pretrain_pass3.txt,25, 2017,1
pretrain_pass3.txt,25, |,1
pretrain_pass3.txt,25,|,1
pretrain_pass3.txt,25, 0,1
pretrain_pass3.txt,25,1,1
pretrain_pass3.txt,25,:,1
pretrain_pass3.txt,25,4,1
pretrain_pass3.txt,25,5,1
pretrain_pass3.txt,25, p,1
pretrain_pass3.txt,25,m,1
pretrain_pass3.txt,25, B,1
pretrain_pass3.txt,25,ack,1
pretrain_pass3.txt,25, to,1
pretrain_pass3.txt,25, t,1
pretrain_pass3.txt,25,op,1
pretrain_pass3.txt,25, b,1
pretrain_pass3.txt,25,ut,1
pretrain_pass3.txt,25,t,1
pretrain_pass3.txt,25,on,1
pretrain_pass3.txt,25, w,1
pretrain_pass3.txt,25,ith,1
pretrain_pass3.txt,25, C,1
pretrain_pass3.txt,25,ambod,1
pretrain_pass3.txt,25,ian,1
pretrain_pass3.txt,25,s,1
pretrain_pass3.txt,25, and,1
pretrain_pass3.txt,25, s,1
pretrain_pass3.txt,25,up,1
pretrain_pass3.txt,25,p,1
pretrain_pass3.txt,25,ort,1
pretrain_pass3.txt,25,ed,1
pretrain_pass3.txt,25, c,1
pretrain_pass3.txt,25,l,1
pretrain_pass3.txt,25,ick,1
pretrain_pass3.txt,25,ing,1
pretrain_pass3.txt,25, on,1
pretrain_pass3.txt,25, h,1
pretrain_pass3.txt,25,is,1
pretrain_pass3.txt,25, re,1
pretrain_pass3.txt,25,al,1
pretrain_pass3.txt,25, m,1
pretrain_pass3.txt,25,one,1
pretrain_pass3.txt,25,y,1
pretrain_pass3.txt,25,.,1
pretrain_pass3.txt,26,23,1
pretrain_pass3.txt,26,1,1
pretrain_pass3.txt,26, |,13
pretrain_pass3.txt,26,|,13
pretrain_pass3.txt,26, 1,1
pretrain_pass3.txt,26,3,1
pretrain_pass3.txt,26,2,1
pretrain_pass3.txt,26, 19,1
pretrain_pass3.txt,26,6,1
pretrain_pass3.txt,26, 2,1
pretrain_pass3.txt,26,5,1
pretrain_pass3.txt,26,4,1
pretrain_pass3.txt,26, 20,1
pretrain_pass3.txt,26,7,1
pretrain_pass3.txt,26, 3,1
pretrain_pass3.txt,26,8,2
pretrain_pass3.txt,26,9,2
pretrain_pass3.txt,26, 4,1
pretrain_pass3.txt,26,0,1
pretrain_pass3.txt,26, 6,1
pretrain_pass3.txt,26,10,1
pretrain_pass3.txt,26, 7,1
pretrain_pass3.txt,26,50,1
pretrain_pass3.txt,26, 5,1
pretrain_pass3.txt,26,00,1
pretrain_pass3.txt,26, 8,1
pretrain_pass3.txt,26,20,1
pretrain_pass3.txt,26, 9,1
pretrain_pass3.txt,26,30,1
pretrain_pass3.txt,26, 10,1
pretrain_pass3.txt,26,",",1
pretrain_pass3.txt,26,12,1
pretrain_pass3.txt,26, 11,1
pretrain_pass3.txt,26,.,1
pretrain_pass3.txt,26,K,1
pretrain_pass3.txt,26, M,1
pretrain_pass3.txt,26,et,1
pretrain_pass3.txt,26,a,1
pretrain_pass3.txt,26,T,1
pretrain_pass3.txt,26,r,1
pretrain_pass3.txt,26,ad,1
pretrain_pass3.txt,26,er,2
pretrain_pass3.txt,26, News,1
pretrain_pass3.txt,26,:,1
pretrain_pass3.txt,26,!,1
pretrain_pass3.txt,26, A,1
pretrain_pass3.txt,26,d,1
pretrain_pass3.txt,26,am,1
pretrain_pass3.txt,26, L,1
pretrain_pass3.txt,26,an,1
pretrain_pass3.txt,26,c,1
pretrain_pass3.txt,26,ast,1
pretrain_pass3.txt,26, 2021,1
pretrain_pass3.txt,26,-,1
pretrain_pass3.txt,26,2023,1
pretrain_pass3.txt,26, -,1
pretrain_pass3.txt,26,----,7
pretrain_pass3.txt,26,--,1
pretrain_pass3.txt,26,>,1
pretrain_pass3.txt,27,23,1
pretrain_pass3.txt,27,1,1
pretrain_pass3.txt,27, |,10
pretrain_pass3.txt,27,|,10
pretrain_pass3.txt,27,88,1
pretrain_pass3.txt,27,-,2
pretrain_pass3.txt,27, 2,1
pretrain_pass3.txt,27,2,1
pretrain_pass3.txt,27,9,1
pretrain_pass3.txt,27, «,1
pretrain_pass3.txt,27,»,1
pretrain_pass3.txt,27, 1,1
pretrain_pass3.txt,27,3,1
pretrain_pass3.txt,27,4,1
pretrain_pass3.txt,27, -,1
pretrain_pass3.txt,27, 15,1
pretrain_pass3.txt,27,5,1
pretrain_pass3.txt,27, (,1
pretrain_pass3.txt,27,.,2
pretrain_pass3.txt,27,),1
pretrain_pass3.txt,27, 5,1
pretrain_pass3.txt,27,6,1
pretrain_pass3.txt,28,23,1
pretrain_pass3.txt,28,9,9
pretrain_pass3.txt,28, |,254
pretrain_pass3.txt,28,|,253
pretrain_pass3.txt,28, 1,232
pretrain_pass3.txt,28,6,1
pretrain_pass3.txt,28,3,2
pretrain_pass3.txt,28, 2,3
pretrain_pass3.txt,28,5,1
pretrain_pass3.txt,28,4,1
pretrain_pass3.txt,28, 19,1
pretrain_pass3.txt,28,8,200
pretrain_pass3.txt,28, 3,1
pretrain_pass3.txt,28,7,1
pretrain_pass3.txt,28,1,239
pretrain_pass3.txt,28, 20,1
pretrain_pass3.txt,28,0,2
pretrain_pass3.txt,28, 4,1
pretrain_pass3.txt,28,2,1
pretrain_pass3.txt,28,.,1
pretrain_pass3.txt,28,12,1
pretrain_pass3.txt,28, 7,1
pretrain_pass3.txt,28, 5,1
pretrain_pass3.txt,28,00,1
pretrain_pass3.txt,28, 6,1
pretrain_pass3.txt,28,50,1
pretrain_pass3.txt,28, 8,1
pretrain_pass3.txt,28,20,1
pretrain_pass3.txt,28, 9,1
pretrain_pass3.txt,28,30,1
pretrain_pass3.txt,28, 10,1
pretrain_pass3.txt,28,",",242
pretrain_pass3.txt,28,10,6
pretrain_pass3.txt,28, 11,1
pretrain_pass3.txt,28, 12,1
pretrain_pass3.txt,28,88,1
pretrain_pass3.txt,28, 15,1
pretrain_pass3.txt,28, 0,1
pretrain_pass3.txt,28, (,1
pretrain_pass3.txt,28,c,1
pretrain_pass3.txt,28,o,1
pretrain_pass3.txt,28,ok,1
pretrain_pass3.txt,28,ie,1
pretrain_pass3.txt,28,),1
pretrain_pass3.txt,28, 100,1
pretrain_pass3.txt,28, 24,1
pretrain_pass3.txt,28,||,1
pretrain_pass3.txt,29,23,1
pretrain_pass3.txt,29,9,244
pretrain_pass3.txt,29, |,258
pretrain_pass3.txt,29,|,258
pretrain_pass3.txt,29,1,250
pretrain_pass3.txt,29,4,239
pretrain_pass3.txt,29,3,5
pretrain_pass3.txt,29,12,1
pretrain_pass3.txt,29,7,1
pretrain_pass3.txt,29,2,4
pretrain_pass3.txt,29,8,4
pretrain_pass3.txt,29,6,1
pretrain_pass3.txt,29,10,1
pretrain_pass3.txt,29,5,9
pretrain_pass3.txt,29,0,1
pretrain_pass3.txt,29,30,1
pretrain_pass3.txt,29,20,1
pretrain_pass3.txt,29,00,1
pretrain_pass3.txt,29,50,1
pretrain_pass3.txt,29,22,1
pretrain_pass3.txt,29,88,1
pretrain_pass3.txt,29, 1,1
pretrain_pass3.txt,30,23,1
pretrain_pass3.txt,30, |,1
pretrain_pass3.txt,30,|,1
pretrain_pass3.txt,30, 1,1
pretrain_pass3.txt,30,4,1
pretrain_pass3.txt,30,8,1
pretrain_pass3.txt,30,©,1
pretrain_pass3.txt,30, C,1
pretrain_pass3.txt,30,op,1
pretrain_pass3.txt,30,y,1
pretrain_pass3.txt,30,r,1
pretrain_pass3.txt,30,ight,1
pretrain_pass3.txt,30, 2017,1
pretrain_pass3.txt,30, -,1
pretrain_pass3.txt,31,23,2
pretrain_pass3.txt,31,7,1
pretrain_pass3.txt,31, |,2
pretrain_pass3.txt,31,|,2
pretrain_pass3.txt,31,8,1
pretrain_pass3.txt,31,-,1
pretrain_pass3.txt,31,",",19
pretrain_pass3.txt,32,23,1
pretrain_pass3.txt,32,-,10
pretrain_pass3.txt,32,J,1
pretrain_pass3.txt,32,an,1
pretrain_pass3.txt,32,201,5
pretrain_pass3.txt,32,7,3
pretrain_pass3.txt,32, 2,1
pretrain_pass3.txt,32,:,5
pretrain_pass3.txt,32,1,1
pretrain_pass3.txt,32,9,2
pretrain_pass3.txt,32, p,2
pretrain_pass3.txt,32,m,2
pretrain_pass3.txt,32, (,1
pretrain_pass3.txt,32,U,1
pretrain_pass3.txt,32,P,1
pretrain_pass3.txt,32,),1
pretrain_pass3.txt,32, M,1
pretrain_pass3.txt,32,S,1
pretrain_pass3.txt,32,M,1
pretrain_pass3.txt,32,E,1
pretrain_pass3.txt,32,s,1
pretrain_pass3.txt,32,...,1
pretrain_pass3.txt,32,?,1
pretrain_pass3.txt,32,!,1
pretrain_pass3.txt,32, 10,1
pretrain_pass3.txt,32,D,4
pretrain_pass3.txt,32,ec,4
pretrain_pass3.txt,32,8,4
pretrain_pass3.txt,32, 6,1
pretrain_pass3.txt,32,0,1
pretrain_pass3.txt,32,4,1
pretrain_pass3.txt,32,am,3
pretrain_pass3.txt,32, 1,2
pretrain_pass3.txt,32,3,1
pretrain_pass3.txt,32, 12,1
pretrain_pass3.txt,32,2,1
pretrain_pass3.txt,32,5,1
pretrain_pass3.txt,32, 11,1
pretrain_pass3.txt,32, 8,1
pretrain_pass3.txt,32,30,1
pretrain_pass3.txt,32, Facebook,1
pretrain_pass3.txt,32, B,1
pretrain_pass3.txt,32,iz,1
pretrain_pass3.txt,32,K,1
pretrain_pass3.txt,32,h,1
pretrain_pass3.txt,32,mer,1
pretrain_pass3.txt,32, 3,1
pretrain_pass3.txt,32,",",4
pretrain_pass3.txt,32,6,1
pretrain_pass3.txt,32,00,1
pretrain_pass3.txt,32, 5,2
pretrain_pass3.txt,32,10,1
pretrain_pass3.txt,32,22,1
pretrain_pass3.txt,32, 0,1
pretrain_pass3.txt,32,50,1
pretrain_pass3.txt,32, A,1
pretrain_pass3.txt,32,B,1
pretrain_pass3.txt,32,A,1
pretrain_pass3.txt,32,.,1
pretrain_pass3.txt,32,....,1
pretrain_pass3.txt,32, S,1
pretrain_pass3.txt,32,it,1
pretrain_pass3.txt,32,th,1
pretrain_pass3.txt,32,ich,1
pretrain_pass3.txt,32,ai,1
pretrain_pass3.txt,32, P,1
pretrain_pass3.txt,32,r,1
pretrain_pass3.txt,32,ang,1
pretrain_pass3.txt,32, K,1
pretrain_pass3.txt,32,ann,1
pretrain_pass3.txt,32,ar,1
pretrain_pass3.txt,32,un,1
pretrain_pass3.txt,33,23,1
pretrain_pass3.txt,33,9,2
pretrain_pass3.txt,33, |,13
pretrain_pass3.txt,33,|,13
pretrain_pass3.txt,33,1,6
pretrain_pass3.txt,33,8,1
pretrain_pass3.txt,33,5,1
pretrain_pass3.txt,33,0,1
pretrain_pass3.txt,33,7,2
pretrain_pass3.txt,33,6,1
pretrain_pass3.txt,33,2,2
pretrain_pass3.txt,33,4,3
pretrain_pass3.txt,33,3,1
pretrain_pass3.txt,33,30,1
pretrain_pass3.txt,33,12,1
pretrain_pass3.txt,33,20,1
pretrain_pass3.txt,33,22,1
pretrain_pass3.txt,33,10,1
pretrain_pass3.txt,33,50,1
pretrain_pass3.txt,33,201,1
pretrain_pass3.txt,33,00,1
pretrain_pass3.txt,33,000,1
pretrain_pass3.txt,33,",000",1
pretrain_pass3.txt,33,",",1
pretrain_pass3.txt,33,88,1
pretrain_pass3.txt,34,23,1
pretrain_pass3.txt,34,-,3
pretrain_pass3.txt,34,J,1
pretrain_pass3.txt,34,an,1
pretrain_pass3.txt,34,201,1
pretrain_pass3.txt,34,7,1
pretrain_pass3.txt,34, 2,1
pretrain_pass3.txt,34,:,1
pretrain_pass3.txt,34,5,1
pretrain_pass3.txt,34,9,1
pretrain_pass3.txt,34, p,1
pretrain_pass3.txt,34,m,1
pretrain_pass3.txt,34,×,1
pretrain_pass3.txt,34,...,1
pretrain_pass3.txt,34, |,1
pretrain_pass3.txt,34,|,1
pretrain_pass3.txt,34, 1,1
pretrain_pass3.txt,34,8,1
pretrain_pass3.txt,34,3,1
pretrain_pass3.txt,34,2,1
pretrain_pass3.txt,34, K,1
pretrain_pass3.txt,34,C,1
pretrain_pass3.txt,34, C,1
pretrain_pass3.txt,34,on,1
pretrain_pass3.txt,34,st,1
pretrain_pass3.txt,34,r,1
pretrain_pass3.txt,34,uc,1
pretrain_pass3.txt,34,t,1
pretrain_pass3.txt,34,ion,1
pretrain_pass3.txt,34, S,1
pretrain_pass3.txt,34,up,1
pretrain_pass3.txt,34,er,1
pretrain_pass3.txt,34,v,1
pretrain_pass3.txt,34,is,1
pretrain_pass3.txt,34,or,1
pretrain_pass3.txt,34, (,1
pretrain_pass3.txt,34,K,1
pretrain_pass3.txt,34,S,1
pretrain_pass3.txt,34,P,1
pretrain_pass3.txt,34,E,1
pretrain_pass3.txt,34,),1
pretrain_pass3.txt,34, «,1
pretrain_pass3.txt,34,»,1
pretrain_pass3.txt,35,23,2
pretrain_pass3.txt,35,1,1
pretrain_pass3.txt,35, |,18
pretrain_pass3.txt,35,|,18
pretrain_pass3.txt,35, 0,2
pretrain_pass3.txt,35,2,1
pretrain_pass3.txt,35,5,1
pretrain_pass3.txt,35,3,1
pretrain_pass3.txt,35,6,1
pretrain_pass3.txt,35, 2,1
pretrain_pass3.txt,35,9,13
pretrain_pass3.txt,35,8,1
pretrain_pass3.txt,35, 1,2
pretrain_pass3.txt,35,7,1
pretrain_pass3.txt,35,4,1
pretrain_pass3.txt,35, 3,1
pretrain_pass3.txt,35,0,1
pretrain_pass3.txt,35,.,1
pretrain_pass3.txt,35,12,1
pretrain_pass3.txt,35, 5,1
pretrain_pass3.txt,35,00,1
pretrain_pass3.txt,35, 6,1
pretrain_pass3.txt,35,50,1
pretrain_pass3.txt,35, 4,1
pretrain_pass3.txt,35,30,1
pretrain_pass3.txt,35, 7,1
pretrain_pass3.txt,35,20,1
pretrain_pass3.txt,35, 9,2
pretrain_pass3.txt,35, 8,1
pretrain_pass3.txt,35,10,1
pretrain_pass3.txt,35, 10,1
pretrain_pass3.txt,35,",",7
pretrain_pass3.txt,35,88,1
pretrain_pass3.txt,35, 12,1
pretrain_pass3.txt,35, 11,1
pretrain_pass3.txt,35, 15,1
pretrain_pass3.txt,35,22,1
pretrain_pass3.txt,36,23,1
pretrain_pass3.txt,36,-0,1
pretrain_pass3.txt,36,7,1
pretrain_pass3.txt,36,-,2
pretrain_pass3.txt,36,201,1
pretrain_pass3.txt,36,6,1
pretrain_pass3.txt,36, |,1
pretrain_pass3.txt,36,|,1
pretrain_pass3.txt,36,1,1
pretrain_pass3.txt,36,3,2
pretrain_pass3.txt,36,-1,1
pretrain_pass3.txt,36,2,1
pretrain_pass3.txt,36,20,1
pretrain_pass3.txt,36,22,1
pretrain_pass3.txt,36, 1,2
pretrain_pass3.txt,36, 2,1
pretrain_pass3.txt,36, 3,1
pretrain_pass3.txt,36, 4,1
pretrain_pass3.txt,36, 5,1
pretrain_pass3.txt,36, 6,1
pretrain_pass3.txt,36, 7,1
pretrain_pass3.txt,36, 8,1
pretrain_pass3.txt,36, 9,1
pretrain_pass3.txt,36, 10,1
pretrain_pass3.txt,36, 11,1
pretrain_pass3.txt,36, 12,1
pretrain_pass3.txt,36, •,3
pretrain_pass3.txt,36, 15,1
pretrain_pass3.txt,36,4,1
pretrain_pass3.txt,37,23,1
pretrain_pass3.txt,37,6,1
pretrain_pass3.txt,37, |,275
pretrain_pass3.txt,37,|,275
pretrain_pass3.txt,37,1,273
pretrain_pass3.txt,37,8,5
pretrain_pass3.txt,37,2,1
pretrain_pass3.txt,37,12,1
pretrain_pass3.txt,37,4,4
pretrain_pass3.txt,37,10,1
pretrain_pass3.txt,37,7,1
pretrain_pass3.txt,37,0,267
pretrain_pass3.txt,37,9,255
pretrain_pass3.txt,37,5,1
pretrain_pass3.txt,37,20,1
pretrain_pass3.txt,37,3,1
pretrain_pass3.txt,37,30,1
pretrain_pass3.txt,37,50,1
pretrain_pass3.txt,37,00,1
pretrain_pass3.txt,37,22,1
pretrain_pass3.txt,37,88,1
pretrain_pass3.txt,37,||,1
pretrain_pass3.txt,37,S,1
pretrain_pass3.txt,37,m,1
pretrain_pass3.txt,37,ir,1
pretrain_pass3.txt,37,r,1
pretrain_pass3.txt,37,or,1
pretrain_pass3.txt,37,s,1
pretrain_pass3.txt,37,/,1
pretrain_pass3.txt,37, -,1
pretrain_pass3.txt,37, (,1
pretrain_pass3.txt,37,M,1
pretrain_pass3.txt,38,23,1
pretrain_pass3.txt,38,-,4
pretrain_pass3.txt,38,J,1
pretrain_pass3.txt,38,un,1
pretrain_pass3.txt,38,201,1
pretrain_pass3.txt,38,7,1
pretrain_pass3.txt,38, 8,1
pretrain_pass3.txt,38,:,2
pretrain_pass3.txt,38,3,1
pretrain_pass3.txt,38,4,1
pretrain_pass3.txt,38,am,1
pretrain_pass3.txt,38,...,1
pretrain_pass3.txt,38, «,1
pretrain_pass3.txt,38,?,1
pretrain_pass3.txt,38,»,1
pretrain_pass3.txt,38, 2,1
pretrain_pass3.txt,38,1,2
pretrain_pass3.txt,38,F,1
pretrain_pass3.txt,38,eb,1
pretrain_pass3.txt,38,20,1
pretrain_pass3.txt,38,2,1
pretrain_pass3.txt,38, 1,1
pretrain_pass3.txt,38,6,1
pretrain_pass3.txt,38,0,1
pretrain_pass3.txt,38,9,1
pretrain_pass3.txt,38, C,1
pretrain_pass3.txt,38,op,1
pretrain_pass3.txt,38,y,2
pretrain_pass3.txt,38,r,1
pretrain_pass3.txt,38,ight,2
pretrain_pass3.txt,38,©,1
pretrain_pass3.txt,38, 2018,1
pretrain_pass3.txt,38, B,1
pretrain_pass3.txt,38,ay,1
pretrain_pass3.txt,38,K,1
pretrain_pass3.txt,38,d,1
pretrain_pass3.txt,38,ang,1
pretrain_pass3.txt,38,.,2
pretrain_pass3.txt,38, Al,1
pretrain_pass3.txt,38,l,1
pretrain_pass3.txt,38, r,2
pretrain_pass3.txt,38,s,1
pretrain_pass3.txt,38,es,1
pretrain_pass3.txt,38,er,2
pretrain_pass3.txt,38,v,1
pretrain_pass3.txt,38,ed,2
pretrain_pass3.txt,38, P,1
pretrain_pass3.txt,38,ow,1
pretrain_pass3.txt,38, b,1
pretrain_pass3.txt,38, D,1
pretrain_pass3.txt,38,A,1
pretrain_pass3.txt,38,P,1
pretrain_pass3.txt,38, News,1
pretrain_pass3.txt,39,23,1
pretrain_pass3.txt,39,9,2
pretrain_pass3.txt,39, |,9
pretrain_pass3.txt,39,|,9
pretrain_pass3.txt,39,1,2
pretrain_pass3.txt,39,3,1
pretrain_pass3.txt,39,5,1
pretrain_pass3.txt,39,2,1
pretrain_pass3.txt,39,4,2
pretrain_pass3.txt,39,6,1
pretrain_pass3.txt,39,0,1
pretrain_pass3.txt,39,8,2
pretrain_pass3.txt,39,7,1
pretrain_pass3.txt,39,20,1
pretrain_pass3.txt,39,00,1
pretrain_pass3.txt,39,10,1
pretrain_pass3.txt,39,50,1
pretrain_pass3.txt,39,12,1
pretrain_pass3.txt,39,30,1
pretrain_pass3.txt,39,88,1
pretrain_pass3.txt,39,201,1
pretrain_pass3.txt,39,||,1
pretrain_pass3.txt,39, «,1
pretrain_pass3.txt,39,»,1
pretrain_pass3.txt,39, (,1
pretrain_pass3.txt,39,E,1
pretrain_pass3.txt,39,n,1
pretrain_pass3.txt,39,g,1
pretrain_pass3.txt,39,l,1
pretrain_pass3.txt,39,ish,1
pretrain_pass3.txt,39,),1
pretrain_pass3.txt,39, “,1
pretrain_pass3.txt,39,”,1
pretrain_pass3.txt,39,“,1
pretrain_pass3.txt,39,"""",4
pretrain_pass3.txt,39, -,3
pretrain_pass3.txt,39,?,2
pretrain_pass3.txt,39," """,3
pretrain_pass3.txt,39,",",1
pretrain_pass3.txt,39,!,1
pretrain_pass3.txt,40,23,1
pretrain_pass3.txt,40, |,5
pretrain_pass3.txt,40,|,5
pretrain_pass3.txt,40, 1,1
pretrain_pass3.txt,40,3,1
pretrain_pass3.txt,40,6,1
pretrain_pass3.txt,40, 2,1
pretrain_pass3.txt,40,5,1
pretrain_pass3.txt,40,8,1
pretrain_pass3.txt,40, 19,1
pretrain_pass3.txt,40,9,1
pretrain_pass3.txt,40,7,1
pretrain_pass3.txt,40,-1,1
pretrain_pass3.txt,40,2,1
pretrain_pass3.txt,40,-,1
pretrain_pass3.txt,40,2023,1
pretrain_pass3.txt,40, 3,1
pretrain_pass3.txt,40,4,1
pretrain_pass3.txt,40,0,1
pretrain_pass3.txt,40, 20,1
pretrain_pass3.txt,40,00,1
pretrain_pass3.txt,40,-0,1
pretrain_pass3.txt,40,1,1
pretrain_pass3.txt,40, «,1
pretrain_pass3.txt,40,»,1
pretrain_pass3.txt,41,23,1
pretrain_pass3.txt,41,1,5
pretrain_pass3.txt,41, |,27
pretrain_pass3.txt,41,|,27
pretrain_pass3.txt,41,3,2
pretrain_pass3.txt,41,4,6
pretrain_pass3.txt,41,2,4
pretrain_pass3.txt,41,5,2
pretrain_pass3.txt,41,7,27
pretrain_pass3.txt,41,8,3
pretrain_pass3.txt,41,6,4
pretrain_pass3.txt,41,9,13
pretrain_pass3.txt,41,0,2
pretrain_pass3.txt,41,10,1
pretrain_pass3.txt,41,12,1
pretrain_pass3.txt,41,20,1
pretrain_pass3.txt,41,30,1
pretrain_pass3.txt,41,88,1
pretrain_pass3.txt,41,50,1
pretrain_pass3.txt,41,00,1
pretrain_pass3.txt,41,22,1
pretrain_pass3.txt,41,000,1
pretrain_pass3.txt,42,23,2
pretrain_pass3.txt,42,1,6
pretrain_pass3.txt,42, |,230
pretrain_pass3.txt,42,|,231
pretrain_pass3.txt,42, 3,1
pretrain_pass3.txt,42,2,1
pretrain_pass3.txt,42,8,3
pretrain_pass3.txt,42, 2,1
pretrain_pass3.txt,42,9,1
pretrain_pass3.txt,42,6,1
pretrain_pass3.txt,42, 1,213
pretrain_pass3.txt,42,88,1
pretrain_pass3.txt,42, 6,1
pretrain_pass3.txt,42,3,1
pretrain_pass3.txt,42,7,4
pretrain_pass3.txt,42, 4,1
pretrain_pass3.txt,42,4,214
pretrain_pass3.txt,42,5,1
pretrain_pass3.txt,42, 8,1
pretrain_pass3.txt,42,0,213
pretrain_pass3.txt,42, 7,1
pretrain_pass3.txt,42,50,1
pretrain_pass3.txt,42, 9,2
pretrain_pass3.txt,42,30,1
pretrain_pass3.txt,42, 5,1
pretrain_pass3.txt,42,00,1
pretrain_pass3.txt,42, 10,1
pretrain_pass3.txt,42,20,1
pretrain_pass3.txt,42, 12,1
pretrain_pass3.txt,42,",",220
pretrain_pass3.txt,42,10,1
pretrain_pass3.txt,42, 11,1
pretrain_pass3.txt,42,12,1
pretrain_pass3.txt,42, 15,1
pretrain_pass3.txt,42,22,1
pretrain_pass3.txt,42, 20,1
pretrain_pass3.txt,42, 19,1
pretrain_pass3.txt,42, 0,1
pretrain_pass3.txt,42,||,1
pretrain_pass3.txt,43,23,1
pretrain_pass3.txt,43,9,1
pretrain_pass3.txt,43, |,1
pretrain_pass3.txt,44,23,2
pretrain_pass3.txt,44, |,237
pretrain_pass3.txt,44,|,241
pretrain_pass3.txt,44, 1,226
pretrain_pass3.txt,44,4,106
pretrain_pass3.txt,44,3,91
pretrain_pass3.txt,44, 2,1
pretrain_pass3.txt,44,1,218
pretrain_pass3.txt,44,6,1
pretrain_pass3.txt,44, 3,1
pretrain_pass3.txt,44,2,2
pretrain_pass3.txt,44,8,1
pretrain_pass3.txt,44, 4,1
pretrain_pass3.txt,44,9,1
pretrain_pass3.txt,44,5,1
pretrain_pass3.txt,44, 5,1
pretrain_pass3.txt,44,7,1
pretrain_pass3.txt,44,0,1
pretrain_pass3.txt,44, 6,1
pretrain_pass3.txt,44,88,1
pretrain_pass3.txt,44, 8,1
pretrain_pass3.txt,44,10,1
pretrain_pass3.txt,44, 7,1
pretrain_pass3.txt,44,20,1
pretrain_pass3.txt,44, 9,1
pretrain_pass3.txt,44,30,1
pretrain_pass3.txt,44, 10,1
pretrain_pass3.txt,44,",",1
pretrain_pass3.txt,44,00,1
pretrain_pass3.txt,44,.,219
pretrain_pass3.txt,44,12,2
pretrain_pass3.txt,44, 11,1
pretrain_pass3.txt,44,22,1
pretrain_pass3.txt,44, 12,1
pretrain_pass3.txt,44, 15,1
pretrain_pass3.txt,44,||,1
pretrain_pass3.txt,44,/,1
pretrain_pass3.txt,44,-,1
pretrain_pass3.txt,44, (,1
pretrain_pass3.txt,45,23,1
pretrain_pass3.txt,45,9,1
pretrain_pass3.txt,45, |,12
pretrain_pass3.txt,45,|,12
pretrain_pass3.txt,45, 1,1
pretrain_pass3.txt,45,4,1
pretrain_pass3.txt,45,1,1
pretrain_pass3.txt,45, 15,1
pretrain_pass3.txt,45,8,1
pretrain_pass3.txt,45, 19,1
pretrain_pass3.txt,45,6,1
pretrain_pass3.txt,45, 2,1
pretrain_pass3.txt,45,2,1
pretrain_pass3.txt,45,5,1
pretrain_pass3.txt,45, 3,1
pretrain_pass3.txt,45,3,1
pretrain_pass3.txt,45,7,1
pretrain_pass3.txt,45, 5,1
pretrain_pass3.txt,45,88,1
pretrain_pass3.txt,45, 6,1
pretrain_pass3.txt,45,0,1
pretrain_pass3.txt,45, 4,1
pretrain_pass3.txt,45,10,1
pretrain_pass3.txt,45, 7,1
pretrain_pass3.txt,45,20,1
pretrain_pass3.txt,45, 8,1
pretrain_pass3.txt,45,30,1
pretrain_pass3.txt,45, 20,1
pretrain_pass3.txt,45,00,1
pretrain_pass3.txt,45, 9,1
pretrain_pass3.txt,45,",",1
pretrain_pass3.txt,45,50,1
pretrain_pass3.txt,45,m,1
pretrain_pass3.txt,45,l,1
pretrain_pass3.txt,45,.,1
pretrain_pass3.txt,45,com,1
pretrain_pass3.txt,46,23,2
pretrain_pass3.txt,46,8,1
pretrain_pass3.txt,46, |,2
pretrain_pass3.txt,46,|,2
pretrain_pass3.txt,46,9,1
pretrain_pass3.txt,47,23,1
pretrain_pass3.txt,47,1,10
pretrain_pass3.txt,47, |,16
pretrain_pass3.txt,47,|,16
pretrain_pass3.txt,47,4,3
pretrain_pass3.txt,47,2,1
pretrain_pass3.txt,47,9,1
pretrain_pass3.txt,47,3,4
pretrain_pass3.txt,47,6,3
pretrain_pass3.txt,47,8,1
pretrain_pass3.txt,47,5,7
pretrain_pass3.txt,47,7,4
pretrain_pass3.txt,47,0,1
pretrain_pass3.txt,47,10,1
pretrain_pass3.txt,47,30,1
pretrain_pass3.txt,47,20,1
pretrain_pass3.txt,47,12,1
pretrain_pass3.txt,47,22,1
pretrain_pass3.txt,47,50,1
pretrain_pass3.txt,47,00,1
pretrain_pass3.txt,47,88,1
pretrain_pass3.txt,48,23,1
pretrain_pass3.txt,48,9,260
pretrain_pass3.txt,48, |,301
pretrain_pass3.txt,48,|,301
pretrain_pass3.txt,48,1,3
pretrain_pass3.txt,48,7,4
pretrain_pass3.txt,48,5,5
pretrain_pass3.txt,48,12,1
pretrain_pass3.txt,48,4,6
pretrain_pass3.txt,48,3,2
pretrain_pass3.txt,48,8,24
pretrain_pass3.txt,48,2,2
pretrain_pass3.txt,48,10,1
pretrain_pass3.txt,48,6,3
pretrain_pass3.txt,48,0,2
pretrain_pass3.txt,48,20,1
pretrain_pass3.txt,48,00,1
pretrain_pass3.txt,48,30,292
pretrain_pass3.txt,48,50,1
pretrain_pass3.txt,48,88,1
pretrain_pass3.txt,48,||,1
pretrain_pass3.txt,48, 1,1
pretrain_pass3.txt,48, 2,1
pretrain_pass3.txt,48, 3,1
pretrain_pass3.txt,48, 4,1
pretrain_pass3.txt,48, 5,1
pretrain_pass3.txt,48, 6,1
pretrain_pass3.txt,48, 7,1
pretrain_pass3.txt,48, 8,1
pretrain_pass3.txt,48, 9,1
pretrain_pass3.txt,48, 10,1
pretrain_pass3.txt,48, ...,1
pretrain_pass3.txt,48, 11,1
pretrain_pass3.txt,48, 12,1
pretrain_pass3.txt,48, /,1
pretrain_pass3.txt,48,©,1
pretrain_pass3.txt,48,201,1
pretrain_pass3.txt,49,23,1
pretrain_pass3.txt,49,9,1
pretrain_pass3.txt,49, |,1
pretrain_pass3.txt,50,23,1
pretrain_pass3.txt,50, |,1
pretrain_pass3.txt,50,|,1
pretrain_pass3.txt,50, 0,1
pretrain_pass3.txt,50,1,1
pretrain_pass3.txt,50,:,1
pretrain_pass3.txt,50,3,1
pretrain_pass3.txt,50,9,1
pretrain_pass3.txt,50, P,1
pretrain_pass3.txt,50,M,1
pretrain_pass3.txt,51,23,2
pretrain_pass3.txt,51,6,2
pretrain_pass3.txt,51, |,15
pretrain_pass3.txt,51,|,15
pretrain_pass3.txt,51, 1,1
pretrain_pass3.txt,51,4,2
pretrain_pass3.txt,51,8,3
pretrain_pass3.txt,51,2,1
pretrain_pass3.txt,51, 19,1
pretrain_pass3.txt,51,9,1
pretrain_pass3.txt,51,1,1
pretrain_pass3.txt,51, 2,1
pretrain_pass3.txt,51,5,1
pretrain_pass3.txt,51,7,3
pretrain_pass3.txt,51,0,1
pretrain_pass3.txt,51, 3,1
pretrain_pass3.txt,51,3,1
pretrain_pass3.txt,51, 20,1
pretrain_pass3.txt,51,00,1
pretrain_pass3.txt,51, 4,1
pretrain_pass3.txt,51,50,1
pretrain_pass3.txt,51, 6,1
pretrain_pass3.txt,51,88,1
pretrain_pass3.txt,51, 5,1
pretrain_pass3.txt,51,20,1
pretrain_pass3.txt,51, 7,1
pretrain_pass3.txt,51,30,1
pretrain_pass3.txt,51, 9,1
pretrain_pass3.txt,51,",",1
pretrain_pass3.txt,51,10,1
pretrain_pass3.txt,51, 8,1
pretrain_pass3.txt,51,.,1
pretrain_pass3.txt,51,12,1
pretrain_pass3.txt,51, 11,1
pretrain_pass3.txt,51, 12,1
pretrain_pass3.txt,51, 10,1
pretrain_pass3.txt,52,23,1
pretrain_pass3.txt,52,-,4
pretrain_pass3.txt,52,J,1
pretrain_pass3.txt,52,un,1
pretrain_pass3.txt,52,201,1
pretrain_pass3.txt,52,7,1
pretrain_pass3.txt,52, 8,1
pretrain_pass3.txt,52,:,2
pretrain_pass3.txt,52,5,1
pretrain_pass3.txt,52,4,1
pretrain_pass3.txt,52,am,1
pretrain_pass3.txt,52,.,3
pretrain_pass3.txt,52, (,1
pretrain_pass3.txt,52,),1
pretrain_pass3.txt,52,(,1
pretrain_pass3.txt,52,...,1
pretrain_pass3.txt,52,?,1
pretrain_pass3.txt,52, 2,1
pretrain_pass3.txt,52,1,2
pretrain_pass3.txt,52,F,1
pretrain_pass3.txt,52,eb,1
pretrain_pass3.txt,52,20,1
pretrain_pass3.txt,52,2,1
pretrain_pass3.txt,52, 1,1
pretrain_pass3.txt,52,3,1
pretrain_pass3.txt,52,0,1
pretrain_pass3.txt,52,6,1
pretrain_pass3.txt,52, «,1
pretrain_pass3.txt,52,»,1
pretrain_pass3.txt,52,....,1
pretrain_pass3.txt,53,23,1
pretrain_pass3.txt,53,-,9
pretrain_pass3.txt,53,J,1
pretrain_pass3.txt,53,an,1
pretrain_pass3.txt,53,201,4
pretrain_pass3.txt,53,7,4
pretrain_pass3.txt,53, 8,1
pretrain_pass3.txt,53,:,4
pretrain_pass3.txt,53,3,1
pretrain_pass3.txt,53,8,1
pretrain_pass3.txt,53,am,3
pretrain_pass3.txt,53,...,2
pretrain_pass3.txt,53,!,2
pretrain_pass3.txt,53, 0,1
pretrain_pass3.txt,53,9,3
pretrain_pass3.txt,53,M,1
pretrain_pass3.txt,53,ay,1
pretrain_pass3.txt,53, 2,1
pretrain_pass3.txt,53,4,1
pretrain_pass3.txt,53,0,1
pretrain_pass3.txt,53, p,1
pretrain_pass3.txt,53,m,1
pretrain_pass3.txt,53,),6
pretrain_pass3.txt,53, 20,1
pretrain_pass3.txt,53,F,2
pretrain_pass3.txt,53,eb,2
pretrain_pass3.txt,53, 10,1
pretrain_pass3.txt,53,10,1
pretrain_pass3.txt,53,?,1
pretrain_pass3.txt,53, 1,1
pretrain_pass3.txt,53,6,1
pretrain_pass3.txt,53, 11,1
pretrain_pass3.txt,53,2,1
pretrain_pass3.txt,53,1,1
pretrain_pass3.txt,53, Facebook,1
pretrain_pass3.txt,53, B,1
pretrain_pass3.txt,53,iz,1
pretrain_pass3.txt,53,K,1
pretrain_pass3.txt,53,h,1
pretrain_pass3.txt,53,mer,1
pretrain_pass3.txt,53, 3,1
pretrain_pass3.txt,53,",",2
pretrain_pass3.txt,53,5,1
pretrain_pass3.txt,53,00,1
pretrain_pass3.txt,53, 5,1
pretrain_pass3.txt,53,20,1
pretrain_pass3.txt,53,22,1
pretrain_pass3.txt,53, C,1
pretrain_pass3.txt,53,op,1
pretrain_pass3.txt,53,y,1
pretrain_pass3.txt,53,r,1
pretrain_pass3.txt,53,ight,1
pretrain_pass3.txt,53,©,1
pretrain_pass3.txt,53, 19,1
pretrain_pass3.txt,53, -,1
pretrain_pass3.txt,53, 2017,1
pretrain_pass3.txt,54,23,2
pretrain_pass3.txt,54, |,307
pretrain_pass3.txt,54,|,307
pretrain_pass3.txt,54, 1,1
pretrain_pass3.txt,54,3,17
pretrain_pass3.txt,54,4,17
pretrain_pass3.txt,54, 2,3
pretrain_pass3.txt,54,2,33
pretrain_pass3.txt,54,8,20
pretrain_pass3.txt,54, 3,291
pretrain_pass3.txt,54,1,124
pretrain_pass3.txt,54,6,9
pretrain_pass3.txt,54,9,24
pretrain_pass3.txt,54,7,19
pretrain_pass3.txt,54, 4,3
pretrain_pass3.txt,54,0,8
pretrain_pass3.txt,54,5,30
pretrain_pass3.txt,54, 24,1
pretrain_pass3.txt,54,10,1
pretrain_pass3.txt,54, 20,1
pretrain_pass3.txt,54, 6,1
pretrain_pass3.txt,54,30,1
pretrain_pass3.txt,54, 7,1
pretrain_pass3.txt,54,20,1
pretrain_pass3.txt,54, 5,1
pretrain_pass3.txt,54,00,1
pretrain_pass3.txt,54, 8,1
pretrain_pass3.txt,54,",",2
pretrain_pass3.txt,54,88,1
pretrain_pass3.txt,54, 9,1
pretrain_pass3.txt,54,12,1
pretrain_pass3.txt,54,50,1
pretrain_pass3.txt,54,.,1
pretrain_pass3.txt,54, 12,1
pretrain_pass3.txt,55,23,2
pretrain_pass3.txt,55,9,1
pretrain_pass3.txt,55, |,14
pretrain_pass3.txt,55,|,15
pretrain_pass3.txt,55, 1,1
pretrain_pass3.txt,55,8,2
pretrain_pass3.txt,55,1,1
pretrain_pass3.txt,55, 2,1
pretrain_pass3.txt,55,6,1
pretrain_pass3.txt,55,2,1
pretrain_pass3.txt,55, 19,1
pretrain_pass3.txt,55,3,1
pretrain_pass3.txt,55, 3,1
pretrain_pass3.txt,55,7,1
pretrain_pass3.txt,55,5,1
pretrain_pass3.txt,55, 20,1
pretrain_pass3.txt,55,4,1
pretrain_pass3.txt,55, 4,1
pretrain_pass3.txt,55,0,1
pretrain_pass3.txt,55, 7,1
pretrain_pass3.txt,55,50,1
pretrain_pass3.txt,55, 6,1
pretrain_pass3.txt,55,00,2
pretrain_pass3.txt,55, 5,1
pretrain_pass3.txt,55, 8,1
pretrain_pass3.txt,55,30,1
pretrain_pass3.txt,55, 9,1
pretrain_pass3.txt,55,10,1
pretrain_pass3.txt,55, 10,1
pretrain_pass3.txt,55,20,1
pretrain_pass3.txt,55, 11,1
pretrain_pass3.txt,55,88,1
pretrain_pass3.txt,55,",",2
pretrain_pass3.txt,55,22,1
pretrain_pass3.txt,55,||,1
pretrain_pass3.txt,55, 12,1
pretrain_pass3.txt,55,12,1
pretrain_pass3.txt,56,23,2
pretrain_pass3.txt,56,",",1
pretrain_pass3.txt,56,9,1
pretrain_pass3.txt,56,3,1
pretrain_pass3.txt,56,7,1
pretrain_pass3.txt,56, |,2
pretrain_pass3.txt,56,|,2
pretrain_pass3.txt,56,4,1
pretrain_pass3.txt,56,6,1
pretrain_pass3.txt,57,23,1
pretrain_pass3.txt,57,-,6
pretrain_pass3.txt,57,J,1
pretrain_pass3.txt,57,an,1
pretrain_pass3.txt,57,201,1
pretrain_pass3.txt,57,7,1
pretrain_pass3.txt,57, 8,1
pretrain_pass3.txt,57,:,1
pretrain_pass3.txt,57,0,1
pretrain_pass3.txt,57,8,1
pretrain_pass3.txt,57,am,1
pretrain_pass3.txt,57, |,1
pretrain_pass3.txt,57,|,1
pretrain_pass3.txt,57, (,1
pretrain_pass3.txt,57,C,2
pretrain_pass3.txt,57,R,1
pretrain_pass3.txt,57,B,1
pretrain_pass3.txt,57,),1
pretrain_pass3.txt,57,...,1
pretrain_pass3.txt,57, 0,1
pretrain_pass3.txt,57,9,1
pretrain_pass3.txt,57,N,1
pretrain_pass3.txt,57,ov,1
pretrain_pass3.txt,57,20,1
pretrain_pass3.txt,57,2,1
pretrain_pass3.txt,57,1,1
pretrain_pass3.txt,57, 2,1
pretrain_pass3.txt,57,5,1
pretrain_pass3.txt,57,S,1
pretrain_pass3.txt,57,ep,1
pretrain_pass3.txt,57,2023,1
pretrain_pass3.txt,57,",",1
pretrain_pass3.txt,57,.,1
pretrain_pass3.txt,57, ...,1
pretrain_pass3.txt,58,23,1
pretrain_pass3.txt,58,9,1
pretrain_pass3.txt,58, |,14
pretrain_pass3.txt,58,|,14
pretrain_pass3.txt,58, 1,1
pretrain_pass3.txt,58,3,1
pretrain_pass3.txt,58,5,1
pretrain_pass3.txt,58, 19,1
pretrain_pass3.txt,58,6,2
pretrain_pass3.txt,58, 2,1
pretrain_pass3.txt,58,7,2
pretrain_pass3.txt,58,8,1
pretrain_pass3.txt,58, 20,1
pretrain_pass3.txt,58,0,1
pretrain_pass3.txt,58, 3,1
pretrain_pass3.txt,58,4,1
pretrain_pass3.txt,58,1,1
pretrain_pass3.txt,58, 4,1
pretrain_pass3.txt,58,2,1
pretrain_pass3.txt,58, 7,1
pretrain_pass3.txt,58,50,1
pretrain_pass3.txt,58, 5,1
pretrain_pass3.txt,58,00,1
pretrain_pass3.txt,58, 6,1
pretrain_pass3.txt,58,20,1
pretrain_pass3.txt,58, 8,1
pretrain_pass3.txt,58,10,1
pretrain_pass3.txt,58, 9,1
pretrain_pass3.txt,58,30,1
pretrain_pass3.txt,58, 10,1
pretrain_pass3.txt,58,",",3
pretrain_pass3.txt,58,88,1
pretrain_pass3.txt,58, 15,1
pretrain_pass3.txt,58,12,1
pretrain_pass3.txt,58, 11,1
pretrain_pass3.txt,58,22,1
pretrain_pass3.txt,59,23,1
pretrain_pass3.txt,59,9,1
pretrain_pass3.txt,59, |,1
pretrain_pass3.txt,59,|,1
pretrain_pass3.txt,59,00,1
pretrain_pass3.txt,59,8,1
pretrain_pass3.txt,59,6,1
pretrain_pass3.txt,59, 1,1
pretrain_pass3.txt,59,3,1
pretrain_pass3.txt,59,4,1
pretrain_pass3.txt,59,5,1
pretrain_pass3.txt,59, 0,1
pretrain_pass3.txt,59,7,1
pretrain_pass3.txt,59,1,1
pretrain_pass3.txt,60,23,2
pretrain_pass3.txt,60, |,3
pretrain_pass3.txt,60,|,3
pretrain_pass3.txt,60, 1,1
pretrain_pass3.txt,60,3,1
pretrain_pass3.txt,60,1,1
pretrain_pass3.txt,60,||,3
pretrain_pass3.txt,60,6,1
pretrain_pass3.txt,60,4,1
pretrain_pass3.txt,60, 2,1
pretrain_pass3.txt,60,2,1
pretrain_pass3.txt,60,7,1
pretrain_pass3.txt,60,5,1
pretrain_pass3.txt,60,8,1
pretrain_pass3.txt,60,-,1
pretrain_pass3.txt,61,23,1
pretrain_pass3.txt,61,9,1
pretrain_pass3.txt,61, |,1
pretrain_pass3.txt,61,|,1
pretrain_pass3.txt,61, 1,1
pretrain_pass3.txt,61,4,1
pretrain_pass3.txt,61,3,1
pretrain_pass3.txt,61,||,1
pretrain_pass3.txt,62,23,1
pretrain_pass3.txt,62,9,22
pretrain_pass3.txt,62, |,30
pretrain_pass3.txt,62,|,30
pretrain_pass3.txt,62,1,7
pretrain_pass3.txt,62,4,4
pretrain_pass3.txt,62,5,3
pretrain_pass3.txt,62,8,6
pretrain_pass3.txt,62,0,4
pretrain_pass3.txt,62,6,1
pretrain_pass3.txt,62,7,11
pretrain_pass3.txt,62,2,4
pretrain_pass3.txt,62,50,1
pretrain_pass3.txt,62,3,2
pretrain_pass3.txt,62,30,1
pretrain_pass3.txt,62,88,1
pretrain_pass3.txt,62,20,2
pretrain_pass3.txt,62,00,1
pretrain_pass3.txt,62,10,19
pretrain_pass3.txt,62,12,1
pretrain_pass3.txt,62,22,1
pretrain_pass3.txt,62,201,1
pretrain_pass3.txt,63,23,1
pretrain_pass3.txt,63, |,2
pretrain_pass3.txt,63,|,2
pretrain_pass3.txt,63, 2,1
pretrain_pass3.txt,63,1,1
pretrain_pass3.txt,63, 20,1
pretrain_pass3.txt,63,0,1
pretrain_pass3.txt,63,9,1
pretrain_pass3.txt,63,8,1
pretrain_pass3.txt,63, «,1
pretrain_pass3.txt,63,»,1
pretrain_pass3.txt,64,23,1
pretrain_pass3.txt,64,-,4
pretrain_pass3.txt,64,J,1
pretrain_pass3.txt,64,an,1
pretrain_pass3.txt,64,201,1
pretrain_pass3.txt,64,7,1
pretrain_pass3.txt,64, 9,1
pretrain_pass3.txt,64,:,2
pretrain_pass3.txt,64,5,1
pretrain_pass3.txt,64,6,1
pretrain_pass3.txt,64,am,1
pretrain_pass3.txt,64,...,1
pretrain_pass3.txt,64,?,1
pretrain_pass3.txt,64, 2,1
pretrain_pass3.txt,64,1,2
pretrain_pass3.txt,64,F,2
pretrain_pass3.txt,64,eb,1
pretrain_pass3.txt,64,20,1
pretrain_pass3.txt,64,2,1
pretrain_pass3.txt,64, 1,1
pretrain_pass3.txt,64,4,1
pretrain_pass3.txt,64,3,1
pretrain_pass3.txt,64,9,1
pretrain_pass3.txt,64, W,1
pretrain_pass3.txt,64,W,1
pretrain_pass3.txt,64, (,1
pretrain_pass3.txt,64,D,1
pretrain_pass3.txt,64,B,1
pretrain_pass3.txt,64,S,1
pretrain_pass3.txt,64,T,1
pretrain_pass3.txt,64,),1
pretrain_pass3.txt,65,',4
pretrain_pass3.txt,65,?,1
pretrain_pass3.txt,65, |,2
pretrain_pass3.txt,65,|,2
pretrain_pass3.txt,65, -,1
pretrain_pass3.txt,65,-,2
pretrain_pass3.txt,65, R,1
pretrain_pass3.txt,65,o,1
pretrain_pass3.txt,65,ber,1
pretrain_pass3.txt,65,t,1
pretrain_pass3.txt,65, L,1
pretrain_pass3.txt,65,ew,1
pretrain_pass3.txt,65,is,1
pretrain_pass3.txt,65, (,1
pretrain_pass3.txt,65,O,1
pretrain_pass3.txt,65,H,2
pretrain_pass3.txt,65,C,1
pretrain_pass3.txt,65,R,1
pretrain_pass3.txt,65,),1
pretrain_pass3.txt,65, “,1
pretrain_pass3.txt,65,”,1
pretrain_pass3.txt,66,23,1
pretrain_pass3.txt,66,9,1
pretrain_pass3.txt,66, |,10
pretrain_pass3.txt,66,|,10
pretrain_pass3.txt,66, 1,1
pretrain_pass3.txt,66,3,1
pretrain_pass3.txt,66,5,1
pretrain_pass3.txt,66, 19,1
pretrain_pass3.txt,66,6,1
pretrain_pass3.txt,66, 20,1
pretrain_pass3.txt,66,7,1
pretrain_pass3.txt,66, 2,1
pretrain_pass3.txt,66,8,1
pretrain_pass3.txt,66,2,1
pretrain_pass3.txt,66, 3,1
pretrain_pass3.txt,66,1,1
pretrain_pass3.txt,66,4,2
pretrain_pass3.txt,66,88,1
pretrain_pass3.txt,66,0,1
pretrain_pass3.txt,66, 4,1
pretrain_pass3.txt,66,20,1
pretrain_pass3.txt,66, 6,1
pretrain_pass3.txt,66,00,1
pretrain_pass3.txt,66, 5,1
pretrain_pass3.txt,66,50,1
pretrain_pass3.txt,66, 7,1
pretrain_pass3.txt,66,",",1
pretrain_pass3.txt,66,22,1
pretrain_pass3.txt,67,23,1
pretrain_pass3.txt,67,",",1
pretrain_pass3.txt,67,1,1
pretrain_pass3.txt,67,9,1
pretrain_pass3.txt,67,0,1
pretrain_pass3.txt,67, |,1
pretrain_pass3.txt,67, 0,1
pretrain_pass3.txt,67,→,1
pretrain_pass3.txt,68,23,1
pretrain_pass3.txt,68,9,213
pretrain_pass3.txt,68, |,224
pretrain_pass3.txt,68,|,224
pretrain_pass3.txt,68,1,217
pretrain_pass3.txt,68,4,1
pretrain_pass3.txt,68,0,1
pretrain_pass3.txt,68,12,1
pretrain_pass3.txt,68,7,207
pretrain_pass3.txt,68,10,1
pretrain_pass3.txt,68,2,1
pretrain_pass3.txt,68,3,1
pretrain_pass3.txt,68,5,1
pretrain_pass3.txt,68,8,7
pretrain_pass3.txt,68,30,1
pretrain_pass3.txt,68,6,1
pretrain_pass3.txt,68,20,1
pretrain_pass3.txt,68,22,1
pretrain_pass3.txt,68,50,1
pretrain_pass3.txt,68,00,1
pretrain_pass3.txt,68,",000",1
pretrain_pass3.txt,68,000,1
pretrain_pass3.txt,68,",",213
pretrain_pass3.txt,68,88,1
pretrain_pass3.txt,68, 1,1
pretrain_pass3.txt,69,23,1
pretrain_pass3.txt,69,1,101
pretrain_pass3.txt,69, |,91
pretrain_pass3.txt,69,|,91
pretrain_pass3.txt,69,2,82
pretrain_pass3.txt,69,4,19
pretrain_pass3.txt,69,6,3
pretrain_pass3.txt,69,3,7
pretrain_pass3.txt,69,5,17
pretrain_pass3.txt,69,7,3
pretrain_pass3.txt,69,0,1
pretrain_pass3.txt,69,9,13
pretrain_pass3.txt,69,8,13
pretrain_pass3.txt,69,20,1
pretrain_pass3.txt,69,22,1
pretrain_pass3.txt,69,10,1
pretrain_pass3.txt,69,12,1
pretrain_pass3.txt,69,30,1
pretrain_pass3.txt,69,88,1
pretrain_pass3.txt,69,201,1
pretrain_pass3.txt,69,50,1
pretrain_pass3.txt,69,00,1
pretrain_pass3.txt,70,23,1
pretrain_pass3.txt,70,9,3
pretrain_pass3.txt,70, |,231
pretrain_pass3.txt,70,|,232
pretrain_pass3.txt,70, 0,1
pretrain_pass3.txt,70,1,7
pretrain_pass3.txt,70,8,7
pretrain_pass3.txt,70,5,1
pretrain_pass3.txt,70, 2,1
pretrain_pass3.txt,70,2,214
pretrain_pass3.txt,70,4,5
pretrain_pass3.txt,70, 1,213
pretrain_pass3.txt,70,6,1
pretrain_pass3.txt,70,3,1
pretrain_pass3.txt,70, 3,1
pretrain_pass3.txt,70,30,1
pretrain_pass3.txt,70, 4,1
pretrain_pass3.txt,70,7,208
pretrain_pass3.txt,70,0,2
pretrain_pass3.txt,70, 6,2
pretrain_pass3.txt,70,50,1
pretrain_pass3.txt,70, 5,1
pretrain_pass3.txt,70,00,1
pretrain_pass3.txt,70, 7,1
pretrain_pass3.txt,70,20,1
pretrain_pass3.txt,70, 8,1
pretrain_pass3.txt,70,10,1
pretrain_pass3.txt,70, 9,2
pretrain_pass3.txt,70,",",221
pretrain_pass3.txt,70,88,1
pretrain_pass3.txt,70, 12,1
pretrain_pass3.txt,70,12,1
pretrain_pass3.txt,70, 10,1
pretrain_pass3.txt,70, 11,1
pretrain_pass3.txt,70,22,1
pretrain_pass3.txt,70, 15,1
pretrain_pass3.txt,70, 100,1
pretrain_pass3.txt,70, 20,1
pretrain_pass3.txt,70, 19,1
pretrain_pass3.txt,70,||,1
pretrain_pass3.txt,70,≤,3
pretrain_pass3.txt,70,.,1
pretrain_pass3.txt,71,23,1
pretrain_pass3.txt,71,",",1
pretrain_pass3.txt,71,0,1
pretrain_pass3.txt,71,9,4
pretrain_pass3.txt,71, |,178
pretrain_pass3.txt,71,|,179
pretrain_pass3.txt,71,88,1
pretrain_pass3.txt,71,3,2
pretrain_pass3.txt,71,7,176
pretrain_pass3.txt,71, 1,162
pretrain_pass3.txt,71,6,1
pretrain_pass3.txt,71,8,167
pretrain_pass3.txt,71,4,167
pretrain_pass3.txt,71,2,1
pretrain_pass3.txt,71, 2,1
pretrain_pass3.txt,71,5,1
pretrain_pass3.txt,71,1,163
pretrain_pass3.txt,71, 19,1
pretrain_pass3.txt,71, 3,1
pretrain_pass3.txt,71,10,1
pretrain_pass3.txt,71, 7,1
pretrain_pass3.txt,71,20,1
pretrain_pass3.txt,71, 4,1
pretrain_pass3.txt,71,30,1
pretrain_pass3.txt,71, 6,2
pretrain_pass3.txt,71,50,1
pretrain_pass3.txt,71, 5,1
pretrain_pass3.txt,71,00,1
pretrain_pass3.txt,71, 9,1
pretrain_pass3.txt,71, 8,1
pretrain_pass3.txt,71,12,1
pretrain_pass3.txt,71, 10,1
pretrain_pass3.txt,71, 11,1
pretrain_pass3.txt,71,000,1
pretrain_pass3.txt,71, 12,1
pretrain_pass3.txt,71,22,1
pretrain_pass3.txt,71, 15,1
pretrain_pass3.txt,71, 20,1
pretrain_pass3.txt,72,23,1
pretrain_pass3.txt,72,1,1
pretrain_pass3.txt,72, |,248
pretrain_pass3.txt,72,|,247
pretrain_pass3.txt,72, 0,4
pretrain_pass3.txt,72,6,8
pretrain_pass3.txt,72,2,1
pretrain_pass3.txt,72,7,4
pretrain_pass3.txt,72,5,1
pretrain_pass3.txt,72, 1,231
pretrain_pass3.txt,72,4,210
pretrain_pass3.txt,72,9,1
pretrain_pass3.txt,72,8,2
pretrain_pass3.txt,72,3,8
pretrain_pass3.txt,72, 2,1
pretrain_pass3.txt,72,20,1
pretrain_pass3.txt,72,88,1
pretrain_pass3.txt,72, 3,1
pretrain_pass3.txt,72,30,1
pretrain_pass3.txt,72, 10,1
pretrain_pass3.txt,72,.,232
pretrain_pass3.txt,72,0,233
pretrain_pass3.txt,72, 5,1
pretrain_pass3.txt,72,00,1
pretrain_pass3.txt,72, 8,1
pretrain_pass3.txt,72, 7,1
pretrain_pass3.txt,72,",",1
pretrain_pass3.txt,72,50,1
pretrain_pass3.txt,72, 9,1
pretrain_pass3.txt,72, 4,1
pretrain_pass3.txt,72, 6,1
pretrain_pass3.txt,72, 11,1
pretrain_pass3.txt,72, 12,1
pretrain_pass3.txt,72, 15,1
pretrain_pass3.txt,72, 19,1
pretrain_pass3.txt,72, 20,1
pretrain_pass3.txt,72,||,1
pretrain_pass3.txt,72, 24,1
pretrain_pass3.txt,72,-1,1
pretrain_pass3.txt,72,k,1
pretrain_pass3.txt,72,g,1
pretrain_pass3.txt,72,/,1
pretrain_pass3.txt,72,12,1
pretrain_pass3.txt,73,23,1
pretrain_pass3.txt,73, |,1
pretrain_pass3.txt,73,|,1
pretrain_pass3.txt,73, 2,1
pretrain_pass3.txt,73,1,1
pretrain_pass3.txt,73,8,1
pretrain_pass3.txt,73,©,1
pretrain_pass3.txt,73, C,1
pretrain_pass3.txt,73,op,1
pretrain_pass3.txt,73,y,1
pretrain_pass3.txt,73,r,1
pretrain_pass3.txt,73,ight,1
pretrain_pass3.txt,73, 2017,1
pretrain_pass3.txt,73, -,1
pretrain_pass3.txt,73, 202,1
pretrain_pass3.txt,73,4,1
pretrain_pass3.txt,74,23,2
pretrain_pass3.txt,74,1,1
pretrain_pass3.txt,74, |,15
pretrain_pass3.txt,74,|,15
pretrain_pass3.txt,74,9,1
pretrain_pass3.txt,74, 1,1
pretrain_pass3.txt,74,4,1
pretrain_pass3.txt,74,0,2
pretrain_pass3.txt,74, 2,1
pretrain_pass3.txt,74,7,3
pretrain_pass3.txt,74,3,1
pretrain_pass3.txt,74, 19,1
pretrain_pass3.txt,74,5,1
pretrain_pass3.txt,74, 3,1
pretrain_pass3.txt,74,8,2
pretrain_pass3.txt,74,6,1
pretrain_pass3.txt,74, 202,1
pretrain_pass3.txt,74, 4,1
pretrain_pass3.txt,74,00,1
pretrain_pass3.txt,74, 6,1
pretrain_pass3.txt,74,50,1
pretrain_pass3.txt,74, 5,1
pretrain_pass3.txt,74,",000",1
pretrain_pass3.txt,74, 7,1
pretrain_pass3.txt,74,",",4
pretrain_pass3.txt,74,20,1
pretrain_pass3.txt,74, 8,1
pretrain_pass3.txt,74,30,1
pretrain_pass3.txt,74, 15,1
pretrain_pass3.txt,74,.,1
pretrain_pass3.txt,74,88,1
pretrain_pass3.txt,74, 10,1
pretrain_pass3.txt,74,10,1
pretrain_pass3.txt,74, 9,1
pretrain_pass3.txt,74,12,1
pretrain_pass3.txt,74, 12,1
pretrain_pass3.txt,74,22,1
pretrain_pass3.txt,75, |,2
pretrain_pass3.txt,75,|,2
pretrain_pass3.txt,75,0,1
pretrain_pass3.txt,75,2,1
pretrain_pass3.txt,75,201,1
pretrain_pass3.txt,75,7,1
pretrain_pass3.txt,75,1,1
pretrain_pass3.txt,75,6,1
pretrain_pass3.txt,75,:,1
pretrain_pass3.txt,75,5,1
pretrain_pass3.txt,75,9,1
pretrain_pass3.txt,75, (,1
pretrain_pass3.txt,75,D,1
pretrain_pass3.txt,75,B,1
pretrain_pass3.txt,75,S,1
pretrain_pass3.txt,75,T,1
pretrain_pass3.txt,75,),1
pretrain_pass3.txt,75,",",1
pretrain_pass3.txt,75,/,1
pretrain_pass3.txt,75, «,1
pretrain_pass3.txt,75,»,1
pretrain_pass3.txt,76,23,1
pretrain_pass3.txt,76,1,1
pretrain_pass3.txt,76, |,13
pretrain_pass3.txt,76,|,13
pretrain_pass3.txt,76,88,1
pretrain_pass3.txt,76,9,2
pretrain_pass3.txt,76, 1,1
pretrain_pass3.txt,76,3,1
pretrain_pass3.txt,76,4,1
pretrain_pass3.txt,76,2,1
pretrain_pass3.txt,76, 2,1
pretrain_pass3.txt,76,5,1
pretrain_pass3.txt,76,8,1
pretrain_pass3.txt,76, 19,1
pretrain_pass3.txt,76,6,1
pretrain_pass3.txt,76,0,2
pretrain_pass3.txt,76, 3,1
pretrain_pass3.txt,76,7,2
pretrain_pass3.txt,76, 20,1
pretrain_pass3.txt,76,30,1
pretrain_pass3.txt,76, 4,1
pretrain_pass3.txt,76,00,1
pretrain_pass3.txt,76, 5,1
pretrain_pass3.txt,76,50,1
pretrain_pass3.txt,76, 6,1
pretrain_pass3.txt,76,20,1
pretrain_pass3.txt,76, 7,1
pretrain_pass3.txt,76,22,1
pretrain_pass3.txt,76, 8,1
pretrain_pass3.txt,76,10,1
pretrain_pass3.txt,76, 9,1
pretrain_pass3.txt,76, 12,1
pretrain_pass3.txt,76,",",1
pretrain_pass3.txt,76,12,1
pretrain_pass3.txt,77,23,1
pretrain_pass3.txt,77,9,5
pretrain_pass3.txt,77, |,17
pretrain_pass3.txt,77,|,17
pretrain_pass3.txt,77,1,6
pretrain_pass3.txt,77,4,1
pretrain_pass3.txt,77,2,5
pretrain_pass3.txt,77,3,2
pretrain_pass3.txt,77,7,3
pretrain_pass3.txt,77,6,2
pretrain_pass3.txt,77,10,1
pretrain_pass3.txt,77,8,1
pretrain_pass3.txt,77,0,1
pretrain_pass3.txt,77,5,2
pretrain_pass3.txt,77,12,1
pretrain_pass3.txt,77,20,2
pretrain_pass3.txt,77,22,1
pretrain_pass3.txt,77,30,1
pretrain_pass3.txt,77,88,1
pretrain_pass3.txt,77,201,1
pretrain_pass3.txt,77,00,2
pretrain_pass3.txt,77,50,1
pretrain_pass3.txt,77,000,1
pretrain_pass3.txt,77,",000",1
pretrain_pass3.txt,78,23,1
pretrain_pass3.txt,78, |,1
pretrain_pass3.txt,78,|,1
pretrain_pass3.txt,78,00,1
pretrain_pass3.txt,78,:,1
pretrain_pass3.txt,78,0,1
pretrain_pass3.txt,78,7,1
pretrain_pass3.txt,78,||,1
pretrain_pass3.txt,78,?,1
pretrain_pass3.txt,78, ?,1
pretrain_pass3.txt,78, «,1
pretrain_pass3.txt,78,»,1
pretrain_pass3.txt,78, (,1
pretrain_pass3.txt,78,),1
pretrain_pass3.txt,79,23,1
pretrain_pass3.txt,79,9,1
pretrain_pass3.txt,79, |,1
pretrain_pass3.txt,79,|,1
pretrain_pass3.txt,79,2,1
pretrain_pass3.txt,79,4,1
pretrain_pass3.txt,79,8,1
pretrain_pass3.txt,79,7,1
pretrain_pass3.txt,80,23,1
pretrain_pass3.txt,80,",",1
pretrain_pass3.txt,80, 2017,1
pretrain_pass3.txt,80, |,1
pretrain_pass3.txt,80, 0,1
pretrain_pass3.txt,80, (,1
pretrain_pass3.txt,80,),1
pretrain_pass3.txt,80, «,1
pretrain_pass3.txt,80,»,1
pretrain_pass3.txt,80,-,5
pretrain_pass3.txt,80,/,1
pretrain_pass3.txt,80,.,2
pretrain_pass3.txt,81,23,1
pretrain_pass3.txt,81,.,1
pretrain_pass3.txt,81,2,1
pretrain_pass3.txt,81,1,1
pretrain_pass3.txt,81, |,1
pretrain_pass3.txt,81,|,1
pretrain_pass3.txt,81,↑,3
pretrain_pass3.txt,82,23,1
pretrain_pass3.txt,82,7,2
pretrain_pass3.txt,82, |,14
pretrain_pass3.txt,82,|,14
pretrain_pass3.txt,82, 1,1
pretrain_pass3.txt,82,4,1
pretrain_pass3.txt,82,1,1
pretrain_pass3.txt,82, 15,1
pretrain_pass3.txt,82,8,1
pretrain_pass3.txt,82, 19,1
pretrain_pass3.txt,82,9,1
pretrain_pass3.txt,82, 2,1
pretrain_pass3.txt,82,2,1
pretrain_pass3.txt,82,6,1
pretrain_pass3.txt,82, 3,1
pretrain_pass3.txt,82,5,1
pretrain_pass3.txt,82,3,1
pretrain_pass3.txt,82, 20,1
pretrain_pass3.txt,82,0,1
pretrain_pass3.txt,82, 4,1
pretrain_pass3.txt,82,10,1
pretrain_pass3.txt,82, 5,1
pretrain_pass3.txt,82,50,1
pretrain_pass3.txt,82, 6,1
pretrain_pass3.txt,82,00,1
pretrain_pass3.txt,82, 7,1
pretrain_pass3.txt,82,20,1
pretrain_pass3.txt,82, 8,1
pretrain_pass3.txt,82,30,1
pretrain_pass3.txt,82, 9,1
pretrain_pass3.txt,82,22,1
pretrain_pass3.txt,82, 24,1
pretrain_pass3.txt,82, 12,1
pretrain_pass3.txt,82,88,1
pretrain_pass3.txt,83,23,2
pretrain_pass3.txt,83,7,15
pretrain_pass3.txt,83, |,247
pretrain_pass3.txt,83,|,247
pretrain_pass3.txt,83, 1,231
pretrain_pass3.txt,83,4,277
pretrain_pass3.txt,83,8,39
pretrain_pass3.txt,83,2,8
pretrain_pass3.txt,83, 2,1
pretrain_pass3.txt,83,9,28
pretrain_pass3.txt,83,3,22
pretrain_pass3.txt,83, 3,1
pretrain_pass3.txt,83,5,21
pretrain_pass3.txt,83,1,33
pretrain_pass3.txt,83, 4,1
pretrain_pass3.txt,83,6,12
pretrain_pass3.txt,83,0,19
pretrain_pass3.txt,83, 5,1
pretrain_pass3.txt,83,50,1
pretrain_pass3.txt,83, 6,1
pretrain_pass3.txt,83,20,1
pretrain_pass3.txt,83, 9,1
pretrain_pass3.txt,83,88,1
pretrain_pass3.txt,83, 7,1
pretrain_pass3.txt,83,",",1
pretrain_pass3.txt,83,10,1
pretrain_pass3.txt,83, 8,1
pretrain_pass3.txt,83,.,1
pretrain_pass3.txt,83,12,1
pretrain_pass3.txt,83, 10,1
pretrain_pass3.txt,83, 11,1
pretrain_pass3.txt,83, 12,1
pretrain_pass3.txt,83, 15,1
pretrain_pass3.txt,83,30,1
pretrain_pass3.txt,83, 20,1
pretrain_pass3.txt,83, 19,1
pretrain_pass3.txt,83, 24,1
pretrain_pass3.txt,83,00,1
pretrain_pass3.txt,83,22,1
pretrain_pass3.txt,84,23,1
pretrain_pass3.txt,84, |,2
pretrain_pass3.txt,84,|,1
pretrain_pass3.txt,84,↑,3
pretrain_pass3.txt,85,23,2
pretrain_pass3.txt,85, |,228
pretrain_pass3.txt,85,|,228
pretrain_pass3.txt,85, 1,210
pretrain_pass3.txt,85,4,1
pretrain_pass3.txt,85,2,1
pretrain_pass3.txt,85, 2,1
pretrain_pass3.txt,85,1,2
pretrain_pass3.txt,85,6,1
pretrain_pass3.txt,85, 19,1
pretrain_pass3.txt,85,9,414
pretrain_pass3.txt,85,8,3
pretrain_pass3.txt,85, 3,1
pretrain_pass3.txt,85,3,1
pretrain_pass3.txt,85,7,2
pretrain_pass3.txt,85, 20,1
pretrain_pass3.txt,85,0,5
pretrain_pass3.txt,85,5,1
pretrain_pass3.txt,85, 4,1
pretrain_pass3.txt,85,30,1
pretrain_pass3.txt,85, 5,1
pretrain_pass3.txt,85,00,1
pretrain_pass3.txt,85, 7,1
pretrain_pass3.txt,85,50,1
pretrain_pass3.txt,85, 6,1
pretrain_pass3.txt,85,20,1
pretrain_pass3.txt,85, 8,1
pretrain_pass3.txt,85,",",217
pretrain_pass3.txt,85,88,1
pretrain_pass3.txt,85, 9,1
pretrain_pass3.txt,85,10,1
pretrain_pass3.txt,85, 10,1
pretrain_pass3.txt,85,12,1
pretrain_pass3.txt,85, 11,1
pretrain_pass3.txt,85, 12,1
pretrain_pass3.txt,85,22,1
pretrain_pass3.txt,85, 15,1
pretrain_pass3.txt,85, 100,1
pretrain_pass3.txt,85, 0,1
pretrain_pass3.txt,86,23,1
pretrain_pass3.txt,86, |,2
pretrain_pass3.txt,86,|,2
pretrain_pass3.txt,86, 0,1
pretrain_pass3.txt,86,1,1
pretrain_pass3.txt,86,:,1
pretrain_pass3.txt,86,3,1
pretrain_pass3.txt,86,5,1
pretrain_pass3.txt,87,23,1
pretrain_pass3.txt,87,8,4
pretrain_pass3.txt,87, |,247
pretrain_pass3.txt,87,|,247
pretrain_pass3.txt,87, 1,233
pretrain_pass3.txt,87,4,458
pretrain_pass3.txt,87,5,2
pretrain_pass3.txt,87, 19,1
pretrain_pass3.txt,87,9,1
pretrain_pass3.txt,87, 2,1
pretrain_pass3.txt,87,7,1
pretrain_pass3.txt,87,2,1
pretrain_pass3.txt,87, 3,1
pretrain_pass3.txt,87,1,2
pretrain_pass3.txt,87,6,1
pretrain_pass3.txt,87, 4,1
pretrain_pass3.txt,87,3,6
pretrain_pass3.txt,87,",",1
pretrain_pass3.txt,87,0,2
pretrain_pass3.txt,87,12,1
pretrain_pass3.txt,87, 12,1
pretrain_pass3.txt,87,88,1
pretrain_pass3.txt,87, 7,1
pretrain_pass3.txt,87,50,1
pretrain_pass3.txt,87, 5,1
pretrain_pass3.txt,87,20,1
pretrain_pass3.txt,87, 6,1
pretrain_pass3.txt,87,30,1
pretrain_pass3.txt,87, 8,1
pretrain_pass3.txt,87,00,1
pretrain_pass3.txt,87, 9,1
pretrain_pass3.txt,87,10,1
pretrain_pass3.txt,87, 10,1
pretrain_pass3.txt,87,.,1
pretrain_pass3.txt,87, 11,1
pretrain_pass3.txt,87, 20,1
pretrain_pass3.txt,87, 15,1
pretrain_pass3.txt,88,23,1
pretrain_pass3.txt,88,9,1
pretrain_pass3.txt,88, |,13
pretrain_pass3.txt,88,|,13
pretrain_pass3.txt,88, 1,1
pretrain_pass3.txt,88,8,1
pretrain_pass3.txt,88,4,1
pretrain_pass3.txt,88, 19,1
pretrain_pass3.txt,88,5,1
pretrain_pass3.txt,88, 2,1
pretrain_pass3.txt,88,1,1
pretrain_pass3.txt,88,6,1
pretrain_pass3.txt,88, 3,1
pretrain_pass3.txt,88,3,1
pretrain_pass3.txt,88,7,2
pretrain_pass3.txt,88, 4,1
pretrain_pass3.txt,88,2,1
pretrain_pass3.txt,88, 7,1
pretrain_pass3.txt,88,0,1
pretrain_pass3.txt,88, 6,1
pretrain_pass3.txt,88,30,1
pretrain_pass3.txt,88, 5,1
pretrain_pass3.txt,88,50,1
pretrain_pass3.txt,88, 8,1
pretrain_pass3.txt,88,12,1
pretrain_pass3.txt,88, 9,1
pretrain_pass3.txt,88,20,1
pretrain_pass3.txt,88, 10,1
pretrain_pass3.txt,88,10,1
pretrain_pass3.txt,88, 15,1
pretrain_pass3.txt,88,00,1
pretrain_pass3.txt,88, 11,1
pretrain_pass3.txt,88,88,1
pretrain_pass3.txt,89,23,2
pretrain_pass3.txt,89,9,1
pretrain_pass3.txt,89, |,2
pretrain_pass3.txt,89,|,2
pretrain_pass3.txt,89,3,1
pretrain_pass3.txt,89, «,1
pretrain_pass3.txt,89,»,1
pretrain_pass3.txt,89,-,1
pretrain_pass3.txt,90,23,1
pretrain_pass3.txt,90,1,2
pretrain_pass3.txt,90, |,7
pretrain_pass3.txt,90,|,7
pretrain_pass3.txt,90,0,1
pretrain_pass3.txt,90,2,1
pretrain_pass3.txt,90,8,1
pretrain_pass3.txt,90,4,1
pretrain_pass3.txt,90,6,1
pretrain_pass3.txt,90,7,2
pretrain_pass3.txt,90,3,1
pretrain_pass3.txt,90,9,1
pretrain_pass3.txt,90,5,1
pretrain_pass3.txt,90,10,1
pretrain_pass3.txt,90,12,1
pretrain_pass3.txt,90,20,1
pretrain_pass3.txt,90,22,1
pretrain_pass3.txt,90,30,1
pretrain_pass3.txt,90,201,1
pretrain_pass3.txt,90, 1,1
pretrain_pass3.txt,90, 2,1
pretrain_pass3.txt,90, 3,1
pretrain_pass3.txt,90, 4,1
pretrain_pass3.txt,90, 5,1
pretrain_pass3.txt,90, »,1
pretrain_pass3.txt,91,23,1
pretrain_pass3.txt,91,9,2
pretrain_pass3.txt,91, |,639
pretrain_pass3.txt,91,|,640
pretrain_pass3.txt,91,1,6
pretrain_pass3.txt,91,3,1
pretrain_pass3.txt,91,8,1
pretrain_pass3.txt,91,2,1
pretrain_pass3.txt,91,4,2
pretrain_pass3.txt,91,0,3
pretrain_pass3.txt,91,10,1
pretrain_pass3.txt,91,7,2
pretrain_pass3.txt,91,5,3
pretrain_pass3.txt,91,6,1
pretrain_pass3.txt,91,||,1
pretrain_pass3.txt,91, (,1
pretrain_pass3.txt,91,-,1
pretrain_pass3.txt,91,),1
pretrain_pass3.txt,91,88,1
pretrain_pass3.txt,91,30,1
pretrain_pass3.txt,91,20,1
pretrain_pass3.txt,91,12,1
pretrain_pass3.txt,91,50,1
pretrain_pass3.txt,91,201,425
pretrain_pass3.txt,91,00,1
pretrain_pass3.txt,91,",",1
pretrain_pass3.txt,91, 2018,1
pretrain_pass3.txt,91, 201,1
pretrain_pass3.txt,91,2023,1
pretrain_pass3.txt,91,?,1
pretrain_pass3.txt,91, 4,1
pretrain_pass3.txt,91,.,1
pretrain_pass3.txt,91, -,1
pretrain_pass3.txt,91, 1,1
pretrain_pass3.txt,92,23,2
pretrain_pass3.txt,92,1,1
pretrain_pass3.txt,92, |,2
pretrain_pass3.txt,92,|,2
pretrain_pass3.txt,92,9,1
pretrain_pass3.txt,93,23,1
pretrain_pass3.txt,93,1,1
pretrain_pass3.txt,93, |,3
pretrain_pass3.txt,93,|,3
pretrain_pass3.txt,93,88,1
pretrain_pass3.txt,93,3,1
pretrain_pass3.txt,93,-,1
pretrain_pass3.txt,93,9,1
pretrain_pass3.txt,93,8,1
pretrain_pass3.txt,93,||,1
pretrain_pass3.txt,93,?,2
pretrain_pass3.txt,93, 1,1
pretrain_pass3.txt,93,4,1
pretrain_pass3.txt,93,2,1
pretrain_pass3.txt,93,7,1
pretrain_pass3.txt,94,23,1
pretrain_pass3.txt,94,1,73
pretrain_pass3.txt,94, |,323
pretrain_pass3.txt,94,|,324
pretrain_pass3.txt,94,4,59
pretrain_pass3.txt,94,5,40
pretrain_pass3.txt,94,2,37
pretrain_pass3.txt,94,3,8
pretrain_pass3.txt,94,7,12
pretrain_pass3.txt,94,8,62
pretrain_pass3.txt,94,0,1
pretrain_pass3.txt,94,9,35
pretrain_pass3.txt,94,6,5
pretrain_pass3.txt,94,30,312
pretrain_pass3.txt,94,10,1
pretrain_pass3.txt,94,22,1
pretrain_pass3.txt,94,12,1
pretrain_pass3.txt,94,20,1
pretrain_pass3.txt,94,50,1
pretrain_pass3.txt,94,88,1
pretrain_pass3.txt,94,00,1
pretrain_pass3.txt,94,||,2
pretrain_pass3.txt,94, 1,1
pretrain_pass3.txt,94, -,1
pretrain_pass3.txt,94, 2,1
pretrain_pass3.txt,94,.,1
pretrain_pass3.txt,95,23,1
pretrain_pass3.txt,95,9,244
pretrain_pass3.txt,95, |,255
pretrain_pass3.txt,95,|,255
pretrain_pass3.txt,95,4,219
pretrain_pass3.txt,95,0,1
pretrain_pass3.txt,95,2,4
pretrain_pass3.txt,95,5,7
pretrain_pass3.txt,95,1,258
pretrain_pass3.txt,95,3,10
pretrain_pass3.txt,95,6,1
pretrain_pass3.txt,95,8,2
pretrain_pass3.txt,95,7,3
pretrain_pass3.txt,95,10,1
pretrain_pass3.txt,95,22,1
pretrain_pass3.txt,95,50,1
pretrain_pass3.txt,95,12,1
pretrain_pass3.txt,95,20,1
pretrain_pass3.txt,95,30,1
pretrain_pass3.txt,95,00,1
pretrain_pass3.txt,95,201,1
pretrain_pass3.txt,95,88,1
pretrain_pass3.txt,95, 1,1
pretrain_pass3.txt,96,23,1
pretrain_pass3.txt,96,1,11
pretrain_pass3.txt,96, |,81
pretrain_pass3.txt,96,|,81
pretrain_pass3.txt,96,4,107
pretrain_pass3.txt,96,5,16
pretrain_pass3.txt,96,7,4
pretrain_pass3.txt,96,3,9
pretrain_pass3.txt,96,6,2
pretrain_pass3.txt,96,9,1
pretrain_pass3.txt,96,10,1
pretrain_pass3.txt,96,8,69
pretrain_pass3.txt,96,0,1
pretrain_pass3.txt,96,30,1
pretrain_pass3.txt,96,2,10
pretrain_pass3.txt,96,12,1
pretrain_pass3.txt,96,20,1
pretrain_pass3.txt,96,22,1
pretrain_pass3.txt,96,50,1
pretrain_pass3.txt,96,88,1
pretrain_pass3.txt,96,00,1
pretrain_pass3.txt,97,23,2
pretrain_pass3.txt,97,7,1
pretrain_pass3.txt,97, |,7
pretrain_pass3.txt,97,|,8
pretrain_pass3.txt,97,9,1
pretrain_pass3.txt,97, 1,1
pretrain_pass3.txt,97,6,1
pretrain_pass3.txt,97,0,1
pretrain_pass3.txt,97, 2,1
pretrain_pass3.txt,97,2,1
pretrain_pass3.txt,97,8,1
pretrain_pass3.txt,97, 3,1
pretrain_pass3.txt,97,3,1
pretrain_pass3.txt,97,1,1
pretrain_pass3.txt,97, 20,1
pretrain_pass3.txt,97,5,1
pretrain_pass3.txt,97, 4,1
pretrain_pass3.txt,97,4,1
pretrain_pass3.txt,97,",",1
pretrain_pass3.txt,97,10,1
pretrain_pass3.txt,97, 19,1
pretrain_pass3.txt,97,20,1
pretrain_pass3.txt,98,23,1
pretrain_pass3.txt,98,7,2
pretrain_pass3.txt,98, |,260
pretrain_pass3.txt,98,|,260
pretrain_pass3.txt,98,1,258
pretrain_pass3.txt,98,4,223
pretrain_pass3.txt,98,9,249
pretrain_pass3.txt,98,2,5
pretrain_pass3.txt,98,8,7
pretrain_pass3.txt,98,6,3
pretrain_pass3.txt,98,3,7
pretrain_pass3.txt,98,5,11
pretrain_pass3.txt,98,0,2
pretrain_pass3.txt,98,10,1
pretrain_pass3.txt,98,12,1
pretrain_pass3.txt,98,20,1
pretrain_pass3.txt,98,30,1
pretrain_pass3.txt,98,50,1
pretrain_pass3.txt,98,00,1
pretrain_pass3.txt,98,22,1
pretrain_pass3.txt,98,88,1
pretrain_pass3.txt,98, 1,1
pretrain_pass3.txt,99,23,1
pretrain_pass3.txt,99,",",1
pretrain_pass3.txt,99,0,1
pretrain_pass3.txt,99,7,1
pretrain_pass3.txt,99,1,1
pretrain_pass3.txt,99, |,5
pretrain_pass3.txt,99,←,3
pretrain_pass3.txt,99,.,1
pretrain_pass3.txt,99, (,1
pretrain_pass3.txt,99,/,1
pretrain_pass3.txt,99,),1
pretrain_pass3.txt,99,|,2
pretrain_pass3.txt,99, 2,1
pretrain_pass3.txt,99,6,1
pretrain_pass3.txt,99,9,1
pretrain_pass3.txt,99,-,2
pretrain_pass3.txt,100,23,1
pretrain_pass3.txt,100,1,1
pretrain_pass3.txt,100, |,10
pretrain_pass3.txt,100,|,10
pretrain_pass3.txt,100, 0,1
pretrain_pass3.txt,100,8,1
pretrain_pass3.txt,100,2,1
pretrain_pass3.txt,100, 2,1
pretrain_pass3.txt,100,5,2
pretrain_pass3.txt,100,9,1
pretrain_pass3.txt,100, 3,1
pretrain_pass3.txt,100,4,1
pretrain_pass3.txt,100,3,1
pretrain_pass3.txt,100, 1,1
pretrain_pass3.txt,100,6,1
pretrain_pass3.txt,100,0,2
pretrain_pass3.txt,100, 4,1
pretrain_pass3.txt,100,7,1
pretrain_pass3.txt,100, 5,1
pretrain_pass3.txt,100,30,1
pretrain_pass3.txt,100, 6,1
pretrain_pass3.txt,100,10,1
pretrain_pass3.txt,100, 7,1
pretrain_pass3.txt,100,50,1
pretrain_pass3.txt,100, 8,1
pretrain_pass3.txt,100,00,1
pretrain_pass3.txt,100, 9,1
pretrain_pass3.txt,100,",",1
pretrain_pass3.txt,100,20,1
pretrain_pass3.txt,101,23,1
pretrain_pass3.txt,101,1,215
pretrain_pass3.txt,101, |,172
pretrain_pass3.txt,101,|,174
pretrain_pass3.txt,101, 0,1
pretrain_pass3.txt,101,9,4
pretrain_pass3.txt,101,2,10
pretrain_pass3.txt,101, 1,158
pretrain_pass3.txt,101,3,15
pretrain_pass3.txt,101,4,181
pretrain_pass3.txt,101, 2,1
pretrain_pass3.txt,101,5,10
pretrain_pass3.txt,101,8,37
pretrain_pass3.txt,101, 3,2
pretrain_pass3.txt,101,7,160
pretrain_pass3.txt,101,6,4
pretrain_pass3.txt,101, 4,1
pretrain_pass3.txt,101,0,10
pretrain_pass3.txt,101,",",165
pretrain_pass3.txt,101,88,1
pretrain_pass3.txt,101, 5,1
pretrain_pass3.txt,101,00,1
pretrain_pass3.txt,101, 6,1
pretrain_pass3.txt,101,50,1
pretrain_pass3.txt,101, 7,1
pretrain_pass3.txt,101,20,1
pretrain_pass3.txt,101, 8,1
pretrain_pass3.txt,101,30,1
pretrain_pass3.txt,101, 9,1
pretrain_pass3.txt,101,10,1
pretrain_pass3.txt,101, 12,1
pretrain_pass3.txt,101,12,1
pretrain_pass3.txt,101, 10,1
pretrain_pass3.txt,101, 11,1
pretrain_pass3.txt,101, 15,1
pretrain_pass3.txt,101, 19,1
pretrain_pass3.txt,101, 20,1
pretrain_pass3.txt,101,||,1
pretrain_pass3.txt,101,·,1
pretrain_pass3.txt,101,.,1
pretrain_pass3.txt,101,/,1
pretrain_pass3.txt,101, -,1
pretrain_pass3.txt,102,23,1
pretrain_pass3.txt,102,",",1
pretrain_pass3.txt,102,7,1
pretrain_pass3.txt,102,9,1
pretrain_pass3.txt,102,8,1
pretrain_pass3.txt,102, |,2
pretrain_pass3.txt,102,←,3
pretrain_pass3.txt,102,:,1
pretrain_pass3.txt,103,23,1
pretrain_pass3.txt,103, |,1
pretrain_pass3.txt,103,|,1
pretrain_pass3.txt,103, 2,1
pretrain_pass3.txt,103,1,1
pretrain_pass3.txt,103,||,1
pretrain_pass3.txt,103, «,1
pretrain_pass3.txt,103,»,1
pretrain_pass3.txt,103,",",17
pretrain_pass3.txt,103,.,1
pretrain_pass3.txt,103, (,1
pretrain_pass3.txt,103,S,1
pretrain_pass3.txt,103,ing,1
pretrain_pass3.txt,103,ap,1
pretrain_pass3.txt,103,ore,1
pretrain_pass3.txt,103, C,1
pretrain_pass3.txt,103,o,1
pretrain_pass3.txt,103,ast,1
pretrain_pass3.txt,103, In,1
pretrain_pass3.txt,103,ter,1
pretrain_pass3.txt,103,n,1
pretrain_pass3.txt,103,ation,1
pretrain_pass3.txt,103,al,1
pretrain_pass3.txt,103, A,1
pretrain_pass3.txt,103,ir,1
pretrain_pass3.txt,103,p,1
pretrain_pass3.txt,103,ort,1
pretrain_pass3.txt,103,),1
pretrain_pass3.txt,104,ad,2
pretrain_pass3.txt,104,m,2
pretrain_pass3.txt,104,in,2
pretrain_pass3.txt,104, -,2
pretrain_pass3.txt,104, 2,1
pretrain_pass3.txt,104,5,1
pretrain_pass3.txt,104,1,1
pretrain_pass3.txt,104,7,1
pretrain_pass3.txt,104,2,1
pretrain_pass3.txt,104, «,1
pretrain_pass3.txt,104,»,2
pretrain_pass3.txt,104, |,1
pretrain_pass3.txt,104,|,1
pretrain_pass3.txt,104, 1,1
pretrain_pass3.txt,104,4,1
pretrain_pass3.txt,104,3,1
pretrain_pass3.txt,104,8,1
pretrain_pass3.txt,104,9,1
pretrain_pass3.txt,104, (,1
pretrain_pass3.txt,104,N,1
pretrain_pass3.txt,104,L,1
pretrain_pass3.txt,104,D,1
pretrain_pass3.txt,104,),1
pretrain_pass3.txt,104,«,1
pretrain_pass3.txt,105,23,1
pretrain_pass3.txt,105,-,4
pretrain_pass3.txt,105,J,1
pretrain_pass3.txt,105,un,1
pretrain_pass3.txt,105,-1,1
pretrain_pass3.txt,105,7,1
pretrain_pass3.txt,105,—,1
pretrain_pass3.txt,105, P,1
pretrain_pass3.txt,105,ost,1
pretrain_pass3.txt,105,ed,2
pretrain_pass3.txt,105, B,1
pretrain_pass3.txt,105,y,2
pretrain_pass3.txt,105, K,2
pretrain_pass3.txt,105,I,1
pretrain_pass3.txt,105, M,1
pretrain_pass3.txt,105,ia,1
pretrain_pass3.txt,105, to,1
pretrain_pass3.txt,105,id,1
pretrain_pass3.txt,105,s,2
pretrain_pass3.txt,105, on,1
pretrain_pass3.txt,105, S,1
pretrain_pass3.txt,105,at,1
pretrain_pass3.txt,105,ur,1
pretrain_pass3.txt,105,d,1
pretrain_pass3.txt,105,ay,1
pretrain_pass3.txt,105,",",1
pretrain_pass3.txt,105, J,1
pretrain_pass3.txt,105,ul,1
pretrain_pass3.txt,105, 2,1
pretrain_pass3.txt,105,6,1
pretrain_pass3.txt,105, 2018,1
pretrain_pass3.txt,105, |,4
pretrain_pass3.txt,105, G,1
pretrain_pass3.txt,105,en,1
pretrain_pass3.txt,105,er,1
pretrain_pass3.txt,105,al,1
pretrain_pass3.txt,105, News,1
pretrain_pass3.txt,105, (,1
pretrain_pass3.txt,105,on,1
pretrain_pass3.txt,105, re,1
pretrain_pass3.txt,105,p,1
pretrain_pass3.txt,105,ort,1
pretrain_pass3.txt,105,),1
pretrain_pass3.txt,105, -,1
pretrain_pass3.txt,105, A,1
pretrain_pass3.txt,105,u,1
pretrain_pass3.txt,105,g,2
pretrain_pass3.txt,105,ust,1
pretrain_pass3.txt,105, 1,1
pretrain_pass3.txt,105,8,1
pretrain_pass3.txt,105, 2017,1
pretrain_pass3.txt,105, C,1
pretrain_pass3.txt,105,ate,1
pretrain_pass3.txt,105,or,1
pretrain_pass3.txt,105,i,2
pretrain_pass3.txt,105,es,1
pretrain_pass3.txt,105,:,2
pretrain_pass3.txt,105,|,1
pretrain_pass3.txt,105, 3,1
pretrain_pass3.txt,105,2,1
pretrain_pass3.txt,105,1,1
pretrain_pass3.txt,105, V,1
pretrain_pass3.txt,105,ews,1
pretrain_pass3.txt,105, N,1
pretrain_pass3.txt,105,o,1
pretrain_pass3.txt,105, c,1
pretrain_pass3.txt,105,om,1
pretrain_pass3.txt,105,ment,1
pretrain_pass3.txt,105, L,3
pretrain_pass3.txt,105,U,3
pretrain_pass3.txt,105,O,3
pretrain_pass3.txt,105,N,3
pretrain_pass3.txt,105,G,3
pretrain_pass3.txt,105, H,3
pretrain_pass3.txt,105,A,3
pretrain_pass3.txt,105,R,2
pretrain_pass3.txt,105,IN,2
pretrain_pass3.txt,105,H,3
pretrain_pass3.txt,105,E,1
pretrain_pass3.txt,105,L,1
pretrain_pass3.txt,105,T,1
pretrain_pass3.txt,105,ER,1
pretrain_pass3.txt,106,23,1
pretrain_pass3.txt,106,9,1
pretrain_pass3.txt,106, |,7
pretrain_pass3.txt,106,|,8
pretrain_pass3.txt,106,1,1
pretrain_pass3.txt,106,8,1
pretrain_pass3.txt,106,3,1
pretrain_pass3.txt,106,2,1
pretrain_pass3.txt,106,4,1
pretrain_pass3.txt,106,5,1
pretrain_pass3.txt,106,12,1
pretrain_pass3.txt,106,6,1
pretrain_pass3.txt,106,30,1
pretrain_pass3.txt,106,7,1
pretrain_pass3.txt,106,0,1
pretrain_pass3.txt,106,10,1
pretrain_pass3.txt,106,20,1
pretrain_pass3.txt,106,00,1
pretrain_pass3.txt,106,201,1
pretrain_pass3.txt,106,||,1
pretrain_pass3.txt,107,23,1
pretrain_pass3.txt,107,1,1
pretrain_pass3.txt,107, |,11
pretrain_pass3.txt,107,|,11
pretrain_pass3.txt,107, 2,1
pretrain_pass3.txt,107,2,1
pretrain_pass3.txt,107,4,1
pretrain_pass3.txt,107, 3,1
pretrain_pass3.txt,107,5,1
pretrain_pass3.txt,107,8,1
pretrain_pass3.txt,107, 1,1
pretrain_pass3.txt,107,6,1
pretrain_pass3.txt,107,3,1
pretrain_pass3.txt,107, 19,1
pretrain_pass3.txt,107,9,1
pretrain_pass3.txt,107, 20,1
pretrain_pass3.txt,107,7,1
pretrain_pass3.txt,107, 4,1
pretrain_pass3.txt,107,0,1
pretrain_pass3.txt,107, 5,1
pretrain_pass3.txt,107,00,1
pretrain_pass3.txt,107, 6,1
pretrain_pass3.txt,107,50,1
pretrain_pass3.txt,107, 7,1
pretrain_pass3.txt,107,30,1
pretrain_pass3.txt,107, 8,1
pretrain_pass3.txt,107,20,1
pretrain_pass3.txt,107, 9,1
pretrain_pass3.txt,107,88,1
pretrain_pass3.txt,108,23,1
pretrain_pass3.txt,108, |,14
pretrain_pass3.txt,108,|,14
pretrain_pass3.txt,108, 2,1
pretrain_pass3.txt,108,1,1
pretrain_pass3.txt,108,8,1
pretrain_pass3.txt,108, 3,1
pretrain_pass3.txt,108,2,1
pretrain_pass3.txt,108,6,1
pretrain_pass3.txt,108, 1,1
pretrain_pass3.txt,108,4,1
pretrain_pass3.txt,108,5,1
pretrain_pass3.txt,108, 4,1
pretrain_pass3.txt,108,3,2
pretrain_pass3.txt,108,7,2
pretrain_pass3.txt,108, 6,1
pretrain_pass3.txt,108,9,3
pretrain_pass3.txt,108, 50,1
pretrain_pass3.txt,108, 7,2
pretrain_pass3.txt,108,30,1
pretrain_pass3.txt,108, 8,1
pretrain_pass3.txt,108,50,1
pretrain_pass3.txt,108, 10,1
pretrain_pass3.txt,108,20,1
pretrain_pass3.txt,108, 9,1
pretrain_pass3.txt,108,00,1
pretrain_pass3.txt,108,88,1
pretrain_pass3.txt,108,",",3
pretrain_pass3.txt,108,10,1
pretrain_pass3.txt,108, 12,1
pretrain_pass3.txt,108,22,1
pretrain_pass3.txt,108, 11,1
pretrain_pass3.txt,108,12,1
pretrain_pass3.txt,109,23,1
pretrain_pass3.txt,109, |,1
pretrain_pass3.txt,109,|,1
pretrain_pass3.txt,109, 2,1
pretrain_pass3.txt,109,1,1
pretrain_pass3.txt,109,-,2
pretrain_pass3.txt,109,20,1
pretrain_pass3.txt,109,22,1
pretrain_pass3.txt,109, «,1
pretrain_pass3.txt,109,»,1
pretrain_pass3.txt,110,23,1
pretrain_pass3.txt,110,9,1
pretrain_pass3.txt,110, |,3
pretrain_pass3.txt,110,|,3
pretrain_pass3.txt,110,2,1
pretrain_pass3.txt,110,4,1
pretrain_pass3.txt,110,1,1
pretrain_pass3.txt,110,3,1
pretrain_pass3.txt,110,6,1
pretrain_pass3.txt,110,8,1
pretrain_pass3.txt,110,0,1
pretrain_pass3.txt,110,5,1
pretrain_pass3.txt,110,7,1
pretrain_pass3.txt,111,23,1
pretrain_pass3.txt,111,9,1
pretrain_pass3.txt,111, |,7
pretrain_pass3.txt,111,|,7
pretrain_pass3.txt,111,1,2
pretrain_pass3.txt,111,4,1
pretrain_pass3.txt,111,0,1
pretrain_pass3.txt,111,3,1
pretrain_pass3.txt,111,7,1
pretrain_pass3.txt,111,6,1
pretrain_pass3.txt,111,5,1
pretrain_pass3.txt,111,8,1
pretrain_pass3.txt,111,2,1
pretrain_pass3.txt,111,12,1
pretrain_pass3.txt,111,20,1
pretrain_pass3.txt,111,10,1
pretrain_pass3.txt,111,50,1
pretrain_pass3.txt,111,30,1
pretrain_pass3.txt,111,",000",2
pretrain_pass3.txt,111,00,1
pretrain_pass3.txt,112,23,1
pretrain_pass3.txt,112,",",1
pretrain_pass3.txt,112, 2017,1
pretrain_pass3.txt,112, |,1
pretrain_pass3.txt,112, 0,1
pretrain_pass3.txt,112,8,1
pretrain_pass3.txt,112,:,1
pretrain_pass3.txt,112,3,1
pretrain_pass3.txt,112,1,1
pretrain_pass3.txt,112, P,1
pretrain_pass3.txt,112,M,1
pretrain_pass3.txt,113,23,1
pretrain_pass3.txt,113, |,1
pretrain_pass3.txt,113,|,1
pretrain_pass3.txt,114,23,1
pretrain_pass3.txt,114,-0,2
pretrain_pass3.txt,114,9,2
pretrain_pass3.txt,114,-,2
pretrain_pass3.txt,114,201,2
pretrain_pass3.txt,114,7,2
pretrain_pass3.txt,114, 3,1
pretrain_pass3.txt,114,:,2
pretrain_pass3.txt,114,4,1
pretrain_pass3.txt,114,8,1
pretrain_pass3.txt,114, p,2
pretrain_pass3.txt,114,m,2
pretrain_pass3.txt,114, (,1
pretrain_pass3.txt,114,A,1
pretrain_pass3.txt,114,E,1
pretrain_pass3.txt,114,O,1
pretrain_pass3.txt,114,N,1
pretrain_pass3.txt,114, M,1
pretrain_pass3.txt,114,all,1
pretrain_pass3.txt,114,),1
pretrain_pass3.txt,114,...,1
pretrain_pass3.txt,114, «,2
pretrain_pass3.txt,114,»,2
pretrain_pass3.txt,114, |,1
pretrain_pass3.txt,114,|,1
pretrain_pass3.txt,114, 1,1
pretrain_pass3.txt,114,6,1
pretrain_pass3.txt,114, 7,1
pretrain_pass3.txt,114,0,1
pretrain_pass3.txt,114,1,3
pretrain_pass3.txt,114,",",1
pretrain_pass3.txt,114, C,2
pretrain_pass3.txt,114,ent,2
pretrain_pass3.txt,114,ur,2
pretrain_pass3.txt,114,y,2
pretrain_pass3.txt,114, 2,2
pretrain_pass3.txt,114, I,2
pretrain_pass3.txt,114,I,2
pretrain_pass3.txt,114, S,2
pretrain_pass3.txt,114,er,2
pretrain_pass3.txt,114,v,2
pretrain_pass3.txt,114,ic,2
pretrain_pass3.txt,114,e,2
pretrain_pass3.txt,114, Cambodia,1
pretrain_pass3.txt,114,/,1
pretrain_pass3.txt,114,.,1
pretrain_pass3.txt,115,23,2
pretrain_pass3.txt,115, |,3
pretrain_pass3.txt,115,|,3
pretrain_pass3.txt,115, 0,1
pretrain_pass3.txt,115,1,1
pretrain_pass3.txt,115,:,1
pretrain_pass3.txt,115,5,1
pretrain_pass3.txt,115,6,1
pretrain_pass3.txt,115,||,1
pretrain_pass3.txt,115,?,1
pretrain_pass3.txt,115, 1,1
pretrain_pass3.txt,115,3,1
pretrain_pass3.txt,115,.,1
pretrain_pass3.txt,115,2,1
pretrain_pass3.txt,115,%,1
pretrain_pass3.txt,115, A,1
pretrain_pass3.txt,115,E,1
pretrain_pass3.txt,115,O,1
pretrain_pass3.txt,115,N,1
pretrain_pass3.txt,115, M,1
pretrain_pass3.txt,115,all,1
pretrain_pass3.txt,115, 2,1
pretrain_pass3.txt,115,7,1
pretrain_pass3.txt,115,",",1
pretrain_pass3.txt,115,8,1
pretrain_pass3.txt,115,00,1
pretrain_pass3.txt,115,",000",1
pretrain_pass3.txt,115, B,1
pretrain_pass3.txt,115,y,1
pretrain_pass3.txt,115,t,1
pretrain_pass3.txt,115,es,1
pretrain_pass3.txt,115, of,1
pretrain_pass3.txt,115, S,1
pretrain_pass3.txt,115,ing,1
pretrain_pass3.txt,115,ap,1
pretrain_pass3.txt,115,ore,1
pretrain_pass3.txt,116,23,1
pretrain_pass3.txt,116, |,1
pretrain_pass3.txt,116,|,1
pretrain_pass3.txt,116, 0,1
pretrain_pass3.txt,116,1,1
pretrain_pass3.txt,116,:,1
pretrain_pass3.txt,116,3,1
pretrain_pass3.txt,116,9,1
pretrain_pass3.txt,116, P,1
pretrain_pass3.txt,116,M,1
pretrain_pass3.txt,117,23,1
pretrain_pass3.txt,117,8,1
pretrain_pass3.txt,117, |,1
pretrain_pass3.txt,117,|,1
pretrain_pass3.txt,117, 0,1
pretrain_pass3.txt,117,1,1
pretrain_pass3.txt,117,7,1
pretrain_pass3.txt,118,23,2
pretrain_pass3.txt,118,8,1
pretrain_pass3.txt,118, |,5
pretrain_pass3.txt,118,|,5
pretrain_pass3.txt,118,4,2
pretrain_pass3.txt,118,1,1
pretrain_pass3.txt,118,7,1
pretrain_pass3.txt,118,||,3
pretrain_pass3.txt,118,-,1
pretrain_pass3.txt,118,9,1
pretrain_pass3.txt,118,3,1
pretrain_pass3.txt,118,2,1
pretrain_pass3.txt,118,5,1
pretrain_pass3.txt,118, 1,1
pretrain_pass3.txt,118,6,1
pretrain_pass3.txt,118,0,1
pretrain_pass3.txt,118,30,1
pretrain_pass3.txt,118, “,1
pretrain_pass3.txt,118,”,1
pretrain_pass3.txt,118, (,1
pretrain_pass3.txt,118,M,1
pretrain_pass3.txt,118,A,1
pretrain_pass3.txt,118,P,1
pretrain_pass3.txt,118,E,1
pretrain_pass3.txt,118,C,1
pretrain_pass3.txt,118,),1
pretrain_pass3.txt,118,.,20
pretrain_pass3.txt,118, -,1
pretrain_pass3.txt,118,/,1
pretrain_pass3.txt,119,23,1
pretrain_pass3.txt,119,-0,1
pretrain_pass3.txt,119,5,1
pretrain_pass3.txt,119,-,2
pretrain_pass3.txt,119,201,1
pretrain_pass3.txt,119,7,1
pretrain_pass3.txt,119, |,1
pretrain_pass3.txt,119,|,1
pretrain_pass3.txt,119,2,1
pretrain_pass3.txt,119,1,1
pretrain_pass3.txt,119,-1,1
pretrain_pass3.txt,119,0,1
pretrain_pass3.txt,119,20,1
pretrain_pass3.txt,119,am,1
pretrain_pass3.txt,119, (,1
pretrain_pass3.txt,119,L,1
pretrain_pass3.txt,119,u,1
pretrain_pass3.txt,119,x,1
pretrain_pass3.txt,119,ur,1
pretrain_pass3.txt,119,i,1
pretrain_pass3.txt,119,ou,1
pretrain_pass3.txt,119,s,1
pretrain_pass3.txt,119,),1
pretrain_pass3.txt,119, «,1
pretrain_pass3.txt,119,»,1
pretrain_pass3.txt,120,23,1
pretrain_pass3.txt,120,7,1
pretrain_pass3.txt,120, |,2
pretrain_pass3.txt,120,|,2
pretrain_pass3.txt,120,2,1
pretrain_pass3.txt,120,6,1
pretrain_pass3.txt,120,8,1
pretrain_pass3.txt,120,1,1
pretrain_pass3.txt,120,4,1
pretrain_pass3.txt,120,9,1
pretrain_pass3.txt,121,ad,1
pretrain_pass3.txt,121,m,1
pretrain_pass3.txt,121,in,1
pretrain_pass3.txt,121, |,2
pretrain_pass3.txt,121,|,1
pretrain_pass3.txt,121,4,1
pretrain_pass3.txt,121,0,1
pretrain_pass3.txt,121,8,1
pretrain_pass3.txt,121,7,1
pretrain_pass3.txt,122,23,1
pretrain_pass3.txt,122,1,1
pretrain_pass3.txt,122, |,12
pretrain_pass3.txt,122,|,12
pretrain_pass3.txt,122,88,1
pretrain_pass3.txt,122,3,1
pretrain_pass3.txt,122, 2,1
pretrain_pass3.txt,122,5,1
pretrain_pass3.txt,122,4,1
pretrain_pass3.txt,122, 3,1
pretrain_pass3.txt,122,7,1
pretrain_pass3.txt,122,6,1
pretrain_pass3.txt,122, 4,1
pretrain_pass3.txt,122,9,2
pretrain_pass3.txt,122,2,1
pretrain_pass3.txt,122, 1,1
pretrain_pass3.txt,122,8,1
pretrain_pass3.txt,122,0,1
pretrain_pass3.txt,122, 5,1
pretrain_pass3.txt,122,30,1
pretrain_pass3.txt,122, 6,1
pretrain_pass3.txt,122,00,1
pretrain_pass3.txt,122, 7,1
pretrain_pass3.txt,122,50,1
pretrain_pass3.txt,122, 9,1
pretrain_pass3.txt,122,20,1
pretrain_pass3.txt,122, 8,1
pretrain_pass3.txt,122,10,1
pretrain_pass3.txt,122, 10,1
pretrain_pass3.txt,122, 15,1
pretrain_pass3.txt,122,22,1
pretrain_pass3.txt,123,23,1
pretrain_pass3.txt,123,",",1
pretrain_pass3.txt,123, 2017,1
pretrain_pass3.txt,123, |,1
pretrain_pass3.txt,123, 0,1
pretrain_pass3.txt,123, (,1
pretrain_pass3.txt,123,),1
pretrain_pass3.txt,123,-,1
pretrain_pass3.txt,123,.,1
pretrain_pass3.txt,124,23,2
pretrain_pass3.txt,124,-,3
pretrain_pass3.txt,124,J,2
pretrain_pass3.txt,124,un,2
pretrain_pass3.txt,124,20,1
pretrain_pass3.txt,124,2,1
pretrain_pass3.txt,124,1,1
pretrain_pass3.txt,124, |,1
pretrain_pass3.txt,124,|,1
pretrain_pass3.txt,124,-2,1
pretrain_pass3.txt,124,4,1
pretrain_pass3.txt,124,.,9
pretrain_pass3.txt,125,23,1
pretrain_pass3.txt,125,9,2
pretrain_pass3.txt,125, |,59
pretrain_pass3.txt,125,|,59
pretrain_pass3.txt,125,4,1
pretrain_pass3.txt,125,3,2
pretrain_pass3.txt,125,1,50
pretrain_pass3.txt,125,5,48
pretrain_pass3.txt,125,6,1
pretrain_pass3.txt,125,7,2
pretrain_pass3.txt,125,50,1
pretrain_pass3.txt,125,2,1
pretrain_pass3.txt,125,10,2
pretrain_pass3.txt,125,8,1
pretrain_pass3.txt,125,12,1
pretrain_pass3.txt,125,20,1
pretrain_pass3.txt,125,0,2
pretrain_pass3.txt,125,88,1
pretrain_pass3.txt,125,30,1
pretrain_pass3.txt,125,22,1
pretrain_pass3.txt,125,00,48
pretrain_pass3.txt,125,000,1
pretrain_pass3.txt,125,",000",1
pretrain_pass3.txt,125,",",47
pretrain_pass3.txt,125, 1,1
pretrain_pass3.txt,126,23,1
pretrain_pass3.txt,126,",",1
pretrain_pass3.txt,126,6,1
pretrain_pass3.txt,126,2,1
pretrain_pass3.txt,126,7,1
pretrain_pass3.txt,126, |,2
pretrain_pass3.txt,126,-,1
pretrain_pass3.txt,126,.,8
pretrain_pass3.txt,126, (,1
pretrain_pass3.txt,126,B,1
pretrain_pass3.txt,126,R,1
pretrain_pass3.txt,126,I,1
pretrain_pass3.txt,126,),1
pretrain_pass3.txt,127,23,1
pretrain_pass3.txt,127,1,1
pretrain_pass3.txt,127, |,12
pretrain_pass3.txt,127,|,12
pretrain_pass3.txt,127, 1,1
pretrain_pass3.txt,127,3,1
pretrain_pass3.txt,127,2,1
pretrain_pass3.txt,127, 19,1
pretrain_pass3.txt,127,6,3
pretrain_pass3.txt,127, 2,1
pretrain_pass3.txt,127,8,1
pretrain_pass3.txt,127,4,1
pretrain_pass3.txt,127, 3,1
pretrain_pass3.txt,127,9,1
pretrain_pass3.txt,127,5,1
pretrain_pass3.txt,127, 4,1
pretrain_pass3.txt,127,7,1
pretrain_pass3.txt,127,0,1
pretrain_pass3.txt,127, 7,2
pretrain_pass3.txt,127, 5,1
pretrain_pass3.txt,127,10,1
pretrain_pass3.txt,127, 6,1
pretrain_pass3.txt,127,20,1
pretrain_pass3.txt,127, 8,1
pretrain_pass3.txt,127,00,1
pretrain_pass3.txt,127, 9,1
pretrain_pass3.txt,127,30,1
pretrain_pass3.txt,127,50,1
pretrain_pass3.txt,127, 10,1
pretrain_pass3.txt,127,",",1
pretrain_pass3.txt,127,22,1
pretrain_pass3.txt,127,88,1
pretrain_pass3.txt,128,23,2
pretrain_pass3.txt,128,7,1
pretrain_pass3.txt,128, |,227
pretrain_pass3.txt,128,|,228
pretrain_pass3.txt,128, 2,1
pretrain_pass3.txt,128,1,3
pretrain_pass3.txt,128,8,2
pretrain_pass3.txt,128, 1,212
pretrain_pass3.txt,128,4,2
pretrain_pass3.txt,128,9,206
pretrain_pass3.txt,128, 3,1
pretrain_pass3.txt,128,2,210
pretrain_pass3.txt,128,6,1
pretrain_pass3.txt,128, 4,1
pretrain_pass3.txt,128,3,1
pretrain_pass3.txt,128,5,1
pretrain_pass3.txt,128, 50,1
pretrain_pass3.txt,128, 6,1
pretrain_pass3.txt,128,50,1
pretrain_pass3.txt,128, 7,1
pretrain_pass3.txt,128,20,1
pretrain_pass3.txt,128, 9,1
pretrain_pass3.txt,128,30,1
pretrain_pass3.txt,128, 8,1
pretrain_pass3.txt,128,00,1
pretrain_pass3.txt,128, 10,1
pretrain_pass3.txt,128,",",217
pretrain_pass3.txt,128,88,1
pretrain_pass3.txt,128, 11,1
pretrain_pass3.txt,128,10,1
pretrain_pass3.txt,128,||,1
pretrain_pass3.txt,128, 24,1
pretrain_pass3.txt,128,12,2
pretrain_pass3.txt,128, 12,1
pretrain_pass3.txt,128, 15,1
pretrain_pass3.txt,128,22,1
pretrain_pass3.txt,128, 19,1
pretrain_pass3.txt,128, 0,1
pretrain_pass3.txt,128,.,1
pretrain_pass3.txt,129,23,1
pretrain_pass3.txt,129,8,35
pretrain_pass3.txt,129, |,520
pretrain_pass3.txt,129,|,490
pretrain_pass3.txt,129,4,7
pretrain_pass3.txt,129,6,2
pretrain_pass3.txt,129,1,59
pretrain_pass3.txt,129,0,5
pretrain_pass3.txt,129,7,28
pretrain_pass3.txt,129,3,6
pretrain_pass3.txt,129,5,12
pretrain_pass3.txt,129,9,28
pretrain_pass3.txt,129,2,10
pretrain_pass3.txt,129,10,1
pretrain_pass3.txt,129,22,1
pretrain_pass3.txt,129,30,2
pretrain_pass3.txt,129,20,2
pretrain_pass3.txt,129,50,1
pretrain_pass3.txt,129,12,1
pretrain_pass3.txt,129,88,1
pretrain_pass3.txt,129,201,361
pretrain_pass3.txt,129,00,1
pretrain_pass3.txt,129,000,1
pretrain_pass3.txt,129,-,1
pretrain_pass3.txt,129,",",1
pretrain_pass3.txt,129, -,1
pretrain_pass3.txt,129, 1,1
pretrain_pass3.txt,129, 2,1
pretrain_pass3.txt,129,T,1
pretrain_pass3.txt,129,he,1
pretrain_pass3.txt,129,m,1
pretrain_pass3.txt,129,an,1
pretrain_pass3.txt,129,y,1
pretrain_pass3.txt,129,||,1
pretrain_pass3.txt,129,),1
pretrain_pass3.txt,129,E,1
pretrain_pass3.txt,129,x,1
pretrain_pass3.txt,129,M,1
pretrain_pass3.txt,129,N,1
pretrain_pass3.txt,129,(,1
pretrain_pass3.txt,129, (,1
pretrain_pass3.txt,129, «,1
pretrain_pass3.txt,129, 3,1
pretrain_pass3.txt,129,.,2
pretrain_pass3.txt,129, 4,1
pretrain_pass3.txt,130,23,1
pretrain_pass3.txt,130,8,7
pretrain_pass3.txt,130, |,229
pretrain_pass3.txt,130,|,229
pretrain_pass3.txt,130,4,148
pretrain_pass3.txt,130,9,209
pretrain_pass3.txt,130,1,226
pretrain_pass3.txt,130,0,1
pretrain_pass3.txt,130,7,6
pretrain_pass3.txt,130,5,10
pretrain_pass3.txt,130,2,10
pretrain_pass3.txt,130,6,5
pretrain_pass3.txt,130,3,38
pretrain_pass3.txt,130,50,1
pretrain_pass3.txt,130,12,1
pretrain_pass3.txt,130,30,6
pretrain_pass3.txt,130,10,1
pretrain_pass3.txt,130,20,2
pretrain_pass3.txt,130,22,1
pretrain_pass3.txt,130,201,1
pretrain_pass3.txt,130,88,1
pretrain_pass3.txt,130,00,1
pretrain_pass3.txt,131,23,2
pretrain_pass3.txt,131,8,1
pretrain_pass3.txt,131, |,3
pretrain_pass3.txt,131,|,3
pretrain_pass3.txt,131, (,1
pretrain_pass3.txt,131,.,2
pretrain_pass3.txt,131,),1
pretrain_pass3.txt,131,||,2
pretrain_pass3.txt,131,2,1
pretrain_pass3.txt,131,1,1
pretrain_pass3.txt,131,4,1
pretrain_pass3.txt,131,7,1
pretrain_pass3.txt,131,9,1
pretrain_pass3.txt,131,5,1
pretrain_pass3.txt,131,...,1
pretrain_pass3.txt,132,23,2
pretrain_pass3.txt,132,9,1
pretrain_pass3.txt,132, |,12
pretrain_pass3.txt,132,|,7
pretrain_pass3.txt,132,0,1
pretrain_pass3.txt,132,88,4
pretrain_pass3.txt,132,8,1
pretrain_pass3.txt,132,3,1
pretrain_pass3.txt,132,||,3
pretrain_pass3.txt,132, 2,1
pretrain_pass3.txt,132,1,1
pretrain_pass3.txt,132,4,1
pretrain_pass3.txt,132,5,1
pretrain_pass3.txt,132, 3,1
pretrain_pass3.txt,132,2,1
pretrain_pass3.txt,132,6,1
pretrain_pass3.txt,132,7,1
pretrain_pass3.txt,132, (,1
pretrain_pass3.txt,132,.,2
pretrain_pass3.txt,132,),1
pretrain_pass3.txt,133,23,1
pretrain_pass3.txt,133, |,1
pretrain_pass3.txt,133,|,1
pretrain_pass3.txt,133, 0,1
pretrain_pass3.txt,133,5,1
pretrain_pass3.txt,133,×,1
pretrain_pass3.txt,134,23,1
pretrain_pass3.txt,134,7,1
pretrain_pass3.txt,134, |,18
pretrain_pass3.txt,134,|,18
pretrain_pass3.txt,134,4,1
pretrain_pass3.txt,134,9,3
pretrain_pass3.txt,134,6,2
pretrain_pass3.txt,134,3,2
pretrain_pass3.txt,134,8,3
pretrain_pass3.txt,134,2,3
pretrain_pass3.txt,134,1,9
pretrain_pass3.txt,134,88,1
pretrain_pass3.txt,134,5,4
pretrain_pass3.txt,134,12,1
pretrain_pass3.txt,134,10,2
pretrain_pass3.txt,134,0,1
pretrain_pass3.txt,134,30,1
pretrain_pass3.txt,134,50,1
pretrain_pass3.txt,134,20,1
pretrain_pass3.txt,134,22,1
pretrain_pass3.txt,134,00,2
pretrain_pass3.txt,134,201,1
pretrain_pass3.txt,134,000,1
pretrain_pass3.txt,134,",000",1
pretrain_pass3.txt,134,",",1
pretrain_pass3.txt,134,%,1
pretrain_pass3.txt,134,-,2
pretrain_pass3.txt,134, (,1
pretrain_pass3.txt,134,),1
pretrain_pass3.txt,135,23,1
pretrain_pass3.txt,135,1,1
pretrain_pass3.txt,135, |,8
pretrain_pass3.txt,135,|,8
pretrain_pass3.txt,135,4,1
pretrain_pass3.txt,135,2,1
pretrain_pass3.txt,135,8,1
pretrain_pass3.txt,135,3,1
pretrain_pass3.txt,135,5,1
pretrain_pass3.txt,135,9,2
pretrain_pass3.txt,135,7,1
pretrain_pass3.txt,135,0,1
pretrain_pass3.txt,135,6,1
pretrain_pass3.txt,135,10,1
pretrain_pass3.txt,135,12,1
pretrain_pass3.txt,135,20,1
pretrain_pass3.txt,135,30,1
pretrain_pass3.txt,135,88,1
pretrain_pass3.txt,135,201,1
pretrain_pass3.txt,135,||,1
pretrain_pass3.txt,135,:,1
pretrain_pass3.txt,135, (,1
pretrain_pass3.txt,135,),1
pretrain_pass3.txt,136,23,1
pretrain_pass3.txt,136,9,1
pretrain_pass3.txt,136, |,1
pretrain_pass3.txt,136,|,1
pretrain_pass3.txt,136,88,1
pretrain_pass3.txt,136,8,1
pretrain_pass3.txt,137,23,1
pretrain_pass3.txt,137,1,1
pretrain_pass3.txt,137, |,3
pretrain_pass3.txt,137,|,3
pretrain_pass3.txt,137,2,1
pretrain_pass3.txt,137,4,1
pretrain_pass3.txt,137,8,1
pretrain_pass3.txt,137,3,1
pretrain_pass3.txt,137,6,1
pretrain_pass3.txt,137,9,1
pretrain_pass3.txt,137,0,1
pretrain_pass3.txt,137,5,1
pretrain_pass3.txt,137,7,1
pretrain_pass3.txt,138,23,1
pretrain_pass3.txt,138,9,1
pretrain_pass3.txt,138, |,8
pretrain_pass3.txt,138,|,9
pretrain_pass3.txt,138,4,1
pretrain_pass3.txt,138,7,2
pretrain_pass3.txt,138,2,1
pretrain_pass3.txt,138,3,1
pretrain_pass3.txt,138,1,1
pretrain_pass3.txt,138,8,2
pretrain_pass3.txt,138,5,1
pretrain_pass3.txt,138,6,1
pretrain_pass3.txt,138,0,1
pretrain_pass3.txt,138,50,1
pretrain_pass3.txt,138,20,1
pretrain_pass3.txt,138,10,1
pretrain_pass3.txt,138,12,1
pretrain_pass3.txt,138,22,1
pretrain_pass3.txt,138,30,1
pretrain_pass3.txt,138,88,1
pretrain_pass3.txt,138,201,1
pretrain_pass3.txt,138,||,1
pretrain_pass3.txt,138,-,1
pretrain_pass3.txt,139,23,1
pretrain_pass3.txt,139,7,1
pretrain_pass3.txt,139, |,11
pretrain_pass3.txt,139,|,11
pretrain_pass3.txt,139, 2,1
pretrain_pass3.txt,139,2,1
pretrain_pass3.txt,139,4,1
pretrain_pass3.txt,139, 1,1
pretrain_pass3.txt,139,6,2
pretrain_pass3.txt,139,5,1
pretrain_pass3.txt,139, 20,1
pretrain_pass3.txt,139,3,1
pretrain_pass3.txt,139, 19,1
pretrain_pass3.txt,139,9,1
pretrain_pass3.txt,139, 3,1
pretrain_pass3.txt,139,1,1
pretrain_pass3.txt,139,8,1
pretrain_pass3.txt,139, 24,1
pretrain_pass3.txt,139,0,1
pretrain_pass3.txt,139, 4,1
pretrain_pass3.txt,139,10,1
pretrain_pass3.txt,139, 5,1
pretrain_pass3.txt,139,50,1
pretrain_pass3.txt,139, 6,1
pretrain_pass3.txt,139,30,1
pretrain_pass3.txt,139, 7,1
pretrain_pass3.txt,139,20,1
pretrain_pass3.txt,139, 9,1
pretrain_pass3.txt,140,23,1
pretrain_pass3.txt,140,8,1
pretrain_pass3.txt,140, |,1
pretrain_pass3.txt,140,|,1
pretrain_pass3.txt,140,4,1
pretrain_pass3.txt,140,1,1
pretrain_pass3.txt,140,9,1
pretrain_pass3.txt,141,23,1
pretrain_pass3.txt,141, |,329
pretrain_pass3.txt,141,|,345
pretrain_pass3.txt,141,88,1
pretrain_pass3.txt,141,4,351
pretrain_pass3.txt,141,5,34
pretrain_pass3.txt,141,1,110
pretrain_pass3.txt,141,6,6
pretrain_pass3.txt,141,3,32
pretrain_pass3.txt,141,7,3
pretrain_pass3.txt,141,2,39
pretrain_pass3.txt,141,8,37
pretrain_pass3.txt,141,0,18
pretrain_pass3.txt,141,9,13
pretrain_pass3.txt,141,10,1
pretrain_pass3.txt,141,12,1
pretrain_pass3.txt,141,30,1
pretrain_pass3.txt,141,20,1
pretrain_pass3.txt,141,22,1
pretrain_pass3.txt,141,00,1
pretrain_pass3.txt,141,50,1
pretrain_pass3.txt,141,||,1
pretrain_pass3.txt,141, 4,1
pretrain_pass3.txt,141,.,1
pretrain_pass3.txt,141, 9,1
pretrain_pass3.txt,142,23,1
pretrain_pass3.txt,142,7,1
pretrain_pass3.txt,142, |,5
pretrain_pass3.txt,142,|,5
pretrain_pass3.txt,142,1,1
pretrain_pass3.txt,142,3,1
pretrain_pass3.txt,142,8,1
pretrain_pass3.txt,142,4,1
pretrain_pass3.txt,142,9,1
pretrain_pass3.txt,142,6,1
pretrain_pass3.txt,142,5,1
pretrain_pass3.txt,142,2,1
pretrain_pass3.txt,142,88,1
pretrain_pass3.txt,142,0,1
pretrain_pass3.txt,142,30,1
pretrain_pass3.txt,142,10,1
pretrain_pass3.txt,142,50,1
pretrain_pass3.txt,143,23,1
pretrain_pass3.txt,143, |,11
pretrain_pass3.txt,143,|,11
pretrain_pass3.txt,143, 2,1
pretrain_pass3.txt,143,1,1
pretrain_pass3.txt,143, 3,1
pretrain_pass3.txt,143,2,1
pretrain_pass3.txt,143, 4,1
pretrain_pass3.txt,143,9,1
pretrain_pass3.txt,143, 6,1
pretrain_pass3.txt,143,3,1
pretrain_pass3.txt,143, 7,1
pretrain_pass3.txt,143,5,1
pretrain_pass3.txt,143, 5,1
pretrain_pass3.txt,143,4,1
pretrain_pass3.txt,143, 8,1
pretrain_pass3.txt,143,6,1
pretrain_pass3.txt,143, 9,1
pretrain_pass3.txt,143,8,1
pretrain_pass3.txt,143, 1,1
pretrain_pass3.txt,143,7,1
pretrain_pass3.txt,143,0,1
pretrain_pass3.txt,143, 12,1
pretrain_pass3.txt,143,12,1
pretrain_pass3.txt,143, 11,1
pretrain_pass3.txt,143,88,1
pretrain_pass3.txt,144,23,1
pretrain_pass3.txt,144, |,12
pretrain_pass3.txt,144,|,12
pretrain_pass3.txt,144, 2,1
pretrain_pass3.txt,144,2,1
pretrain_pass3.txt,144, 3,1
pretrain_pass3.txt,144,4,1
pretrain_pass3.txt,144, 1,1
pretrain_pass3.txt,144,6,1
pretrain_pass3.txt,144, 4,1
pretrain_pass3.txt,144,9,2
pretrain_pass3.txt,144, 5,1
pretrain_pass3.txt,144,3,1
pretrain_pass3.txt,144, 6,2
pretrain_pass3.txt,144,0,1
pretrain_pass3.txt,144, 7,1
pretrain_pass3.txt,144,7,1
pretrain_pass3.txt,144, 8,1
pretrain_pass3.txt,144,1,1
pretrain_pass3.txt,144, 9,1
pretrain_pass3.txt,144,8,1
pretrain_pass3.txt,144,5,1
pretrain_pass3.txt,144, 10,1
pretrain_pass3.txt,144, 12,1
pretrain_pass3.txt,144,88,1
pretrain_pass3.txt,145,23,1
pretrain_pass3.txt,145,8,1
pretrain_pass3.txt,145, |,259
pretrain_pass3.txt,145,|,260
pretrain_pass3.txt,145,1,251
pretrain_pass3.txt,145,4,493
pretrain_pass3.txt,145,9,1
pretrain_pass3.txt,145,2,1
pretrain_pass3.txt,145,6,4
pretrain_pass3.txt,145,3,2
pretrain_pass3.txt,145,20,1
pretrain_pass3.txt,145,0,1
pretrain_pass3.txt,145,5,5
pretrain_pass3.txt,145,7,5
pretrain_pass3.txt,145,12,1
pretrain_pass3.txt,145,10,1
pretrain_pass3.txt,145,30,1
pretrain_pass3.txt,145,50,1
pretrain_pass3.txt,145,00,1
pretrain_pass3.txt,145,||,1
pretrain_pass3.txt,145, 1,1
pretrain_pass3.txt,146,23,1
pretrain_pass3.txt,146,9,18
pretrain_pass3.txt,146, |,166
pretrain_pass3.txt,146,|,168
pretrain_pass3.txt,146, 2,1
pretrain_pass3.txt,146,2,4
pretrain_pass3.txt,146,5,6
pretrain_pass3.txt,146, 3,1
pretrain_pass3.txt,146,30,1
pretrain_pass3.txt,146, 1,153
pretrain_pass3.txt,146,4,168
pretrain_pass3.txt,146,0,95
pretrain_pass3.txt,146, 4,1
pretrain_pass3.txt,146,1,314
pretrain_pass3.txt,146,7,5
pretrain_pass3.txt,146, 6,2
pretrain_pass3.txt,146,3,4
pretrain_pass3.txt,146,6,5
pretrain_pass3.txt,146, 5,1
pretrain_pass3.txt,146,8,6
pretrain_pass3.txt,146,.,164
pretrain_pass3.txt,146,12,1
pretrain_pass3.txt,146, 7,1
pretrain_pass3.txt,146,50,1
pretrain_pass3.txt,146, 8,1
pretrain_pass3.txt,146, 10,1
pretrain_pass3.txt,146,10,1
pretrain_pass3.txt,146, 9,1
pretrain_pass3.txt,146, 12,1
pretrain_pass3.txt,146, 11,2
pretrain_pass3.txt,146, 15,1
pretrain_pass3.txt,146, 19,1
pretrain_pass3.txt,146, 20,1
pretrain_pass3.txt,146, 24,1
pretrain_pass3.txt,146,00,1
pretrain_pass3.txt,146,20,1
pretrain_pass3.txt,146,88,1
pretrain_pass3.txt,146,||,1
pretrain_pass3.txt,146, 0,1
pretrain_pass3.txt,146,(,1
pretrain_pass3.txt,146,B,1
pretrain_pass3.txt,146,),1
pretrain_pass3.txt,146, (,1
pretrain_pass3.txt,146,R,1
pretrain_pass3.txt,146,m,1
pretrain_pass3.txt,146,s,1
pretrain_pass3.txt,146,/,1
pretrain_pass3.txt,147,23,1
pretrain_pass3.txt,147,",",1
pretrain_pass3.txt,147,1,1
pretrain_pass3.txt,147,9,1
pretrain_pass3.txt,147,7,1
pretrain_pass3.txt,147, |,2
pretrain_pass3.txt,147,↑,3
pretrain_pass3.txt,147,|,1
pretrain_pass3.txt,147,-,20
pretrain_pass3.txt,147, (,1
pretrain_pass3.txt,147,),1
pretrain_pass3.txt,148,23,1
pretrain_pass3.txt,148,8,1
pretrain_pass3.txt,148, |,1
pretrain_pass3.txt,148,|,1
pretrain_pass3.txt,148,1,1
pretrain_pass3.txt,148,4,1
pretrain_pass3.txt,148,0,1
pretrain_pass3.txt,148,#,1
pretrain_pass3.txt,149,23,1
pretrain_pass3.txt,149, |,2
pretrain_pass3.txt,149,|,1
pretrain_pass3.txt,149,↑,3
pretrain_pass3.txt,150,23,1
pretrain_pass3.txt,150, |,2
pretrain_pass3.txt,150,|,2
pretrain_pass3.txt,150, 0,1
pretrain_pass3.txt,150,1,1
pretrain_pass3.txt,150,:,1
pretrain_pass3.txt,150,2,1
pretrain_pass3.txt,150,5,1
pretrain_pass3.txt,151,23,1
pretrain_pass3.txt,151,8,1
pretrain_pass3.txt,151, |,3
pretrain_pass3.txt,151,|,3
pretrain_pass3.txt,151,3,1
pretrain_pass3.txt,151,4,1
pretrain_pass3.txt,151,2,1
pretrain_pass3.txt,151,1,1
pretrain_pass3.txt,151,5,1
pretrain_pass3.txt,151,9,1
pretrain_pass3.txt,151,7,1
pretrain_pass3.txt,151,0,1
pretrain_pass3.txt,151,6,1
pretrain_pass3.txt,152,23,1
pretrain_pass3.txt,152,1,1
pretrain_pass3.txt,152, |,1
pretrain_pass3.txt,152,|,1
pretrain_pass3.txt,153,23,1
pretrain_pass3.txt,153,1,1
pretrain_pass3.txt,153, |,10
pretrain_pass3.txt,153,|,10
pretrain_pass3.txt,153, 2,1
pretrain_pass3.txt,153,2,1
pretrain_pass3.txt,153,4,1
pretrain_pass3.txt,153, 1,1
pretrain_pass3.txt,153,7,2
pretrain_pass3.txt,153,5,1
pretrain_pass3.txt,153, 3,1
pretrain_pass3.txt,153,9,1
pretrain_pass3.txt,153,6,1
pretrain_pass3.txt,153, 19,1
pretrain_pass3.txt,153,3,1
pretrain_pass3.txt,153, 4,1
pretrain_pass3.txt,153,8,1
pretrain_pass3.txt,153,0,1
pretrain_pass3.txt,153, 6,1
pretrain_pass3.txt,153,88,1
pretrain_pass3.txt,153, 7,1
pretrain_pass3.txt,153,",",1
pretrain_pass3.txt,153,10,1
pretrain_pass3.txt,153, 8,1
pretrain_pass3.txt,153,20,1
pretrain_pass3.txt,153, 5,1
pretrain_pass3.txt,153,00,1
pretrain_pass3.txt,153, 9,1
pretrain_pass3.txt,153,30,1
pretrain_pass3.txt,154,23,1
pretrain_pass3.txt,154,9,1
pretrain_pass3.txt,154, |,7
pretrain_pass3.txt,154,|,7
pretrain_pass3.txt,154,1,1
pretrain_pass3.txt,154,4,1
pretrain_pass3.txt,154,5,1
pretrain_pass3.txt,154,7,1
pretrain_pass3.txt,154,10,1
pretrain_pass3.txt,154,3,1
pretrain_pass3.txt,154,8,2
pretrain_pass3.txt,154,0,1
pretrain_pass3.txt,154,6,1
pretrain_pass3.txt,154,2,1
pretrain_pass3.txt,154,12,1
pretrain_pass3.txt,154,50,1
pretrain_pass3.txt,154,20,1
pretrain_pass3.txt,154,00,1
pretrain_pass3.txt,154,30,1
pretrain_pass3.txt,154,201,1
pretrain_pass3.txt,154,||,1
pretrain_pass3.txt,155,23,1
pretrain_pass3.txt,155,1,1
pretrain_pass3.txt,155, |,10
pretrain_pass3.txt,155,|,10
pretrain_pass3.txt,155, 0,1
pretrain_pass3.txt,155,2,1
pretrain_pass3.txt,155,5,1
pretrain_pass3.txt,155, 1,1
pretrain_pass3.txt,155,4,1
pretrain_pass3.txt,155,9,1
pretrain_pass3.txt,155, 2,1
pretrain_pass3.txt,155,7,1
pretrain_pass3.txt,155,3,1
pretrain_pass3.txt,155, 3,1
pretrain_pass3.txt,155,8,1
pretrain_pass3.txt,155,6,1
pretrain_pass3.txt,155, 4,1
pretrain_pass3.txt,155,0,1
pretrain_pass3.txt,155, 6,1
pretrain_pass3.txt,155,30,1
pretrain_pass3.txt,155, 5,1
pretrain_pass3.txt,155,50,1
pretrain_pass3.txt,155, 7,1
pretrain_pass3.txt,155,20,1
pretrain_pass3.txt,155, 8,1
pretrain_pass3.txt,155,10,1
pretrain_pass3.txt,155, 9,1
pretrain_pass3.txt,155,88,1
pretrain_pass3.txt,156,23,1
pretrain_pass3.txt,156,7,1
pretrain_pass3.txt,156, |,62
pretrain_pass3.txt,156,|,62
pretrain_pass3.txt,156,1,54
pretrain_pass3.txt,156,4,3
pretrain_pass3.txt,156,9,1
pretrain_pass3.txt,156,0,2
pretrain_pass3.txt,156,2,1
pretrain_pass3.txt,156,8,2
pretrain_pass3.txt,156,5,51
pretrain_pass3.txt,156,3,1
pretrain_pass3.txt,156,6,2
pretrain_pass3.txt,156,30,1
pretrain_pass3.txt,156,50,1
pretrain_pass3.txt,156,12,2
pretrain_pass3.txt,156,22,1
pretrain_pass3.txt,156,10,1
pretrain_pass3.txt,156,20,1
pretrain_pass3.txt,156,88,1
pretrain_pass3.txt,156,00,50
pretrain_pass3.txt,156,000,1
pretrain_pass3.txt,156,",",49
pretrain_pass3.txt,156, 1,1
pretrain_pass3.txt,157,23,1
pretrain_pass3.txt,157,8,1
pretrain_pass3.txt,157, |,1
pretrain_pass3.txt,157,|,1
pretrain_pass3.txt,158,23,1
pretrain_pass3.txt,158,-,5
pretrain_pass3.txt,158,J,2
pretrain_pass3.txt,158,an,2
pretrain_pass3.txt,158,201,2
pretrain_pass3.txt,158,7,2
pretrain_pass3.txt,158, 8,1
pretrain_pass3.txt,158,:,2
pretrain_pass3.txt,158,0,1
pretrain_pass3.txt,158,2,1
pretrain_pass3.txt,158,am,1
pretrain_pass3.txt,158, |,1
pretrain_pass3.txt,158,|,1
pretrain_pass3.txt,158, 2,1
pretrain_pass3.txt,158,1,1
pretrain_pass3.txt,158, 7,1
pretrain_pass3.txt,158,4,1
pretrain_pass3.txt,158,9,1
pretrain_pass3.txt,158, p,1
pretrain_pass3.txt,158,m,1
pretrain_pass3.txt,158,...,1
pretrain_pass3.txt,159,23,2
pretrain_pass3.txt,159, |,3
pretrain_pass3.txt,159,|,3
pretrain_pass3.txt,159, 0,1
pretrain_pass3.txt,159,1,1
pretrain_pass3.txt,159,:,1
pretrain_pass3.txt,159,4,1
pretrain_pass3.txt,159,2,1
pretrain_pass3.txt,159, «,1
pretrain_pass3.txt,159,»,1
pretrain_pass3.txt,160,23,1
pretrain_pass3.txt,160,-,4
pretrain_pass3.txt,160,J,1
pretrain_pass3.txt,160,an,1
pretrain_pass3.txt,160,201,2
pretrain_pass3.txt,160,7,1
pretrain_pass3.txt,160, 8,1
pretrain_pass3.txt,160,:,2
pretrain_pass3.txt,160,0,1
pretrain_pass3.txt,160,8,1
pretrain_pass3.txt,160,am,2
pretrain_pass3.txt,160,...,1
pretrain_pass3.txt,160, «,1
pretrain_pass3.txt,160,?,1
pretrain_pass3.txt,160,»,1
pretrain_pass3.txt,160, 2,1
pretrain_pass3.txt,160,1,1
pretrain_pass3.txt,160,M,1
pretrain_pass3.txt,160,ay,1
pretrain_pass3.txt,160,6,1
pretrain_pass3.txt,160, 7,1
pretrain_pass3.txt,160,5,1
pretrain_pass3.txt,160,4,1
pretrain_pass3.txt,160, 1,1
pretrain_pass3.txt,160,),2
pretrain_pass3.txt,160, (,1
pretrain_pass3.txt,160,S,1
pretrain_pass3.txt,160,t,1
pretrain_pass3.txt,160,r,1
pretrain_pass3.txt,160,eng,1
pretrain_pass3.txt,160,th,1
pretrain_pass3.txt,160, of,1
pretrain_pass3.txt,160, the,1
pretrain_pass3.txt,160, S,1
pretrain_pass3.txt,160,c,1
pretrain_pass3.txt,160,en,1
pretrain_pass3.txt,160,e,1
pretrain_pass3.txt,160, and,1
pretrain_pass3.txt,160, C,1
pretrain_pass3.txt,160,om,1
pretrain_pass3.txt,160,p,1
pretrain_pass3.txt,160,et,1
pretrain_pass3.txt,160,it,1
pretrain_pass3.txt,160,ion,1
pretrain_pass3.txt,160,.,1
pretrain_pass3.txt,160, “,1
pretrain_pass3.txt,160,”,1
pretrain_pass3.txt,160,....,4
pretrain_pass3.txt,161,23,1
pretrain_pass3.txt,161,8,1
pretrain_pass3.txt,161, |,7
pretrain_pass3.txt,161,|,7
pretrain_pass3.txt,161, 1,1
pretrain_pass3.txt,161,3,1
pretrain_pass3.txt,161,9,2
pretrain_pass3.txt,161, 19,1
pretrain_pass3.txt,161,4,1
pretrain_pass3.txt,161, 2,1
pretrain_pass3.txt,161,7,1
pretrain_pass3.txt,161,5,1
pretrain_pass3.txt,161, 3,1
pretrain_pass3.txt,161,1,1
pretrain_pass3.txt,161,6,2
pretrain_pass3.txt,161, 20,1
pretrain_pass3.txt,161,0,1
pretrain_pass3.txt,161, 4,1
pretrain_pass3.txt,161,2,1
pretrain_pass3.txt,161, 24,1
pretrain_pass3.txt,162,23,1
pretrain_pass3.txt,162,9,2
pretrain_pass3.txt,162, |,14
pretrain_pass3.txt,162,|,14
pretrain_pass3.txt,162,2,1
pretrain_pass3.txt,162,7,3
pretrain_pass3.txt,162,4,3
pretrain_pass3.txt,162,3,1
pretrain_pass3.txt,162,8,2
pretrain_pass3.txt,162,1,7
pretrain_pass3.txt,162,0,1
pretrain_pass3.txt,162,5,1
pretrain_pass3.txt,162,6,1
pretrain_pass3.txt,162,30,1
pretrain_pass3.txt,162,12,1
pretrain_pass3.txt,162,22,1
pretrain_pass3.txt,162,10,1
pretrain_pass3.txt,162,20,1
pretrain_pass3.txt,162,201,1
pretrain_pass3.txt,162,50,1
pretrain_pass3.txt,162,00,1
pretrain_pass3.txt,162,000,1
pretrain_pass3.txt,162,",000",1
pretrain_pass3.txt,162,",",1
pretrain_pass3.txt,162,88,1
pretrain_pass3.txt,162,.,1
pretrain_pass3.txt,162,K,1
pretrain_pass3.txt,162, B,1
pretrain_pass3.txt,162,ack,1
pretrain_pass3.txt,162, to,1
pretrain_pass3.txt,162, t,1
pretrain_pass3.txt,162,op,1
pretrain_pass3.txt,162, X,1
pretrain_pass3.txt,162,S,1
pretrain_pass3.txt,162, S,1
pretrain_pass3.txt,162,M,1
pretrain_pass3.txt,162, M,1
pretrain_pass3.txt,162,D,1
pretrain_pass3.txt,162, L,1
pretrain_pass3.txt,162,G,1
pretrain_pass3.txt,163,',240
pretrain_pass3.txt,163, |,56
pretrain_pass3.txt,163,|,57
pretrain_pass3.txt,163, -,1
pretrain_pass3.txt,163,-,1
pretrain_pass3.txt,163,/,1
pretrain_pass3.txt,163,||,1
pretrain_pass3.txt,163,‸,3
pretrain_pass3.txt,164,23,1
pretrain_pass3.txt,164, |,2
pretrain_pass3.txt,164,|,1
pretrain_pass3.txt,164, 0,1
pretrain_pass3.txt,164,1,1
pretrain_pass3.txt,164,:,1
pretrain_pass3.txt,164,3,1
pretrain_pass3.txt,164,4,1
pretrain_pass3.txt,165,23,1
pretrain_pass3.txt,165,-,2
pretrain_pass3.txt,165,J,1
pretrain_pass3.txt,165,an,1
pretrain_pass3.txt,165,201,1
pretrain_pass3.txt,165,7,5
pretrain_pass3.txt,165, 8,3
pretrain_pass3.txt,165,:,2
pretrain_pass3.txt,165,4,5
pretrain_pass3.txt,165,8,6
pretrain_pass3.txt,165,am,1
pretrain_pass3.txt,165,?,61
pretrain_pass3.txt,165, |,66
pretrain_pass3.txt,165,|,66
pretrain_pass3.txt,165, 1,4
pretrain_pass3.txt,165,3,6
pretrain_pass3.txt,165,1,50
pretrain_pass3.txt,165,||,60
pretrain_pass3.txt,165, 15,1
pretrain_pass3.txt,165,2,3
pretrain_pass3.txt,165, 12,1
pretrain_pass3.txt,165,6,5
pretrain_pass3.txt,165, 11,2
pretrain_pass3.txt,165,5,6
pretrain_pass3.txt,165, 10,35
pretrain_pass3.txt,165,9,18
pretrain_pass3.txt,165, 2,1
pretrain_pass3.txt,165,10,1
pretrain_pass3.txt,165, 3,1
pretrain_pass3.txt,165,0,1
pretrain_pass3.txt,165, 7,2
pretrain_pass3.txt,165, 6,5
pretrain_pass3.txt,165,30,1
pretrain_pass3.txt,165, 5,3
pretrain_pass3.txt,165,00,1
pretrain_pass3.txt,165, 4,1
pretrain_pass3.txt,165,",",50
pretrain_pass3.txt,165,20,1
pretrain_pass3.txt,165,12,1
pretrain_pass3.txt,165,22,1
pretrain_pass3.txt,165, 9,5
pretrain_pass3.txt,165, «,1
pretrain_pass3.txt,165,»,1
pretrain_pass3.txt,165, 0,1
pretrain_pass3.txt,165,.,1
pretrain_pass3.txt,165,!,2
pretrain_pass3.txt,165,”,1
pretrain_pass3.txt,165, (,1
pretrain_pass3.txt,165,),1
pretrain_pass3.txt,165, -,1
pretrain_pass3.txt,165, –,1
pretrain_pass3.txt,166,23,1
pretrain_pass3.txt,166,9,1
pretrain_pass3.txt,166, |,8
pretrain_pass3.txt,166,|,8
pretrain_pass3.txt,166,1,3
pretrain_pass3.txt,166,4,1
pretrain_pass3.txt,166,6,1
pretrain_pass3.txt,166,12,1
pretrain_pass3.txt,166,7,1
pretrain_pass3.txt,166,2,1
pretrain_pass3.txt,166,8,1
pretrain_pass3.txt,166,3,1
pretrain_pass3.txt,166,10,1
pretrain_pass3.txt,166,5,1
pretrain_pass3.txt,166,0,1
pretrain_pass3.txt,166,30,1
pretrain_pass3.txt,166,20,1
pretrain_pass3.txt,166,00,1
pretrain_pass3.txt,166,50,1
pretrain_pass3.txt,166,201,1
pretrain_pass3.txt,166,||,1
pretrain_pass3.txt,166, «,1
pretrain_pass3.txt,166,»,1
pretrain_pass3.txt,167,23,1
pretrain_pass3.txt,167,8,196
pretrain_pass3.txt,167, |,224
pretrain_pass3.txt,167,|,225
pretrain_pass3.txt,167,1,214
pretrain_pass3.txt,167,7,6
pretrain_pass3.txt,167,5,3
pretrain_pass3.txt,167,0,216
pretrain_pass3.txt,167,4,3
pretrain_pass3.txt,167,6,2
pretrain_pass3.txt,167,3,2
pretrain_pass3.txt,167,9,173
pretrain_pass3.txt,167,2,3
pretrain_pass3.txt,167,10,1
pretrain_pass3.txt,167,12,1
pretrain_pass3.txt,167,20,1
pretrain_pass3.txt,167,30,1
pretrain_pass3.txt,167,22,1
pretrain_pass3.txt,167,50,1
pretrain_pass3.txt,167,88,1
pretrain_pass3.txt,167,00,1
pretrain_pass3.txt,167,",000",1
pretrain_pass3.txt,167,",",214
pretrain_pass3.txt,167, 1,1
pretrain_pass3.txt,167,||,1
pretrain_pass3.txt,167, 6,1
pretrain_pass3.txt,167,.,1
pretrain_pass3.txt,168,23,1
pretrain_pass3.txt,168,9,4
pretrain_pass3.txt,168, |,61
pretrain_pass3.txt,168,|,61
pretrain_pass3.txt,168,2,6
pretrain_pass3.txt,168,4,6
pretrain_pass3.txt,168,8,6
pretrain_pass3.txt,168,3,7
pretrain_pass3.txt,168,5,12
pretrain_pass3.txt,168,1,17
pretrain_pass3.txt,168,0,1
pretrain_pass3.txt,168,6,2
pretrain_pass3.txt,168,7,6
pretrain_pass3.txt,168,30,1
pretrain_pass3.txt,168,88,1
pretrain_pass3.txt,168,20,1
pretrain_pass3.txt,168,22,1
pretrain_pass3.txt,168,10,53
pretrain_pass3.txt,168,12,1
pretrain_pass3.txt,168,201,1
pretrain_pass3.txt,168,50,1
pretrain_pass3.txt,169,23,1
pretrain_pass3.txt,169,9,8
pretrain_pass3.txt,169, |,269
pretrain_pass3.txt,169,|,269
pretrain_pass3.txt,169,0,1
pretrain_pass3.txt,169,7,2
pretrain_pass3.txt,169,6,1
pretrain_pass3.txt,169,4,478
pretrain_pass3.txt,169,3,7
pretrain_pass3.txt,169,8,6
pretrain_pass3.txt,169,5,6
pretrain_pass3.txt,169,1,267
pretrain_pass3.txt,169,50,1
pretrain_pass3.txt,169,2,5
pretrain_pass3.txt,169,10,3
pretrain_pass3.txt,169,20,1
pretrain_pass3.txt,169,22,1
pretrain_pass3.txt,169,30,1
pretrain_pass3.txt,169,12,1
pretrain_pass3.txt,169,201,1
pretrain_pass3.txt,169,88,1
pretrain_pass3.txt,169,00,2
pretrain_pass3.txt,169,||,1
pretrain_pass3.txt,169, 1,1
pretrain_pass3.txt,170,23,1
pretrain_pass3.txt,170, |,1
pretrain_pass3.txt,170,|,1
pretrain_pass3.txt,170, 1,1
pretrain_pass3.txt,170,4,1
pretrain_pass3.txt,170,8,1
pretrain_pass3.txt,170,||,1
pretrain_pass3.txt,170, (,1
pretrain_pass3.txt,170,.,4
pretrain_pass3.txt,170,),1
pretrain_pass3.txt,171,23,1
pretrain_pass3.txt,171,8,1
pretrain_pass3.txt,171, |,255
pretrain_pass3.txt,171,|,256
pretrain_pass3.txt,171,4,249
pretrain_pass3.txt,171,9,1
pretrain_pass3.txt,171,2,249
pretrain_pass3.txt,171,1,2
pretrain_pass3.txt,171,3,2
pretrain_pass3.txt,171,7,1
pretrain_pass3.txt,171,5,1
pretrain_pass3.txt,171,6,1
pretrain_pass3.txt,171,0,1
pretrain_pass3.txt,171,10,250
pretrain_pass3.txt,171,30,1
pretrain_pass3.txt,171,12,1
pretrain_pass3.txt,171,20,1
pretrain_pass3.txt,171,00,1
pretrain_pass3.txt,171,50,1
pretrain_pass3.txt,171,||,1
pretrain_pass3.txt,172,23,1
pretrain_pass3.txt,172,1,100
pretrain_pass3.txt,172, |,111
pretrain_pass3.txt,172,|,111
pretrain_pass3.txt,172,2,4
pretrain_pass3.txt,172,4,103
pretrain_pass3.txt,172,3,5
pretrain_pass3.txt,172,5,2
pretrain_pass3.txt,172,7,2
pretrain_pass3.txt,172,6,1
pretrain_pass3.txt,172,0,1
pretrain_pass3.txt,172,8,1
pretrain_pass3.txt,172,9,1
pretrain_pass3.txt,172,12,1
pretrain_pass3.txt,172,22,1
pretrain_pass3.txt,172,30,1
pretrain_pass3.txt,172,20,1
pretrain_pass3.txt,172,10,105
pretrain_pass3.txt,172,50,1
pretrain_pass3.txt,172,88,1
pretrain_pass3.txt,173,23,1
pretrain_pass3.txt,173,7,1
pretrain_pass3.txt,173, |,10
pretrain_pass3.txt,173,|,10
pretrain_pass3.txt,173, 1,1
pretrain_pass3.txt,173,3,1
pretrain_pass3.txt,173,5,1
pretrain_pass3.txt,173, 2,1
pretrain_pass3.txt,173,2,1
pretrain_pass3.txt,173,4,1
pretrain_pass3.txt,173, 3,1
pretrain_pass3.txt,173,8,1
pretrain_pass3.txt,173,6,1
pretrain_pass3.txt,173, 4,1
pretrain_pass3.txt,173,1,1
pretrain_pass3.txt,173,9,1
pretrain_pass3.txt,173, 5,1
pretrain_pass3.txt,173,10,1
pretrain_pass3.txt,173, 6,1
pretrain_pass3.txt,173,0,1
pretrain_pass3.txt,173, 7,1
pretrain_pass3.txt,173,20,1
pretrain_pass3.txt,173, 9,1
pretrain_pass3.txt,173,30,1
pretrain_pass3.txt,173, 8,1
pretrain_pass3.txt,173,00,1
pretrain_pass3.txt,173, 11,1
pretrain_pass3.txt,173,50,1
pretrain_pass3.txt,174,23,1
pretrain_pass3.txt,174,9,2
pretrain_pass3.txt,174, |,323
pretrain_pass3.txt,174,|,337
pretrain_pass3.txt,174,2,5
pretrain_pass3.txt,174,8,276
pretrain_pass3.txt,174,1,319
pretrain_pass3.txt,174,3,3
pretrain_pass3.txt,174,4,228
pretrain_pass3.txt,174,6,4
pretrain_pass3.txt,174,5,13
pretrain_pass3.txt,174,7,2
pretrain_pass3.txt,174,0,1
pretrain_pass3.txt,174,30,2
pretrain_pass3.txt,174,20,1
pretrain_pass3.txt,174,22,1
pretrain_pass3.txt,174,10,1
pretrain_pass3.txt,174,12,2
pretrain_pass3.txt,174,50,1
pretrain_pass3.txt,174,00,1
pretrain_pass3.txt,174,88,1
pretrain_pass3.txt,174,201,1
pretrain_pass3.txt,174,||,1
pretrain_pass3.txt,174,C,1
pretrain_pass3.txt,174,h,1
pretrain_pass3.txt,174,in,1
pretrain_pass3.txt,174,es,1
pretrain_pass3.txt,174,e,1
pretrain_pass3.txt,174, C,1
pretrain_pass3.txt,174,ity,1
pretrain_pass3.txt,174, of,1
pretrain_pass3.txt,174, B,1
pretrain_pass3.txt,174,at,1
pretrain_pass3.txt,174,t,1
pretrain_pass3.txt,174,am,1
pretrain_pass3.txt,174,b,1
pretrain_pass3.txt,174,ang,1
pretrain_pass3.txt,174, A,1
pretrain_pass3.txt,174,ir,1
pretrain_pass3.txt,174,p,1
pretrain_pass3.txt,174,ort,1
pretrain_pass3.txt,174, (,1
pretrain_pass3.txt,174,B,1
pretrain_pass3.txt,174,R,1
pretrain_pass3.txt,174,I,1
pretrain_pass3.txt,174,),1
pretrain_pass3.txt,174,",",1
pretrain_pass3.txt,174, S,1
pretrain_pass3.txt,174,ou,1
pretrain_pass3.txt,174,th,1
pretrain_pass3.txt,174,ern,1
pretrain_pass3.txt,174, T,1
pretrain_pass3.txt,174,ex,1
pretrain_pass3.txt,174,as,1
pretrain_pass3.txt,174,.,1
pretrain_pass3.txt,174, 1,1
pretrain_pass3.txt,174,·,1
pretrain_pass3.txt,174,000,1
pretrain_pass3.txt,174, 9,1
pretrain_pass3.txt,174, 12,1
pretrain_pass3.txt,174, 10,1
pretrain_pass3.txt,174, 0,1
pretrain_pass3.txt,175,23,1
pretrain_pass3.txt,175,8,1
pretrain_pass3.txt,175, |,280
pretrain_pass3.txt,175,|,280
pretrain_pass3.txt,175,4,3
pretrain_pass3.txt,175,0,1
pretrain_pass3.txt,175,9,1
pretrain_pass3.txt,175,3,2
pretrain_pass3.txt,175,6,1
pretrain_pass3.txt,175,2,4
pretrain_pass3.txt,175,5,274
pretrain_pass3.txt,175,1,517
pretrain_pass3.txt,175,7,3
pretrain_pass3.txt,175,10,1
pretrain_pass3.txt,175,20,1
pretrain_pass3.txt,175,50,1
pretrain_pass3.txt,175,12,1
pretrain_pass3.txt,175,30,1
pretrain_pass3.txt,175,22,1
pretrain_pass3.txt,175,00,1
pretrain_pass3.txt,175,88,1
pretrain_pass3.txt,175,||,1
pretrain_pass3.txt,176,23,1
pretrain_pass3.txt,176,8,1
pretrain_pass3.txt,176, |,253
pretrain_pass3.txt,176,|,253
pretrain_pass3.txt,176,1,247
pretrain_pass3.txt,176,6,2
pretrain_pass3.txt,176,9,2
pretrain_pass3.txt,176,2,4
pretrain_pass3.txt,176,4,477
pretrain_pass3.txt,176,0,1
pretrain_pass3.txt,176,3,4
pretrain_pass3.txt,176,7,1
pretrain_pass3.txt,176,5,5
pretrain_pass3.txt,176,30,1
pretrain_pass3.txt,176,10,1
pretrain_pass3.txt,176,12,1
pretrain_pass3.txt,176,20,1
pretrain_pass3.txt,176,00,1
pretrain_pass3.txt,176,50,1
pretrain_pass3.txt,176,88,1
pretrain_pass3.txt,176,22,1
pretrain_pass3.txt,177,23,1
pretrain_pass3.txt,177,9,4
pretrain_pass3.txt,177, |,48
pretrain_pass3.txt,177,|,48
pretrain_pass3.txt,177,4,29
pretrain_pass3.txt,177,3,7
pretrain_pass3.txt,177,8,4
pretrain_pass3.txt,177,5,8
pretrain_pass3.txt,177,1,13
pretrain_pass3.txt,177,7,51
pretrain_pass3.txt,177,6,3
pretrain_pass3.txt,177,0,2
pretrain_pass3.txt,177,2,8
pretrain_pass3.txt,177,50,1
pretrain_pass3.txt,177,30,1
pretrain_pass3.txt,177,10,1
pretrain_pass3.txt,177,12,1
pretrain_pass3.txt,177,22,1
pretrain_pass3.txt,177,20,1
pretrain_pass3.txt,177,00,1
pretrain_pass3.txt,177,88,1
pretrain_pass3.txt,178,23,1
pretrain_pass3.txt,178,9,1
pretrain_pass3.txt,178, |,1
pretrain_pass3.txt,178,|,1
pretrain_pass3.txt,178,1,1
pretrain_pass3.txt,178,4,1
pretrain_pass3.txt,178,3,1
pretrain_pass3.txt,178,||,1
pretrain_pass3.txt,179,23,2
pretrain_pass3.txt,179,9,1
pretrain_pass3.txt,179, |,3
pretrain_pass3.txt,179,|,3
pretrain_pass3.txt,179,1,1
pretrain_pass3.txt,179,4,1
pretrain_pass3.txt,179,3,1
pretrain_pass3.txt,179,||,2
pretrain_pass3.txt,179, (,1
pretrain_pass3.txt,179,),1
pretrain_pass3.txt,179,8,1
pretrain_pass3.txt,179,12,1
pretrain_pass3.txt,179,5,1
pretrain_pass3.txt,179,/,1
pretrain_pass3.txt,179,-,2
pretrain_pass3.txt,180,23,1
pretrain_pass3.txt,180,9,1
pretrain_pass3.txt,180, |,1
pretrain_pass3.txt,180,|,1
pretrain_pass3.txt,180,4,1
pretrain_pass3.txt,180,3,1
pretrain_pass3.txt,180,7,1
pretrain_pass3.txt,181,23,1
pretrain_pass3.txt,181, |,255
pretrain_pass3.txt,181,|,255
pretrain_pass3.txt,181, 1,241
pretrain_pass3.txt,181,4,237
pretrain_pass3.txt,181, 2,1
pretrain_pass3.txt,181,2,1
pretrain_pass3.txt,181, 3,1
pretrain_pass3.txt,181,3,5
pretrain_pass3.txt,181, 19,1
pretrain_pass3.txt,181, 4,1
pretrain_pass3.txt,181,8,7
pretrain_pass3.txt,181, 20,1
pretrain_pass3.txt,181, 5,1
pretrain_pass3.txt,181,9,6
pretrain_pass3.txt,181, 6,1
pretrain_pass3.txt,181,0,210
pretrain_pass3.txt,181, 7,1
pretrain_pass3.txt,181,6,4
pretrain_pass3.txt,181, 8,1
pretrain_pass3.txt,181,1,2
pretrain_pass3.txt,181, 9,1
pretrain_pass3.txt,181,7,6
pretrain_pass3.txt,181, 12,1
pretrain_pass3.txt,181,5,3
pretrain_pass3.txt,181, 10,1
pretrain_pass3.txt,181, 11,1
pretrain_pass3.txt,181,30,1
pretrain_pass3.txt,181, 15,1
pretrain_pass3.txt,181,50,1
pretrain_pass3.txt,181,20,1
pretrain_pass3.txt,181,88,1
pretrain_pass3.txt,181,10,1
pretrain_pass3.txt,181,00,1
pretrain_pass3.txt,182,23,1
pretrain_pass3.txt,182,9,1
pretrain_pass3.txt,182, |,12
pretrain_pass3.txt,182,|,12
pretrain_pass3.txt,182,1,6
pretrain_pass3.txt,182,7,1
pretrain_pass3.txt,182,4,2
pretrain_pass3.txt,182,2,2
pretrain_pass3.txt,182,5,1
pretrain_pass3.txt,182,6,1
pretrain_pass3.txt,182,3,1
pretrain_pass3.txt,182,8,2
pretrain_pass3.txt,182,0,1
pretrain_pass3.txt,182,30,1
pretrain_pass3.txt,182,10,1
pretrain_pass3.txt,182,12,1
pretrain_pass3.txt,182,22,1
pretrain_pass3.txt,182,88,1
pretrain_pass3.txt,182,20,1
pretrain_pass3.txt,182,50,1
pretrain_pass3.txt,182,00,1
pretrain_pass3.txt,182,000,1
pretrain_pass3.txt,182,",000",1
pretrain_pass3.txt,183,23,1
pretrain_pass3.txt,183,8,3
pretrain_pass3.txt,183, |,387
pretrain_pass3.txt,183,|,388
pretrain_pass3.txt,183,4,7
pretrain_pass3.txt,183,6,3
pretrain_pass3.txt,183,2,3
pretrain_pass3.txt,183,5,4
pretrain_pass3.txt,183,7,380
pretrain_pass3.txt,183,9,3
pretrain_pass3.txt,183,3,2
pretrain_pass3.txt,183,1,5
pretrain_pass3.txt,183,30,1
pretrain_pass3.txt,183,0,320
pretrain_pass3.txt,183,10,1
pretrain_pass3.txt,183,50,1
pretrain_pass3.txt,183,12,1
pretrain_pass3.txt,183,20,1
pretrain_pass3.txt,183,00,1
pretrain_pass3.txt,183,22,1
pretrain_pass3.txt,183,",",1
pretrain_pass3.txt,183,88,1
pretrain_pass3.txt,183,||,1
pretrain_pass3.txt,183, 7,1
pretrain_pass3.txt,183, 8,1
pretrain_pass3.txt,183, 9,1
pretrain_pass3.txt,183, 10,1
pretrain_pass3.txt,184,+,2
pretrain_pass3.txt,184,|,3
pretrain_pass3.txt,184, |,1
pretrain_pass3.txt,184, (,1
pretrain_pass3.txt,184,P,1
pretrain_pass3.txt,184,F,1
pretrain_pass3.txt,184,M,1
pretrain_pass3.txt,184,),1
pretrain_pass3.txt,184,||,1
pretrain_pass3.txt,185,23,1
pretrain_pass3.txt,185,7,3
pretrain_pass3.txt,185, |,554
pretrain_pass3.txt,185,|,559
pretrain_pass3.txt,185,3,3
pretrain_pass3.txt,185,9,1
pretrain_pass3.txt,185,6,2
pretrain_pass3.txt,185,4,4
pretrain_pass3.txt,185,0,1
pretrain_pass3.txt,185,8,10
pretrain_pass3.txt,185,1,14
pretrain_pass3.txt,185,30,10
pretrain_pass3.txt,185,5,1
pretrain_pass3.txt,185,10,2
pretrain_pass3.txt,185,2,1
pretrain_pass3.txt,185,12,1
pretrain_pass3.txt,185,||,1
pretrain_pass3.txt,185,88,1
pretrain_pass3.txt,185,",",1
pretrain_pass3.txt,185,00,1
pretrain_pass3.txt,185,20,1
pretrain_pass3.txt,185,50,1
pretrain_pass3.txt,185,201,438
pretrain_pass3.txt,185, -,1
pretrain_pass3.txt,185, 1,1
pretrain_pass3.txt,185,:,1
pretrain_pass3.txt,186,23,1
pretrain_pass3.txt,186,1,3
pretrain_pass3.txt,186, |,22
pretrain_pass3.txt,186,|,22
pretrain_pass3.txt,186,4,4
pretrain_pass3.txt,186,7,1
pretrain_pass3.txt,186,2,15
pretrain_pass3.txt,186,3,3
pretrain_pass3.txt,186,5,6
pretrain_pass3.txt,186,8,1
pretrain_pass3.txt,186,0,1
pretrain_pass3.txt,186,9,15
pretrain_pass3.txt,186,6,2
pretrain_pass3.txt,186,10,1
pretrain_pass3.txt,186,30,1
pretrain_pass3.txt,186,12,1
pretrain_pass3.txt,186,22,1
pretrain_pass3.txt,186,20,1
pretrain_pass3.txt,186,00,1
pretrain_pass3.txt,186,201,1
pretrain_pass3.txt,186,50,1
pretrain_pass3.txt,186,88,1
pretrain_pass3.txt,187,23,1
pretrain_pass3.txt,187,8,1
pretrain_pass3.txt,187, |,2
pretrain_pass3.txt,187,|,2
pretrain_pass3.txt,187,88,1
pretrain_pass3.txt,187,2,1
pretrain_pass3.txt,187, 2,1
pretrain_pass3.txt,187,9,1
pretrain_pass3.txt,187,5,1
pretrain_pass3.txt,188,23,1
pretrain_pass3.txt,188,1,2
pretrain_pass3.txt,188, |,12
pretrain_pass3.txt,188,|,12
pretrain_pass3.txt,188, 0,1
pretrain_pass3.txt,188,2,1
pretrain_pass3.txt,188,6,1
pretrain_pass3.txt,188, 1,1
pretrain_pass3.txt,188,4,1
pretrain_pass3.txt,188,9,1
pretrain_pass3.txt,188, 2,1
pretrain_pass3.txt,188,8,1
pretrain_pass3.txt,188,0,1
pretrain_pass3.txt,188, 3,1
pretrain_pass3.txt,188,5,1
pretrain_pass3.txt,188,7,1
pretrain_pass3.txt,188, 19,1
pretrain_pass3.txt,188,3,1
pretrain_pass3.txt,188, 4,1
pretrain_pass3.txt,188,50,1
pretrain_pass3.txt,188, 5,1
pretrain_pass3.txt,188,00,1
pretrain_pass3.txt,188, 6,1
pretrain_pass3.txt,188,20,1
pretrain_pass3.txt,188, 8,1
pretrain_pass3.txt,188,30,1
pretrain_pass3.txt,188, 7,1
pretrain_pass3.txt,188,10,1
pretrain_pass3.txt,188, 9,1
pretrain_pass3.txt,188, 10,1
pretrain_pass3.txt,188,88,1
pretrain_pass3.txt,189,23,1
pretrain_pass3.txt,189,",",1
pretrain_pass3.txt,189,1,1
pretrain_pass3.txt,189,9,1
pretrain_pass3.txt,189,7,1
pretrain_pass3.txt,189, |,13
pretrain_pass3.txt,189,-,1
pretrain_pass3.txt,189,|,4
pretrain_pass3.txt,189, 1,1
pretrain_pass3.txt,189,4,1
pretrain_pass3.txt,189,0,1
pretrain_pass3.txt,189,8,2
pretrain_pass3.txt,189, 15,1
pretrain_pass3.txt,189,6,1
pretrain_pass3.txt,189,3,1
pretrain_pass3.txt,189, (,1
pretrain_pass3.txt,189,.,4
pretrain_pass3.txt,189,),1
pretrain_pass3.txt,189, 2,1
pretrain_pass3.txt,189,5,1
pretrain_pass3.txt,189,2,1
pretrain_pass3.txt,189,||,1
pretrain_pass3.txt,189,/,2
pretrain_pass3.txt,190,23,1
pretrain_pass3.txt,190,1,1
pretrain_pass3.txt,190, |,474
pretrain_pass3.txt,190,|,474
pretrain_pass3.txt,190,2,1
pretrain_pass3.txt,190,4,1
pretrain_pass3.txt,190,6,1
pretrain_pass3.txt,190,3,1
pretrain_pass3.txt,190,8,1
pretrain_pass3.txt,190,9,375
pretrain_pass3.txt,190,0,1
pretrain_pass3.txt,190,5,1
pretrain_pass3.txt,190,7,1
pretrain_pass3.txt,190,30,1
pretrain_pass3.txt,190,10,1
pretrain_pass3.txt,190,20,1
pretrain_pass3.txt,190,00,1
pretrain_pass3.txt,190,201,376
pretrain_pass3.txt,190,12,1
pretrain_pass3.txt,190,50,1
pretrain_pass3.txt,191,23,1
pretrain_pass3.txt,191, |,72
pretrain_pass3.txt,191,|,72
pretrain_pass3.txt,191,1,63
pretrain_pass3.txt,191,4,1
pretrain_pass3.txt,191,3,1
pretrain_pass3.txt,191,6,1
pretrain_pass3.txt,191,2,1
pretrain_pass3.txt,191,8,1
pretrain_pass3.txt,191,0,1
pretrain_pass3.txt,191,9,1
pretrain_pass3.txt,191,7,1
pretrain_pass3.txt,191,5,58
pretrain_pass3.txt,191,10,1
pretrain_pass3.txt,191,12,1
pretrain_pass3.txt,191,30,1
pretrain_pass3.txt,191,88,1
pretrain_pass3.txt,191,20,1
pretrain_pass3.txt,191,50,1
pretrain_pass3.txt,191,00,58
pretrain_pass3.txt,191,000,1
pretrain_pass3.txt,191,",000",2
pretrain_pass3.txt,191,",",57
pretrain_pass3.txt,191, 1,1
pretrain_pass3.txt,192,23,1
pretrain_pass3.txt,192,9,9
pretrain_pass3.txt,192, |,248
pretrain_pass3.txt,192,|,248
pretrain_pass3.txt,192, 2,1
pretrain_pass3.txt,192,2,211
pretrain_pass3.txt,192,5,1
pretrain_pass3.txt,192, 1,232
pretrain_pass3.txt,192,4,4
pretrain_pass3.txt,192,8,1
pretrain_pass3.txt,192, 3,1
pretrain_pass3.txt,192,3,1
pretrain_pass3.txt,192,6,1
pretrain_pass3.txt,192, 4,1
pretrain_pass3.txt,192,7,231
pretrain_pass3.txt,192,1,2
pretrain_pass3.txt,192, 20,1
pretrain_pass3.txt,192,0,1
pretrain_pass3.txt,192, 6,1
pretrain_pass3.txt,192,10,1
pretrain_pass3.txt,192, 5,1
pretrain_pass3.txt,192,12,1
pretrain_pass3.txt,192, 7,1
pretrain_pass3.txt,192,20,1
pretrain_pass3.txt,192, 8,1
pretrain_pass3.txt,192,50,1
pretrain_pass3.txt,192, 9,1
pretrain_pass3.txt,192,30,1
pretrain_pass3.txt,192, 10,1
pretrain_pass3.txt,192,",",237
pretrain_pass3.txt,192,00,1
pretrain_pass3.txt,192, 11,1
pretrain_pass3.txt,192, 12,1
pretrain_pass3.txt,192,88,1
pretrain_pass3.txt,192, 15,1
pretrain_pass3.txt,192,22,1
pretrain_pass3.txt,192, 19,1
pretrain_pass3.txt,192, 0,1
pretrain_pass3.txt,192, 24,1
pretrain_pass3.txt,192,||,1
pretrain_pass3.txt,192,.,1
pretrain_pass3.txt,193,23,1
pretrain_pass3.txt,193,8,1
pretrain_pass3.txt,193, |,1
pretrain_pass3.txt,193,|,1
pretrain_pass3.txt,193,1,1
pretrain_pass3.txt,193,4,1
pretrain_pass3.txt,193,9,1
pretrain_pass3.txt,194,23,1
pretrain_pass3.txt,194,9,1
pretrain_pass3.txt,194, |,1
pretrain_pass3.txt,194,|,1
pretrain_pass3.txt,194, 0,1
pretrain_pass3.txt,194,1,1
pretrain_pass3.txt,194,7,1
pretrain_pass3.txt,195,23,1
pretrain_pass3.txt,195, |,11
pretrain_pass3.txt,195,|,11
pretrain_pass3.txt,195, 1,1
pretrain_pass3.txt,195,4,1
pretrain_pass3.txt,195,8,1
pretrain_pass3.txt,195, 2,1
pretrain_pass3.txt,195,1,1
pretrain_pass3.txt,195,9,2
pretrain_pass3.txt,195, 19,1
pretrain_pass3.txt,195,6,2
pretrain_pass3.txt,195, 20,1
pretrain_pass3.txt,195,7,1
pretrain_pass3.txt,195, 3,1
pretrain_pass3.txt,195,0,1
pretrain_pass3.txt,195, 4,1
pretrain_pass3.txt,195,3,1
pretrain_pass3.txt,195, 5,1
pretrain_pass3.txt,195,2,1
pretrain_pass3.txt,195, 6,1
pretrain_pass3.txt,195,5,1
pretrain_pass3.txt,195, 7,1
pretrain_pass3.txt,195, 8,1
pretrain_pass3.txt,195,10,1
pretrain_pass3.txt,195, 9,1
pretrain_pass3.txt,196,23,1
pretrain_pass3.txt,196, |,381
pretrain_pass3.txt,196,|,385
pretrain_pass3.txt,196,1,330
pretrain_pass3.txt,196,6,216
pretrain_pass3.txt,196,3,3
pretrain_pass3.txt,196,7,2
pretrain_pass3.txt,196,4,1
pretrain_pass3.txt,196,8,1
pretrain_pass3.txt,196,5,2
pretrain_pass3.txt,196,9,1
pretrain_pass3.txt,196,0,1
pretrain_pass3.txt,196,2,8
pretrain_pass3.txt,196,50,1
pretrain_pass3.txt,196,12,1
pretrain_pass3.txt,196,10,1
pretrain_pass3.txt,196,00,214
pretrain_pass3.txt,196,30,1
pretrain_pass3.txt,196,20,1
pretrain_pass3.txt,196,000,1
pretrain_pass3.txt,196,",000",1
pretrain_pass3.txt,196,",",214
pretrain_pass3.txt,196,22,1
pretrain_pass3.txt,196, 1,1
pretrain_pass3.txt,196,||,3
pretrain_pass3.txt,196,.,1
pretrain_pass3.txt,196,<,1
pretrain_pass3.txt,196,+,1
pretrain_pass3.txt,196, 15,1
pretrain_pass3.txt,197,23,1
pretrain_pass3.txt,197,8,1
pretrain_pass3.txt,197, |,9
pretrain_pass3.txt,197,|,9
pretrain_pass3.txt,197,1,1
pretrain_pass3.txt,197,4,3
pretrain_pass3.txt,197,9,1
pretrain_pass3.txt,197,3,1
pretrain_pass3.txt,197,2,1
pretrain_pass3.txt,197,6,1
pretrain_pass3.txt,197,10,2
pretrain_pass3.txt,197,7,1
pretrain_pass3.txt,197,0,1
pretrain_pass3.txt,197,5,3
pretrain_pass3.txt,197,30,1
pretrain_pass3.txt,197,12,1
pretrain_pass3.txt,197,20,1
pretrain_pass3.txt,197,50,1
pretrain_pass3.txt,197,201,1
pretrain_pass3.txt,197,||,1
pretrain_pass3.txt,197, 2,1
pretrain_pass3.txt,197,.,5
pretrain_pass3.txt,197, (,1
pretrain_pass3.txt,197,),1
pretrain_pass3.txt,197, 3,1
pretrain_pass3.txt,197,",",1
pretrain_pass3.txt,197,%,1
pretrain_pass3.txt,197, 4,1
pretrain_pass3.txt,197, 5,1
pretrain_pass3.txt,197, 6,1
pretrain_pass3.txt,197, -,101
pretrain_pass3.txt,197,-,1
pretrain_pass3.txt,198,23,1
pretrain_pass3.txt,198,9,1
pretrain_pass3.txt,198, |,1
pretrain_pass3.txt,198,|,1
pretrain_pass3.txt,198, 0,1
pretrain_pass3.txt,198,1,1
pretrain_pass3.txt,198,8,1
pretrain_pass3.txt,199,23,1
pretrain_pass3.txt,199, |,1
pretrain_pass3.txt,199,|,1
pretrain_pass3.txt,199, 0,1
pretrain_pass3.txt,199,9,1
pretrain_pass3.txt,199,6,1
pretrain_pass3.txt,199, 8,1
pretrain_pass3.txt,199,7,1
pretrain_pass3.txt,199,8,1
pretrain_pass3.txt,199, 3,1
pretrain_pass3.txt,199,4,1
pretrain_pass3.txt,199,1,1
pretrain_pass3.txt,200,23,1
pretrain_pass3.txt,200,-,31
pretrain_pass3.txt,200,J,2
pretrain_pass3.txt,200,an,1
pretrain_pass3.txt,200,201,2
pretrain_pass3.txt,200,7,1
pretrain_pass3.txt,200, 8,1
pretrain_pass3.txt,200,:,3
pretrain_pass3.txt,200,5,1
pretrain_pass3.txt,200,2,1
pretrain_pass3.txt,200,am,1
pretrain_pass3.txt,200,.,1
pretrain_pass3.txt,200,...,1
pretrain_pass3.txt,200,?,2
pretrain_pass3.txt,200, 0,2
pretrain_pass3.txt,200,1,4
pretrain_pass3.txt,200,un,1
pretrain_pass3.txt,200,6,1
pretrain_pass3.txt,200, 7,1
pretrain_pass3.txt,200,4,1
pretrain_pass3.txt,200,9,2
pretrain_pass3.txt,200, p,1
pretrain_pass3.txt,200,m,1
pretrain_pass3.txt,200, (,1
pretrain_pass3.txt,200,F,1
pretrain_pass3.txt,200,re,1
pretrain_pass3.txt,200,e,1
pretrain_pass3.txt,200, Tr,1
pretrain_pass3.txt,200,ad,1
pretrain_pass3.txt,200,ing,1
pretrain_pass3.txt,200, C,1
pretrain_pass3.txt,200,or,1
pretrain_pass3.txt,200,rid,1
pretrain_pass3.txt,200,),1
pretrain_pass3.txt,200, ...,1
pretrain_pass3.txt,200, «,1
pretrain_pass3.txt,200,»,1
pretrain_pass3.txt,200, 2,1
pretrain_pass3.txt,200,8,2
pretrain_pass3.txt,200,M,10
pretrain_pass3.txt,200,ay,2
pretrain_pass3.txt,200,20,1
pretrain_pass3.txt,200,22,1
pretrain_pass3.txt,200, 1,1
pretrain_pass3.txt,200,3,1
pretrain_pass3.txt,200,0,1
pretrain_pass3.txt,200, T,2
pretrain_pass3.txt,200,el,1
pretrain_pass3.txt,200,eg,1
pretrain_pass3.txt,200,ram,1
pretrain_pass3.txt,200,od,1
pretrain_pass3.txt,200, 3,1
pretrain_pass3.txt,200,ar,9
pretrain_pass3.txt,200,2023,11
pretrain_pass3.txt,200, 4,1
pretrain_pass3.txt,200, 5,1
pretrain_pass3.txt,200, 10,1
pretrain_pass3.txt,200, 12,1
pretrain_pass3.txt,200,!,1
pretrain_pass3.txt,200, 11,1
pretrain_pass3.txt,200,A,1
pretrain_pass3.txt,200,p,1
pretrain_pass3.txt,200,r,1
pretrain_pass3.txt,200,N,1
pretrain_pass3.txt,200,ov,1
pretrain_pass3.txt,200, A,1
pretrain_pass3.txt,200,C,1
pretrain_pass3.txt,200, 20,1
pretrain_pass3.txt,200, 24,1
pretrain_pass3.txt,200, 15,1
pretrain_pass3.txt,200,",",2
pretrain_pass3.txt,200, 19,1
